1;0;0;0;0;0;0;0;0;0;0;210.34;27
1;1;0;0;0;0;0;0;0;0;0;201.15;26
1;0;1;0;1;0;0;0;0;0;0;202.23;26
1;1;1;0;1;0;0;0;0;0;0;204.05;26
1;0;0;1;0;0;0;0;0;0;0;199.95;26
1;0;1;1;1;0;0;0;0;0;0;203.18;26
1;1;0;1;0;0;0;0;0;0;0;201.52;26
1;1;1;1;1;0;0;0;0;0;0;204.99;26
1;0;0;0;1;0;0;0;0;0;0;200.66;27
1;1;0;0;1;0;0;0;0;0;0;202.39;26
1;0;0;1;1;0;0;0;0;0;0;201.9;26
1;1;0;1;1;0;0;0;0;0;0;203.64;26
1;0;1;0;1;0;0;0;0;0;0;204.18;26
1;0;1;1;1;0;0;0;0;0;0;205.13;26
1;1;1;0;1;0;0;0;0;0;0;205.99;26
1;1;1;1;1;0;0;0;0;0;0;206.9;26
1;0;0;0;0;1;0;0;0;0;0;200.38;29
1;1;0;0;0;1;0;0;0;0;0;201.83;29
1;0;1;0;1;1;0;0;0;0;0;203.53;29
1;1;1;0;1;1;0;0;0;0;0;205.21;29
1;0;0;0;1;1;0;0;0;0;0;202.06;29
1;0;1;0;1;1;0;0;0;0;0;205.36;29
1;1;0;0;1;1;0;0;0;0;0;203.98;29
1;1;1;0;1;1;0;0;0;0;0;207.12;29
1;0;0;1;0;1;0;0;0;0;0;201.47;29
1;1;0;1;0;1;0;0;0;0;0;203.19;29
1;0;0;1;1;1;0;0;0;0;0;203.19;29
1;1;0;1;1;1;0;0;0;0;0;204.96;29
1;0;1;1;1;1;0;0;0;0;0;204.73;29
1;0;1;1;1;1;0;0;0;0;0;206.43;29
1;1;1;1;1;1;0;0;0;0;0;206.35;29
1;1;1;1;1;1;0;0;0;0;0;208.05;29
1;0;0;0;0;0;1;0;0;0;0;199.68;29
1;1;0;0;0;0;1;0;0;0;0;201.55;29
1;0;1;0;1;0;1;0;0;0;0;202.93;29
1;1;1;0;1;0;1;0;0;0;0;204.69;29
1;0;0;1;0;0;1;0;0;0;0;200.82;29
1;0;1;1;1;0;1;0;0;0;0;204.05;29
1;1;0;1;0;0;1;0;0;0;0;202.69;29
1;1;1;1;1;0;1;0;0;0;0;205.95;29
1;0;0;0;0;1;1;0;0;0;0;200.92;29
1;1;0;0;0;1;1;0;0;0;0;202.94;29
1;0;0;1;0;1;1;0;0;0;0;201.97;29
1;1;0;1;0;1;1;0;0;0;0;203.93;29
1;0;1;0;1;1;1;0;0;0;0;204.29;29
1;0;1;1;1;1;1;0;0;0;0;205.47;29
1;1;1;0;1;1;1;0;0;0;0;206.23;29
1;1;1;1;1;1;1;0;0;0;0;207.23;29
1;0;0;0;1;0;1;0;0;0;0;201.7;29
1;1;0;0;1;0;1;0;0;0;0;203.56;29
1;0;1;0;1;0;1;0;0;0;0;205.09;29
1;1;1;0;1;0;1;0;0;0;0;206.62;29
1;0;0;0;1;1;1;0;0;0;0;202.81;29
1;0;1;0;1;1;1;0;0;0;0;206.12;29
1;1;0;0;1;1;1;0;0;0;0;204.96;29
1;1;1;0;1;1;1;0;0;0;0;207.89;29
1;0;0;1;1;0;1;0;0;0;0;202.68;29
1;1;0;1;1;0;1;0;0;0;0;204.51;29
1;0;0;1;1;1;1;0;0;0;0;203.86;29
1;1;0;1;1;1;1;0;0;0;0;205.74;29
1;0;1;1;1;0;1;0;0;0;0;205.71;29
1;0;1;1;1;1;1;0;0;0;0;207.1;29
1;1;1;1;1;0;1;0;0;0;0;207.65;29
1;1;1;1;1;1;1;0;0;0;0;208.92;29
1;0;0;0;0;0;0;1;0;0;0;207.75;15
1;1;0;0;0;0;0;1;0;0;0;209.7;15
1;0;1;0;1;0;0;1;0;0;0;211.39;14
1;1;1;0;1;0;0;1;0;0;0;213.18;13
1;0;0;1;0;0;0;1;0;0;0;208.37;15
1;0;1;1;1;0;0;1;0;0;0;212.94;14
1;1;0;1;0;0;0;1;0;0;0;210.24;14
1;1;1;1;1;0;0;1;0;0;0;214.72;13
1;0;0;0;1;0;0;1;0;0;0;210.71;15
1;1;0;0;1;0;0;1;0;0;0;212.52;15
1;0;0;1;1;0;0;1;0;0;0;211.19;14
1;1;0;1;1;0;0;1;0;0;0;212.94;14
1;0;1;0;1;0;0;1;0;0;0;214.25;14
1;0;1;1;1;0;0;1;0;0;0;215.85;14
1;1;1;0;1;0;0;1;0;0;0;215.88;14
1;1;1;1;1;0;0;1;0;0;0;217.29;14
1;0;0;0;0;0;1;1;0;0;0;208.99;15
1;1;0;0;0;0;1;1;0;0;0;211.27;15
1;0;1;0;1;0;1;1;0;0;0;212.93;14
1;1;1;0;1;0;1;1;0;0;0;214.34;14
1;0;0;0;1;0;1;1;0;0;0;211.59;15
1;0;1;0;1;0;1;1;0;0;0;215.31;14
1;1;0;0;1;0;1;1;0;0;0;213.85;15
1;1;1;0;1;0;1;1;0;0;0;216.84;14
1;0;0;1;0;0;1;1;0;0;0;209.84;14
1;1;0;1;0;0;1;1;0;0;0;211.59;15
1;0;0;1;1;0;1;1;0;0;0;212.45;15
1;1;0;1;1;0;1;1;0;0;0;214.15;15
1;0;1;1;1;0;1;1;0;0;0;214.31;14
1;0;1;1;1;0;1;1;0;0;0;216.91;14
1;1;1;1;1;0;1;1;0;0;0;215.74;14
1;1;1;1;1;0;1;1;0;0;0;218.15;14
1;0;0;0;0;1;0;1;0;0;0;209.58;15
1;1;0;0;0;1;0;1;0;0;0;211.74;15
1;0;1;0;1;1;0;1;0;0;0;213.6;14
1;1;1;0;1;1;0;1;0;0;0;214.89;14
1;0;0;1;0;1;0;1;0;0;0;211.0;14
1;0;1;1;1;1;0;1;0;0;0;215.01;14
1;1;0;1;0;1;0;1;0;0;0;212.05;15
1;1;1;1;1;1;0;1;0;0;0;216.37;14
1;0;0;0;0;1;1;1;0;0;0;210.51;15
1;1;0;0;0;1;1;1;0;0;0;212.71;15
1;0;0;1;0;1;1;1;0;0;0;211.48;14
1;1;0;1;0;1;1;1;0;0;0;213.1;15
1;0;1;0;1;1;1;1;0;0;0;214.41;14
1;0;1;1;1;1;1;1;0;0;0;215.73;14
1;1;1;0;1;1;1;1;0;0;0;215.95;14
1;1;1;1;1;1;1;1;0;0;0;217.24;14
1;0;0;0;1;1;0;1;0;0;0;212.44;15
1;1;0;0;1;1;0;1;0;0;0;214.38;15
1;0;1;0;1;1;0;1;0;0;0;215.94;14
1;1;1;0;1;1;0;1;0;0;0;217.47;14
1;0;0;0;1;1;1;1;0;0;0;213.41;15
1;0;1;0;1;1;1;1;0;0;0;216.92;14
1;1;0;0;1;1;1;1;0;0;0;215.37;15
1;1;1;0;1;1;1;1;0;0;0;218.23;14
1;0;0;1;1;1;0;1;0;0;0;213.0;15
1;1;0;1;1;1;0;1;0;0;0;214.48;15
1;0;0;1;1;1;1;1;0;0;0;214.05;15
1;1;0;1;1;1;1;1;0;0;0;215.47;14
1;0;1;1;1;1;0;1;0;0;0;217.29;14
1;0;1;1;1;1;1;1;0;0;0;218.32;14
1;1;1;1;1;1;0;1;0;0;0;218.62;14
1;1;1;1;1;1;1;1;0;0;0;219.64;14
1;0;0;0;0;0;0;0;1;0;0;216.4;29
1;1;0;0;0;0;0;0;1;0;0;218.82;29
1;0;1;0;1;0;0;0;1;0;0;219.28;29
1;1;1;0;1;0;0;0;1;0;0;221.38;29
1;0;0;1;0;0;0;0;1;0;0;217.29;29
1;0;1;1;1;0;0;0;1;0;0;220.4;29
1;1;0;1;0;0;0;0;1;0;0;219.39;29
1;1;1;1;1;0;0;0;1;0;0;222.43;29
1;0;0;0;1;0;0;0;1;0;0;218.1;29
1;1;0;0;1;0;0;0;1;0;0;220.42;29
1;0;0;1;1;0;0;0;1;0;0;218.89;29
1;1;0;1;1;0;0;0;1;0;0;221.17;29
1;0;1;0;1;0;0;0;1;0;0;221.01;29
1;0;1;1;1;0;0;0;1;0;0;222.09;29
1;1;1;0;1;0;0;0;1;0;0;223.3;29
1;1;1;1;1;0;0;0;1;0;0;224.07;29
1;0;0;0;0;1;0;0;1;0;0;217.7;29
1;1;0;0;0;1;0;0;1;0;0;219.97;29
1;0;1;0;1;1;0;0;1;0;0;220.39;29
1;1;1;0;1;1;0;0;1;0;0;222.52;29
1;0;0;0;1;1;0;0;1;0;0;219.33;29
1;0;1;0;1;1;0;0;1;0;0;222.19;29
1;1;0;0;1;1;0;0;1;0;0;221.73;29
1;1;1;0;1;1;0;0;1;0;0;224.18;29
1;0;0;1;0;1;0;0;1;0;0;218.56;29
1;1;0;1;0;1;0;0;1;0;0;220.57;29
1;0;0;1;1;1;0;0;1;0;0;220.21;29
1;1;0;1;1;1;0;0;1;0;0;222.27;29
1;0;1;1;1;1;0;0;1;0;0;221.26;29
1;0;1;1;1;1;0;0;1;0;0;223.07;29
1;1;1;1;1;1;0;0;1;0;0;223.29;29
1;1;1;1;1;1;0;0;1;0;0;224.95;29
1;0;0;0;0;0;0;1;1;0;0;224.49;18
1;1;0;0;0;0;0;1;1;0;0;227.01;18
1;0;1;0;1;0;0;1;1;0;0;227.4;18
1;1;1;0;1;0;0;1;1;0;0;229.28;18
1;0;0;1;0;0;0;1;1;0;0;224.99;19
1;0;1;1;1;0;0;1;1;0;0;228.65;19
1;1;0;1;0;0;0;1;1;0;0;227.15;19
1;1;1;1;1;0;0;1;1;0;0;230.54;18
1;0;0;0;0;1;0;1;1;0;0;226.13;18
1;1;0;0;0;1;0;1;1;0;0;228.65;19
1;0;0;1;0;1;0;1;1;0;0;226.57;19
1;1;0;1;0;1;0;1;1;0;0;228.47;18
1;0;1;0;1;1;0;1;1;0;0;229.07;19
1;0;1;1;1;1;0;1;1;0;0;230.47;19
1;1;1;0;1;1;0;1;1;0;0;230.79;18
1;1;1;1;1;1;0;1;1;0;0;232.12;18
1;0;0;0;1;0;0;1;1;0;0;226.88;18
1;1;0;0;1;0;0;1;1;0;0;229.19;18
1;0;1;0;1;0;0;1;1;0;0;229.64;19
1;1;1;0;1;0;0;1;1;0;0;231.39;18
1;0;0;0;1;1;0;1;1;0;0;228.27;18
1;0;1;0;1;1;0;1;1;0;0;231.25;19
1;1;0;0;1;1;0;1;1;0;0;230.77;19
1;1;1;0;1;1;0;1;1;0;0;232.76;18
1;0;0;1;1;0;0;1;1;0;0;227.19;19
1;1;0;1;1;0;0;1;1;0;0;229.12;19
1;0;0;1;1;1;0;1;1;0;0;228.86;19
1;1;0;1;1;1;0;1;1;0;0;230.69;18
1;0;1;1;1;0;0;1;1;0;0;230.94;19
1;0;1;1;1;1;0;1;1;0;0;232.29;19
1;1;1;1;1;0;0;1;1;0;0;232.52;18
1;1;1;1;1;1;0;1;1;0;0;234.08;18
1;0;0;0;0;0;1;0;1;0;0;217.09;29
1;1;0;0;0;0;1;0;1;0;0;219.4;29
1;0;1;0;1;0;1;0;1;0;0;219.75;29
1;1;1;0;1;0;1;0;1;0;0;221.78;29
1;0;0;1;0;0;1;0;1;0;0;217.9;29
1;0;1;1;1;0;1;0;1;0;0;220.86;29
1;1;0;1;0;0;1;0;1;0;0;219.91;29
1;1;1;1;1;0;1;0;1;0;0;222.82;29
1;0;0;0;1;0;1;0;1;0;0;218.73;29
1;1;0;0;1;0;1;0;1;0;0;221.06;29
1;0;0;1;1;0;1;0;1;0;0;219.63;29
1;1;0;1;1;0;1;0;1;0;0;221.62;29
1;0;1;0;1;0;1;0;1;0;0;221.44;29
1;0;1;1;1;0;1;0;1;0;0;222.37;29
1;1;1;0;1;0;1;0;1;0;0;223.42;29
1;1;1;1;1;0;1;0;1;0;0;224.33;29
1;0;0;0;0;0;1;1;1;0;0;225.34;18
1;1;0;0;0;0;1;1;1;0;0;227.75;18
1;0;1;0;1;0;1;1;1;0;0;228.26;18
1;1;1;0;1;0;1;1;1;0;0;230.08;19
1;0;0;0;1;0;1;1;1;0;0;227.73;18
1;0;1;0;1;0;1;1;1;0;0;230.57;18
1;1;0;0;1;0;1;1;1;0;0;230.14;18
1;1;1;0;1;0;1;1;1;0;0;232.14;19
1;0;0;1;0;0;1;1;1;0;0;225.8;18
1;1;0;1;0;0;1;1;1;0;0;227.53;19
1;0;0;1;1;0;1;1;1;0;0;227.99;18
1;1;0;1;1;0;1;1;1;0;0;229.95;19
1;0;1;1;1;0;1;1;1;0;0;229.56;18
1;0;1;1;1;0;1;1;1;0;0;231.69;18
1;1;1;1;1;0;1;1;1;0;0;231.21;19
1;1;1;1;1;0;1;1;1;0;0;233.28;19
1;0;0;0;0;1;1;0;1;0;0;218.12;29
1;1;0;0;0;1;1;0;1;0;0;220.37;29
1;0;1;0;1;1;1;0;1;0;0;220.8;29
1;1;1;0;1;1;1;0;1;0;0;222.9;29
1;0;0;1;0;1;1;0;1;0;0;219.08;29
1;0;1;1;1;1;1;0;1;0;0;221.86;29
1;1;0;1;0;1;1;0;1;0;0;220.98;29
1;1;1;1;1;1;1;0;1;0;0;223.77;29
1;0;0;0;0;1;1;1;1;0;0;226.75;18
1;1;0;0;0;1;1;1;1;0;0;229.3;18
1;0;0;1;0;1;1;1;1;0;0;227.29;18
1;1;0;1;0;1;1;1;1;0;0;228.97;19
1;0;1;0;1;1;1;1;1;0;0;229.68;18
1;0;1;1;1;1;1;1;1;0;0;230.82;18
1;1;1;0;1;1;1;1;1;0;0;231.2;19
1;1;1;1;1;1;1;1;1;0;0;232.66;19
1;0;0;0;1;1;1;0;1;0;0;219.87;29
1;1;0;0;1;1;1;0;1;0;0;222.16;29
1;0;1;0;1;1;1;0;1;0;0;222.56;29
1;1;1;0;1;1;1;0;1;0;0;224.51;29
1;0;0;0;1;1;1;1;1;0;0;229.21;18
1;0;1;0;1;1;1;1;1;0;0;231.77;18
1;1;0;0;1;1;1;1;1;0;0;231.33;18
1;1;1;0;1;1;1;1;1;0;0;233.28;19
1;0;0;1;1;1;1;0;1;0;0;220.82;29
1;1;0;1;1;1;1;0;1;0;0;222.63;29
1;0;0;1;1;1;1;1;1;0;0;229.55;18
1;1;0;1;1;1;1;1;1;0;0;231.16;19
1;0;1;1;1;1;1;0;1;0;0;223.52;29
1;0;1;1;1;1;1;1;1;0;0;232.96;18
1;1;1;1;1;1;1;0;1;0;0;225.16;29
1;1;1;1;1;1;1;1;1;0;0;234.68;19
1;0;0;0;0;0;0;0;0;1;0;219.15;29
1;1;0;0;0;0;0;0;0;1;0;224.43;29
1;0;1;0;1;0;0;0;0;1;0;223.68;29
1;1;1;0;1;0;0;0;0;1;0;227.85;29
1;0;0;1;0;0;0;0;0;1;0;221.33;29
1;0;1;1;1;0;0;0;0;1;0;224.73;29
1;1;0;1;0;0;0;0;0;1;0;225.62;29
1;1;1;1;1;0;0;0;0;1;0;229.17;28
1;0;0;0;1;0;0;0;0;1;0;221.25;29
1;1;0;0;1;0;0;0;0;1;0;226.5;29
1;0;0;1;1;0;0;0;0;1;0;223.49;29
1;1;0;1;1;0;0;0;0;1;0;227.78;29
1;0;1;0;1;0;0;0;0;1;0;225.5;29
1;0;1;1;1;0;0;0;0;1;0;226.57;29
1;1;1;0;1;0;0;0;0;1;0;229.79;29
1;1;1;1;1;0;0;0;0;1;0;230.74;29
1;0;0;0;0;1;0;0;0;1;0;222.24;29
1;1;0;0;0;1;0;0;0;1;0;227.39;29
1;0;1;0;1;1;0;0;0;1;0;225.41;28
1;1;1;0;1;1;0;0;0;1;0;229.68;28
1;0;0;0;1;1;0;0;0;1;0;224.34;29
1;0;1;0;1;1;0;0;0;1;0;227.18;29
1;1;0;0;1;1;0;0;0;1;0;229.24;28
1;1;1;0;1;1;0;0;0;1;0;231.34;28
1;0;0;1;0;1;0;0;0;1;0;223.21;29
1;1;0;1;0;1;0;0;0;1;0;227.44;29
1;0;0;1;1;1;0;0;0;1;0;225.26;29
1;1;0;1;1;1;0;0;0;1;0;229.31;28
1;0;1;1;1;1;0;0;0;1;0;226.58;29
1;0;1;1;1;1;0;0;0;1;0;228.34;29
1;1;1;1;1;1;0;0;0;1;0;230.65;29
1;1;1;1;1;1;0;0;0;1;0;232.2;28
1;0;0;0;0;0;1;0;0;1;0;221.61;29
1;1;0;0;0;0;1;0;0;1;0;226.7;29
1;0;1;0;1;0;1;0;0;1;0;224.53;29
1;1;1;0;1;0;1;0;0;1;0;228.94;28
1;0;0;1;0;0;1;0;0;1;0;222.56;29
1;0;1;1;1;0;1;0;0;1;0;225.69;29
1;1;0;1;0;0;1;0;0;1;0;226.65;29
1;1;1;1;1;0;1;0;0;1;0;229.86;28
1;0;0;0;0;1;1;0;0;1;0;223.01;29
1;1;0;0;0;1;1;0;0;1;0;227.94;28
1;0;0;1;0;1;1;0;0;1;0;223.98;29
1;1;0;1;0;1;1;0;0;1;0;227.91;29
1;0;1;0;1;1;1;0;0;1;0;226.09;28
1;0;1;1;1;1;1;0;0;1;0;227.03;29
1;1;1;0;1;1;1;0;0;1;0;230.31;28
1;1;1;1;1;1;1;0;0;1;0;231.19;28
1;0;0;0;1;0;1;0;0;1;0;223.34;29
1;1;0;0;1;0;1;0;0;1;0;228.28;28
1;0;1;0;1;0;1;0;0;1;0;226.13;29
1;1;1;0;1;0;1;0;0;1;0;230.59;28
1;0;0;0;1;1;1;0;0;1;0;224.88;28
1;0;1;0;1;1;1;0;0;1;0;227.64;29
1;1;0;0;1;1;1;0;0;1;0;229.82;28
1;1;1;0;1;1;1;0;0;1;0;231.8;28
1;0;0;1;1;0;1;0;0;1;0;224.3;28
1;1;0;1;1;0;1;0;0;1;0;228.56;28
1;0;0;1;1;1;1;0;0;1;0;225.77;28
1;1;0;1;1;1;1;0;0;1;0;230.13;28
1;0;1;1;1;0;1;0;0;1;0;227.12;29
1;0;1;1;1;1;1;0;0;1;0;228.72;29
1;1;1;1;1;0;1;0;0;1;0;231.31;28
1;1;1;1;1;1;1;0;0;1;0;232.7;28
1;0;0;0;0;0;0;0;1;1;0;234.87;29
1;1;0;0;0;0;0;0;1;1;0;240.16;29
1;0;1;0;1;0;0;0;1;1;0;238.78;28
1;1;1;0;1;0;0;0;1;1;0;242.92;28
1;0;0;1;0;0;0;0;1;1;0;236.89;29
1;0;1;1;1;0;0;0;1;1;0;239.66;28
1;1;0;1;0;0;0;0;1;1;0;241.7;29
1;1;1;1;1;0;0;0;1;1;0;244.5;28
1;0;0;0;1;0;0;0;1;1;0;237.75;29
1;1;0;0;1;0;0;0;1;1;0;242.79;29
1;0;0;1;1;0;0;0;1;1;0;239.27;29
1;1;0;1;1;0;0;0;1;1;0;243.37;29
1;0;1;0;1;0;0;0;1;1;0;241.02;28
1;0;1;1;1;0;0;0;1;1;0;241.97;28
1;1;1;0;1;0;0;0;1;1;0;245.16;28
1;1;1;1;1;0;0;0;1;1;0;245.94;28
1;0;0;0;0;0;1;0;1;1;0;238.1;28
1;1;0;0;0;0;1;0;1;1;0;242.81;28
1;0;1;0;1;0;1;0;1;1;0;240.22;28
1;1;1;0;1;0;1;0;1;1;0;244.49;28
1;0;0;0;1;0;1;0;1;1;0;239.93;28
1;0;1;0;1;0;1;0;1;1;0;242.09;28
1;1;0;0;1;0;1;0;1;1;0;244.59;28
1;1;1;0;1;0;1;0;1;1;0;246.03;28
1;0;0;1;0;0;1;0;1;1;0;238.7;28
1;1;0;1;0;0;1;0;1;1;0;242.56;28
1;0;0;1;1;0;1;0;1;1;0;240.41;28
1;1;0;1;1;0;1;0;1;1;0;244.26;28
1;0;1;1;1;0;1;0;1;1;0;241.33;28
1;0;1;1;1;0;1;0;1;1;0;242.86;28
1;1;1;1;1;0;1;0;1;1;0;245.22;28
1;1;1;1;1;0;1;0;1;1;0;246.76;28
1;0;0;0;0;1;0;0;1;1;0;238.73;28
1;1;0;0;0;1;0;0;1;1;0;243.52;28
1;0;1;0;1;1;0;0;1;1;0;240.98;28
1;1;1;0;1;1;0;0;1;1;0;244.73;28
1;0;0;1;0;1;0;0;1;1;0;239.37;28
1;0;1;1;1;1;0;0;1;1;0;241.7;28
1;1;0;1;0;1;0;0;1;1;0;243.12;28
1;1;1;1;1;1;0;0;1;1;0;245.76;28
1;0;0;0;0;1;1;0;1;1;0;239.56;28
1;1;0;0;0;1;1;0;1;1;0;244.28;28
1;0;0;1;0;1;1;0;1;1;0;240.21;28
1;1;0;1;0;1;1;0;1;1;0;243.96;28
1;0;1;0;1;1;1;0;1;1;0;241.83;28
1;0;1;1;1;1;1;0;1;1;0;242.74;28
1;1;1;0;1;1;1;0;1;1;0;245.7;28
1;1;1;1;1;1;1;0;1;1;0;246.48;28
1;0;0;0;1;1;0;0;1;1;0;240.34;28
1;1;0;0;1;1;0;0;1;1;0;245.2;28
1;0;1;0;1;1;0;0;1;1;0;242.43;28
1;1;1;0;1;1;0;0;1;1;0;246.5;28
1;0;0;0;1;1;1;0;1;1;0;241.23;28
1;0;1;0;1;1;1;0;1;1;0;243.26;28
1;1;0;0;1;1;1;0;1;1;0;246.16;28
1;1;1;0;1;1;1;0;1;1;0;247.28;28
1;0;0;1;1;1;0;0;1;1;0;240.98;28
1;1;0;1;1;1;0;0;1;1;0;244.61;28
1;0;0;1;1;1;1;0;1;1;0;241.78;28
1;1;0;1;1;1;1;0;1;1;0;245.6;28
1;0;1;1;1;1;0;0;1;1;0;243.44;28
1;0;1;1;1;1;1;0;1;1;0;244.23;28
1;1;1;1;1;1;0;0;1;1;0;247.17;28
1;1;1;1;1;1;1;0;1;1;0;248.02;28
1;0;0;0;0;0;0;1;0;1;0;230.17;16
1;1;0;0;0;0;0;1;0;1;0;236.24;16
1;0;1;0;1;0;0;1;0;1;0;233.67;15
1;1;1;0;1;0;0;1;0;1;0;238.62;15
1;0;0;1;0;0;0;1;0;1;0;231.04;15
1;0;1;1;1;0;0;1;0;1;0;235.17;15
1;1;0;1;0;0;0;1;0;1;0;235.92;15
1;1;1;1;1;0;0;1;0;1;0;239.98;15
1;0;0;0;1;0;0;1;0;1;0;232.86;16
1;1;0;0;1;0;0;1;0;1;0;238.78;16
1;0;0;1;1;0;0;1;0;1;0;233.43;15
1;1;0;1;1;0;0;1;0;1;0;238.25;15
1;0;1;0;1;0;0;1;0;1;0;235.97;15
1;0;1;1;1;0;0;1;0;1;0;237.44;15
1;1;1;0;1;0;0;1;0;1;0;240.99;15
1;1;1;1;1;0;0;1;0;1;0;242.16;15
1;0;0;0;0;1;0;1;0;1;0;232.33;16
1;1;0;0;0;1;0;1;0;1;0;238.25;16
1;0;1;0;1;1;0;1;0;1;0;235.35;15
1;1;1;0;1;1;0;1;0;1;0;240.23;15
1;0;0;0;1;1;0;1;0;1;0;234.65;16
1;0;1;0;1;1;0;1;0;1;0;237.87;15
1;1;0;0;1;1;0;1;0;1;0;240.99;16
1;1;1;0;1;1;0;1;0;1;0;242.55;15
1;0;0;1;0;1;0;1;0;1;0;232.96;15
1;1;0;1;0;1;0;1;0;1;0;237.69;15
1;0;0;1;1;1;0;1;0;1;0;235.53;16
1;1;0;1;1;1;0;1;0;1;0;240.05;15
1;0;1;1;1;1;0;1;0;1;0;237.04;15
1;0;1;1;1;1;0;1;0;1;0;239.32;15
1;1;1;1;1;1;0;1;0;1;0;241.57;15
1;1;1;1;1;1;0;1;0;1;0;244.03;15
1;0;0;0;0;0;0;1;1;1;0;244.91;19
1;1;0;0;0;0;0;1;1;1;0;251.58;19
1;0;1;0;1;0;0;1;1;1;0;247.5;19
1;1;1;0;1;0;0;1;1;1;0;253.05;19
1;0;0;1;0;0;0;1;1;1;0;245.32;19
1;0;1;1;1;0;0;1;1;1;0;248.97;19
1;1;0;1;0;0;0;1;1;1;0;250.62;19
1;1;1;1;1;0;0;1;1;1;0;253.96;19
1;0;0;0;0;1;0;1;1;1;0;246.94;20
1;1;0;0;0;1;0;1;1;1;0;253.26;20
1;0;0;1;0;1;0;1;1;1;0;247.27;20
1;1;0;1;0;1;0;1;1;1;0;252.14;20
1;0;1;0;1;1;0;1;1;1;0;249.57;20
1;0;1;1;1;1;0;1;1;1;0;250.68;20
1;1;1;0;1;1;0;1;1;1;0;254.26;20
1;1;1;1;1;1;0;1;1;1;0;255.47;20
1;0;0;0;1;0;0;1;1;1;0;247.08;19
1;1;0;0;1;0;0;1;1;1;0;253.64;19
1;0;1;0;1;0;0;1;1;1;0;249.81;19
1;1;1;0;1;0;0;1;1;1;0;255.02;19
1;0;0;0;1;1;0;1;1;1;0;249.12;20
1;0;1;0;1;1;0;1;1;1;0;251.52;20
1;1;0;0;1;1;0;1;1;1;0;255.47;20
1;1;1;0;1;1;0;1;1;1;0;256.45;20
1;0;0;1;1;0;0;1;1;1;0;247.72;19
1;1;0;1;1;0;0;1;1;1;0;252.68;19
1;0;0;1;1;1;0;1;1;1;0;249.34;20
1;1;0;1;1;1;0;1;1;1;0;254.14;20
1;0;1;1;1;0;0;1;1;1;0;251.0;19
1;0;1;1;1;1;0;1;1;1;0;252.58;20
1;1;1;1;1;0;0;1;1;1;0;256.18;19
1;1;1;1;1;1;0;1;1;1;0;257.51;20
1;0;0;0;0;0;1;1;0;1;0;231.33;16
1;1;0;0;0;0;1;1;0;1;0;237.5;16
1;0;1;0;1;0;1;1;0;1;0;234.55;15
1;1;1;0;1;0;1;1;0;1;0;239.56;15
1;0;0;1;0;0;1;1;0;1;0;231.91;15
1;0;1;1;1;0;1;1;0;1;0;235.97;15
1;1;0;1;0;0;1;1;0;1;0;236.84;15
1;1;1;1;1;0;1;1;0;1;0;240.83;15
1;0;0;0;1;0;1;1;0;1;0;234.25;16
1;1;0;0;1;0;1;1;0;1;0;240.62;16
1;0;0;1;1;0;1;1;0;1;0;235.03;15
1;1;0;1;1;0;1;1;0;1;0;239.79;15
1;0;1;0;1;0;1;1;0;1;0;237.52;15
1;0;1;1;1;0;1;1;0;1;0;239.06;15
1;1;1;0;1;0;1;1;0;1;0;242.5;15
1;1;1;1;1;0;1;1;0;1;0;243.78;15
1;0;0;0;0;0;1;1;1;1;0;246.73;20
1;1;0;0;0;0;1;1;1;1;0;253.15;19
1;0;1;0;1;0;1;1;1;1;0;249.39;20
1;1;1;0;1;0;1;1;1;1;0;254.34;19
1;0;0;0;1;0;1;1;1;1;0;248.89;20
1;0;1;0;1;0;1;1;1;1;0;251.41;20
1;1;0;0;1;0;1;1;1;1;0;255.39;19
1;1;1;0;1;0;1;1;1;1;0;256.47;19
1;0;0;1;0;0;1;1;1;1;0;247.08;20
1;1;0;1;0;0;1;1;1;1;0;252.06;20
1;0;0;1;1;0;1;1;1;1;0;249.28;20
1;1;0;1;1;0;1;1;1;1;0;254.13;20
1;0;1;1;1;0;1;1;1;1;0;250.49;20
1;0;1;1;1;0;1;1;1;1;0;252.51;20
1;1;1;1;1;0;1;1;1;1;0;255.36;20
1;1;1;1;1;0;1;1;1;1;0;257.54;20
1;0;0;0;0;1;1;1;0;1;0;233.74;16
1;1;0;0;0;1;1;1;0;1;0;240.07;16
1;0;1;0;1;1;1;1;0;1;0;236.95;15
1;1;1;0;1;1;1;1;0;1;0;241.9;15
1;0;0;1;0;1;1;1;0;1;0;234.34;15
1;0;1;1;1;1;1;1;0;1;0;238.46;15
1;1;0;1;0;1;1;1;0;1;0;239.24;15
1;1;1;1;1;1;1;1;0;1;0;243.28;15
1;0;0;0;0;1;1;1;1;1;0;248.54;20
1;1;0;0;0;1;1;1;1;1;0;254.89;19
1;0;0;1;0;1;1;1;1;1;0;248.81;20
1;1;0;1;0;1;1;1;1;1;0;253.65;20
1;0;1;0;1;1;1;1;1;1;0;251.01;20
1;0;1;1;1;1;1;1;1;1;0;252.14;20
1;1;1;0;1;1;1;1;1;1;0;255.87;20
1;1;1;1;1;1;1;1;1;1;0;256.97;20
1;0;0;0;1;1;1;1;0;1;0;236.23;16
1;1;0;0;1;1;1;1;0;1;0;242.46;16
1;0;1;0;1;1;1;1;0;1;0;239.51;15
1;1;1;0;1;1;1;1;0;1;0;244.25;15
1;0;0;0;1;1;1;1;1;1;0;250.73;20
1;0;1;0;1;1;1;1;1;1;0;253.1;20
1;1;0;0;1;1;1;1;1;1;0;257.17;19
1;1;1;0;1;1;1;1;1;1;0;258.05;20
1;0;0;1;1;1;1;1;0;1;0;236.89;15
1;1;0;1;1;1;1;1;0;1;0;241.69;15
1;0;0;1;1;1;1;1;1;1;0;250.86;20
1;1;0;1;1;1;1;1;1;1;0;255.62;20
1;0;1;1;1;1;1;1;0;1;0;240.54;15
1;0;1;1;1;1;1;1;1;1;0;254.24;20
1;1;1;1;1;1;1;1;0;1;0;245.34;15
1;1;1;1;1;1;1;1;1;1;0;258.83;20
1;0;0;0;0;0;0;0;0;0;1;212.45;26
1;1;0;0;0;0;0;0;0;0;1;213.27;26
1;0;1;0;1;0;0;0;0;0;1;215.61;26
1;1;1;0;1;0;0;0;0;0;1;216.64;26
1;0;0;1;0;0;0;0;0;0;1;213.53;26
1;0;1;1;1;0;0;0;0;0;1;216.59;26
1;1;0;1;0;0;0;0;0;0;1;214.33;26
1;1;1;1;1;0;0;0;0;0;1;217.4;26
1;0;0;0;1;0;0;0;0;0;1;214.37;26
1;1;0;0;1;0;0;0;0;0;1;215.13;27
1;0;0;1;1;0;0;0;0;0;1;215.29;26
1;1;0;1;1;0;0;0;0;0;1;216.22;26
1;0;1;0;1;0;0;0;0;0;1;217.55;26
1;0;1;1;1;0;0;0;0;0;1;218.43;26
1;1;1;0;1;0;0;0;0;0;1;218.4;26
1;1;1;1;1;0;0;0;0;0;1;219.5;26
1;0;0;0;0;1;0;0;0;0;1;213.48;28
1;1;0;0;0;1;0;0;0;0;1;214.28;29
1;0;1;0;1;1;0;0;0;0;1;216.72;29
1;1;1;0;1;1;0;0;0;0;1;217.68;28
1;0;0;0;1;1;0;0;0;0;1;215.19;29
1;0;1;0;1;1;0;0;0;0;1;218.3;29
1;1;0;0;1;1;0;0;0;0;1;216.23;28
1;1;1;0;1;1;0;0;0;0;1;219.31;28
1;0;0;1;0;1;0;0;0;0;1;214.65;28
1;1;0;1;0;1;0;0;0;0;1;215.48;28
1;0;0;1;1;1;0;0;0;0;1;216.27;29
1;1;0;1;1;1;0;0;0;0;1;217.07;29
1;0;1;1;1;1;0;0;0;0;1;217.65;28
1;0;1;1;1;1;0;0;0;0;1;219.37;29
1;1;1;1;1;1;0;0;0;0;1;218.59;28
1;1;1;1;1;1;0;0;0;0;1;220.08;28
1;0;0;0;0;0;1;0;0;0;1;212.92;29
1;1;0;0;0;0;1;0;0;0;1;213.86;29
1;0;1;0;1;0;1;0;0;0;1;215.99;27
1;1;1;0;1;0;1;0;0;0;1;217.06;28
1;0;0;1;0;0;1;0;0;0;1;214.0;28
1;0;1;1;1;0;1;0;0;0;1;217.19;27
1;1;0;1;0;0;1;0;0;0;1;215.03;29
1;1;1;1;1;0;1;0;0;0;1;218.07;28
1;0;0;0;0;1;1;0;0;0;1;214.24;29
1;1;0;0;0;1;1;0;0;0;1;215.02;28
1;0;0;1;0;1;1;0;0;0;1;215.18;28
1;1;0;1;0;1;1;0;0;0;1;216.3;28
1;0;1;0;1;1;1;0;0;0;1;217.4;28
1;0;1;1;1;1;1;0;0;0;1;218.4;28
1;1;1;0;1;1;1;0;0;0;1;218.5;28
1;1;1;1;1;1;1;0;0;0;1;219.31;28
1;0;0;0;1;0;1;0;0;0;1;214.89;29
1;1;0;0;1;0;1;0;0;0;1;215.85;28
1;0;1;0;1;0;1;0;0;0;1;218.02;27
1;1;1;0;1;0;1;0;0;0;1;218.96;28
1;0;0;0;1;1;1;0;0;0;1;216.06;29
1;0;1;0;1;1;1;0;0;0;1;219.08;29
1;1;0;0;1;1;1;0;0;0;1;216.87;28
1;1;1;0;1;1;1;0;0;0;1;219.83;28
1;0;0;1;1;0;1;0;0;0;1;215.96;28
1;1;0;1;1;0;1;0;0;0;1;216.91;29
1;0;0;1;1;1;1;0;0;0;1;216.91;29
1;1;0;1;1;1;1;0;0;0;1;218.04;28
1;0;1;1;1;0;1;0;0;0;1;219.05;29
1;0;1;1;1;1;1;0;0;0;1;219.87;29
1;1;1;1;1;0;1;0;0;0;1;219.95;27
1;1;1;1;1;1;1;0;0;0;1;220.87;28
1;0;0;0;0;0;0;1;0;0;1;241.78;14
1;1;0;0;0;0;0;1;0;0;1;243.79;14
1;0;1;0;1;0;0;1;0;0;1;246.13;14
1;1;1;0;1;0;0;1;0;0;1;246.96;14
1;0;0;1;0;0;0;1;0;0;1;243.08;14
1;0;1;1;1;0;0;1;0;0;1;247.37;14
1;1;0;1;0;0;0;1;0;0;1;244.12;14
1;1;1;1;1;0;0;1;0;0;1;248.2;14
1;0;0;0;1;0;0;1;0;0;1;256.94;11
1;1;0;0;1;0;0;1;0;0;1;259.39;11
1;0;0;1;1;0;0;1;0;0;1;261.01;12
1;1;0;1;1;0;0;1;0;0;1;260.88;12
1;0;1;0;1;0;0;1;0;0;1;264.18;11
1;0;1;1;1;0;0;1;0;0;1;265.38;11
1;1;1;0;1;0;0;1;0;0;1;264.64;11
1;1;1;1;1;0;0;1;0;0;1;266.32;11
1;0;0;0;0;0;1;1;0;0;1;255.44;12
1;1;0;0;0;0;1;1;0;0;1;257.17;12
1;0;1;0;1;0;1;1;0;0;1;261.84;12
1;1;1;0;1;0;1;1;0;0;1;263.31;12
1;0;0;0;1;0;1;1;0;0;1;257.71;12
1;0;1;0;1;0;1;1;0;0;1;264.18;12
1;1;0;0;1;0;1;1;0;0;1;259.5;12
1;1;1;0;1;0;1;1;0;0;1;264.74;12
1;0;0;1;0;0;1;1;0;0;1;257.68;12
1;1;0;1;0;0;1;1;0;0;1;259.37;12
1;0;0;1;1;0;1;1;0;0;1;260.82;12
1;1;0;1;1;0;1;1;0;0;1;261.53;12
1;0;1;1;1;0;1;1;0;0;1;262.48;12
1;0;1;1;1;0;1;1;0;0;1;265.65;12
1;1;1;1;1;0;1;1;0;0;1;264.29;12
1;1;1;1;1;0;1;1;0;0;1;266.19;12
1;0;0;0;0;1;0;1;0;0;1;256.06;12
1;1;0;0;0;1;0;1;0;0;1;258.16;12
1;0;1;0;1;1;0;1;0;0;1;263.13;12
1;1;1;0;1;1;0;1;0;0;1;263.58;12
1;0;0;1;0;1;0;1;0;0;1;259.38;12
1;0;1;1;1;1;0;1;0;0;1;263.75;12
1;1;0;1;0;1;0;1;0;0;1;260.41;12
1;1;1;1;1;1;0;1;0;0;1;264.51;12
1;0;0;0;0;1;1;1;0;0;1;257.04;12
1;1;0;0;0;1;1;1;0;0;1;259.38;12
1;0;0;1;0;1;1;1;0;0;1;260.77;12
1;1;0;1;0;1;1;1;0;0;1;261.43;12
1;0;1;0;1;1;1;1;0;0;1;263.58;12
1;0;1;1;1;1;1;1;0;0;1;263.78;12
1;1;1;0;1;1;1;1;0;0;1;264.04;12
1;1;1;1;1;1;1;1;0;0;1;265.69;12
1;0;0;0;1;1;0;1;0;0;1;258.9;12
1;1;0;0;1;1;0;1;0;0;1;261.08;12
1;0;1;0;1;1;0;1;0;0;1;265.4;12
1;1;1;0;1;1;0;1;0;0;1;266.03;12
1;0;0;0;1;1;1;1;0;0;1;259.69;12
1;0;1;0;1;1;1;1;0;0;1;266.12;12
1;1;0;0;1;1;1;1;0;0;1;262.01;12
1;1;1;0;1;1;1;1;0;0;1;267.17;12
1;0;0;1;1;1;0;1;0;0;1;261.9;12
1;1;0;1;1;1;0;1;0;0;1;263.04;12
1;0;0;1;1;1;1;1;0;0;1;263.19;12
1;1;0;1;1;1;1;1;0;0;1;263.57;12
1;0;1;1;1;1;0;1;0;0;1;266.39;12
1;0;1;1;1;1;1;1;0;0;1;267.07;12
1;1;1;1;1;1;0;1;0;0;1;266.54;12
1;1;1;1;1;1;1;1;0;0;1;267.43;12
1;0;0;0;0;0;0;0;0;1;1;228.3;29
1;1;0;0;0;0;0;0;0;1;1;232.62;28
1;0;1;0;1;0;0;0;0;1;1;232.18;28
1;1;1;0;1;0;0;0;0;1;1;236.21;28
1;0;0;1;0;0;0;0;0;1;1;230.24;28
1;0;1;1;1;0;0;0;0;1;1;233.33;28
1;1;0;1;0;0;0;0;0;1;1;234.1;28
1;1;1;1;1;0;0;0;0;1;1;237.13;28
1;0;0;0;1;0;0;0;0;1;1;230.47;29
1;1;0;0;1;0;0;0;0;1;1;234.7;28
1;0;0;1;1;0;0;0;0;1;1;232.03;28
1;1;0;1;1;0;0;0;0;1;1;235.73;28
1;0;1;0;1;0;0;0;0;1;1;234.05;28
1;0;1;1;1;0;0;0;0;1;1;235.12;28
1;1;1;0;1;0;0;0;0;1;1;237.9;28
1;1;1;1;1;0;0;0;0;1;1;238.75;28
1;0;0;0;0;1;0;0;0;1;1;231.22;29
1;1;0;0;0;1;0;0;0;1;1;235.51;28
1;0;1;0;1;1;0;0;0;1;1;234.01;28
1;1;1;0;1;1;0;0;0;1;1;237.89;27
1;0;0;0;1;1;0;0;0;1;1;233.12;29
1;0;1;0;1;1;0;0;0;1;1;235.7;28
1;1;0;0;1;1;0;0;0;1;1;237.51;28
1;1;1;0;1;1;0;0;0;1;1;239.59;27
1;0;0;1;0;1;0;0;0;1;1;231.89;28
1;1;0;1;0;1;0;0;0;1;1;235.85;28
1;0;0;1;1;1;0;0;0;1;1;233.79;28
1;1;0;1;1;1;0;0;0;1;1;237.47;28
1;0;1;1;1;1;0;0;0;1;1;234.95;28
1;0;1;1;1;1;0;0;0;1;1;236.59;28
1;1;1;1;1;1;0;0;0;1;1;238.82;28
1;1;1;1;1;1;0;0;0;1;1;240.35;28
1;0;0;0;0;0;0;1;0;1;1;243.93;16
1;1;0;0;0;0;0;1;0;1;1;249.66;16
1;0;1;0;1;0;0;1;0;1;1;246.39;15
1;1;1;0;1;0;0;1;0;1;1;250.88;15
1;0;0;1;0;0;0;1;0;1;1;243.81;16
1;0;1;1;1;0;0;1;0;1;1;247.63;15
1;1;0;1;0;0;0;1;0;1;1;248.4;16
1;1;1;1;1;0;0;1;0;1;1;252.21;15
1;0;0;0;0;1;0;1;0;1;1;245.79;16
1;1;0;0;0;1;0;1;0;1;1;251.91;16
1;0;0;1;0;1;0;1;0;1;1;245.56;16
1;1;0;1;0;1;0;1;0;1;1;250.26;15
1;0;1;0;1;1;0;1;0;1;1;248.07;15
1;0;1;1;1;1;0;1;0;1;1;249.3;15
1;1;1;0;1;1;0;1;0;1;1;252.75;15
1;1;1;1;1;1;0;1;0;1;1;253.98;15
1;0;0;0;1;0;0;1;0;1;1;246.38;16
1;1;0;0;1;0;0;1;0;1;1;252.13;15
1;0;1;0;1;0;0;1;0;1;1;248.78;15
1;1;1;0;1;0;0;1;0;1;1;253.39;15
1;0;0;0;1;1;0;1;0;1;1;248.6;16
1;0;1;0;1;1;0;1;0;1;1;250.44;15
1;1;0;0;1;1;0;1;0;1;1;254.27;16
1;1;1;0;1;1;0;1;0;1;1;255.17;15
1;0;0;1;1;0;0;1;0;1;1;246.09;15
1;1;0;1;1;0;0;1;0;1;1;250.57;16
1;0;0;1;1;1;0;1;0;1;1;248.06;15
1;1;0;1;1;1;0;1;0;1;1;252.52;15
1;0;1;1;1;0;0;1;0;1;1;250.04;15
1;0;1;1;1;1;0;1;0;1;1;251.57;15
1;1;1;1;1;0;0;1;0;1;1;254.59;15
1;1;1;1;1;1;0;1;0;1;1;256.22;15
1;0;0;0;0;0;1;0;0;1;1;230.79;29
1;1;0;0;0;0;1;0;0;1;1;235.21;28
1;0;1;0;1;0;1;0;0;1;1;233.55;28
1;1;1;0;1;0;1;0;0;1;1;237.33;28
1;0;0;1;0;0;1;0;0;1;1;231.44;29
1;0;1;1;1;0;1;0;0;1;1;234.24;28
1;1;0;1;0;0;1;0;0;1;1;235.31;27
1;1;1;1;1;0;1;0;0;1;1;238.2;28
1;0;0;0;1;0;1;0;0;1;1;232.49;28
1;1;0;0;1;0;1;0;0;1;1;237.06;28
1;0;0;1;1;0;1;0;0;1;1;233.12;28
1;1;0;1;1;0;1;0;0;1;1;236.98;28
1;0;1;0;1;0;1;0;0;1;1;235.23;27
1;0;1;1;1;0;1;0;0;1;1;235.95;27
1;1;1;0;1;0;1;0;0;1;1;239.04;28
1;1;1;1;1;0;1;0;0;1;1;239.96;28
1;0;0;0;0;0;1;1;0;1;1;245.21;16
1;1;0;0;0;0;1;1;0;1;1;251.09;15
1;0;1;0;1;0;1;1;0;1;1;247.37;15
1;1;1;0;1;0;1;1;0;1;1;252.04;15
1;0;0;0;1;0;1;1;0;1;1;247.79;15
1;0;1;0;1;0;1;1;0;1;1;249.68;15
1;1;0;0;1;0;1;1;0;1;1;253.82;16
1;1;1;0;1;0;1;1;0;1;1;254.39;15
1;0;0;1;0;0;1;1;0;1;1;244.85;15
1;1;0;1;0;0;1;1;0;1;1;249.56;15
1;0;0;1;1;0;1;1;0;1;1;247.01;15
1;1;0;1;1;0;1;1;0;1;1;252.04;15
1;0;1;1;1;0;1;1;0;1;1;249.09;15
1;0;1;1;1;0;1;1;0;1;1;251.25;15
1;1;1;1;1;0;1;1;0;1;1;253.54;15
1;1;1;1;1;0;1;1;0;1;1;255.64;15
1;0;0;0;0;1;1;0;0;1;1;232.22;28
1;1;0;0;0;1;1;0;0;1;1;236.64;28
1;0;1;0;1;1;1;0;0;1;1;234.77;27
1;1;1;0;1;1;1;0;0;1;1;238.74;28
1;0;0;1;0;1;1;0;0;1;1;232.64;29
1;0;1;1;1;1;1;0;0;1;1;235.57;28
1;1;0;1;0;1;1;0;0;1;1;236.58;28
1;1;1;1;1;1;1;0;0;1;1;239.5;28
1;0;0;0;0;1;1;1;0;1;1;246.94;16
1;1;0;0;0;1;1;1;0;1;1;252.89;16
1;0;0;1;0;1;1;1;0;1;1;246.5;15
1;1;0;1;0;1;1;1;0;1;1;251.03;15
1;0;1;0;1;1;1;1;0;1;1;249.05;15
1;0;1;1;1;1;1;1;0;1;1;250.23;15
1;1;1;0;1;1;1;1;0;1;1;253.74;15
1;1;1;1;1;1;1;1;0;1;1;255.12;15
1;0;0;0;1;1;1;0;0;1;1;234.05;28
1;1;0;0;1;1;1;0;0;1;1;238.56;28
1;0;1;0;1;1;1;0;0;1;1;236.38;27
1;1;1;0;1;1;1;0;0;1;1;240.43;28
1;0;0;0;1;1;1;1;0;1;1;249.62;16
1;0;1;0;1;1;1;1;0;1;1;251.31;15
1;1;0;0;1;1;1;1;0;1;1;255.42;15
1;1;1;0;1;1;1;1;0;1;1;256.23;15
1;0;0;1;1;1;1;0;0;1;1;234.45;28
1;1;0;1;1;1;1;0;0;1;1;238.27;28
1;0;0;1;1;1;1;1;0;1;1;248.74;16
1;1;0;1;1;1;1;1;0;1;1;253.47;15
1;0;1;1;1;1;1;0;0;1;1;237.35;28
1;0;1;1;1;1;1;1;0;1;1;252.62;15
1;1;1;1;1;1;1;0;0;1;1;241.23;28
1;1;1;1;1;1;1;1;0;1;1;257.33;15
1;0;0;0;0;0;0;0;1;0;1;230.74;29
1;1;0;0;0;0;0;0;1;0;1;232.0;28
1;0;1;0;1;0;0;0;1;0;1;233.45;29
1;1;1;0;1;0;0;0;1;0;1;234.27;28
1;0;0;1;0;0;0;0;1;0;1;231.0;29
1;0;1;1;1;0;0;0;1;0;1;233.66;28
1;1;0;1;0;0;0;0;1;0;1;232.05;27
1;1;1;1;1;0;0;0;1;0;1;234.87;28
1;0;0;0;1;0;0;0;1;0;1;232.22;29
1;1;0;0;1;0;0;0;1;0;1;233.54;28
1;0;0;1;1;0;0;0;1;0;1;232.65;27
1;1;0;1;1;0;0;0;1;0;1;233.85;27
1;0;1;0;1;0;0;0;1;0;1;235.16;28
1;0;1;1;1;0;0;0;1;0;1;236.06;29
1;1;1;0;1;0;0;0;1;0;1;236.36;28
1;1;1;1;1;0;0;0;1;0;1;237.1;28
1;0;0;0;0;1;0;0;1;0;1;231.62;28
1;1;0;0;0;1;0;0;1;0;1;232.64;28
1;0;1;0;1;1;0;0;1;0;1;233.43;28
1;1;1;0;1;1;0;0;1;0;1;234.42;28
1;0;0;0;1;1;0;0;1;0;1;233.0;28
1;0;1;0;1;1;0;0;1;0;1;234.87;28
1;1;0;0;1;1;0;0;1;0;1;234.22;28
1;1;1;0;1;1;0;0;1;0;1;235.85;28
1;0;0;1;0;1;0;0;1;0;1;231.63;27
1;1;0;1;0;1;0;0;1;0;1;232.59;28
1;0;0;1;1;1;0;0;1;0;1;232.99;27
1;1;0;1;1;1;0;0;1;0;1;234.25;28
1;0;1;1;1;1;0;0;1;0;1;235.07;28
1;0;1;1;1;1;0;0;1;0;1;236.53;29
1;1;1;1;1;1;0;0;1;0;1;236.17;28
1;1;1;1;1;1;0;0;1;0;1;237.7;28
1;0;0;0;0;0;1;0;1;0;1;231.32;29
1;1;0;0;0;0;1;0;1;0;1;232.47;28
1;0;1;0;1;0;1;0;1;0;1;233.23;28
1;1;1;0;1;0;1;0;1;0;1;234.38;28
1;0;0;1;0;0;1;0;1;0;1;231.76;29
1;0;1;1;1;0;1;0;1;0;1;234.61;28
1;1;0;1;0;0;1;0;1;0;1;232.98;28
1;1;1;1;1;0;1;0;1;0;1;235.91;28
1;0;0;0;0;1;1;0;1;0;1;233.0;29
1;1;0;0;0;1;1;0;1;0;1;234.06;28
1;0;0;1;0;1;1;0;1;0;1;233.15;29
1;1;0;1;0;1;1;0;1;0;1;234.13;28
1;0;1;0;1;1;1;0;1;0;1;234.92;28
1;0;1;1;1;1;1;0;1;0;1;235.79;28
1;1;1;0;1;1;1;0;1;0;1;235.96;28
1;1;1;1;1;1;1;0;1;0;1;236.74;28
1;0;0;0;1;0;1;0;1;0;1;233.42;28
1;1;0;0;1;0;1;0;1;0;1;234.47;29
1;0;1;0;1;0;1;0;1;0;1;235.37;28
1;1;1;0;1;0;1;0;1;0;1;236.43;28
1;0;0;0;1;1;1;0;1;0;1;234.56;28
1;0;1;0;1;1;1;0;1;0;1;236.35;28
1;1;0;0;1;1;1;0;1;0;1;235.78;28
1;1;1;0;1;1;1;0;1;0;1;237.41;28
1;0;0;1;1;0;1;0;1;0;1;233.43;29
1;1;0;1;1;0;1;0;1;0;1;234.75;28
1;0;0;1;1;1;1;0;1;0;1;234.65;29
1;1;0;1;1;1;1;0;1;0;1;235.79;28
1;0;1;1;1;0;1;0;1;0;1;236.31;28
1;0;1;1;1;1;1;0;1;0;1;237.23;28
1;1;1;1;1;0;1;0;1;0;1;237.36;28
1;1;1;1;1;1;1;0;1;0;1;238.23;28
1;0;0;0;0;0;0;0;1;1;1;246.0;28
1;1;0;0;0;0;0;0;1;1;1;249.99;28
1;0;1;0;1;0;0;0;1;1;1;248.69;28
1;1;1;0;1;0;0;0;1;1;1;252.18;28
1;0;0;1;0;0;0;0;1;1;1;246.81;28
1;0;1;1;1;0;0;0;1;1;1;249.5;28
1;1;0;1;0;0;0;0;1;1;1;250.24;28
1;1;1;1;1;0;0;0;1;1;1;252.84;28
1;0;0;0;1;0;0;0;1;1;1;247.69;28
1;1;0;0;1;0;0;0;1;1;1;251.74;28
1;0;0;1;1;0;0;0;1;1;1;248.34;28
1;1;0;1;1;0;0;0;1;1;1;251.71;28
1;0;1;0;1;0;0;0;1;1;1;250.05;28
1;0;1;1;1;0;0;0;1;1;1;250.87;28
1;1;1;0;1;0;0;0;1;1;1;253.51;28
1;1;1;1;1;0;0;0;1;1;1;254.34;28
1;0;0;0;0;0;1;0;1;1;1;247.8;28
1;1;0;0;0;0;1;0;1;1;1;251.85;28
1;0;1;0;1;0;1;0;1;1;1;249.58;28
1;1;1;0;1;0;1;0;1;1;1;252.99;28
1;0;0;0;1;0;1;0;1;1;1;249.44;28
1;0;1;0;1;0;1;0;1;1;1;251.01;28
1;1;0;0;1;0;1;0;1;1;1;253.49;28
1;1;1;0;1;0;1;0;1;1;1;254.47;28
1;0;0;1;0;0;1;0;1;1;1;247.61;28
1;1;0;1;0;0;1;0;1;1;1;251.32;28
1;0;0;1;1;0;1;0;1;1;1;249.41;28
1;1;0;1;1;0;1;0;1;1;1;252.81;28
1;0;1;1;1;0;1;0;1;1;1;250.28;28
1;0;1;1;1;0;1;0;1;1;1;251.79;28
1;1;1;1;1;0;1;0;1;1;1;254.42;28
1;1;1;1;1;0;1;0;1;1;1;255.21;28
1;0;0;0;0;1;0;0;1;1;1;247.99;28
1;1;0;0;0;1;0;0;1;1;1;251.93;28
1;0;1;0;1;1;0;0;1;1;1;249.72;28
1;1;1;0;1;1;0;0;1;1;1;253.12;28
1;0;0;1;0;1;0;0;1;1;1;248.06;28
1;0;1;1;1;1;0;0;1;1;1;250.34;28
1;1;0;1;0;1;0;0;1;1;1;251.43;28
1;1;1;1;1;1;0;0;1;1;1;254.07;28
1;0;0;0;0;1;1;0;1;1;1;249.04;28
1;1;0;0;0;1;1;0;1;1;1;252.82;28
1;0;0;1;0;1;1;0;1;1;1;248.9;28
1;1;0;1;0;1;1;0;1;1;1;252.28;28
1;0;1;0;1;1;1;0;1;1;1;250.53;28
1;0;1;1;1;1;1;0;1;1;1;251.36;28
1;1;1;0;1;1;1;0;1;1;1;254.12;28
1;1;1;1;1;1;1;0;1;1;1;255.01;28
1;0;0;0;1;1;0;0;1;1;1;250.07;28
1;1;0;0;1;1;0;0;1;1;1;253.74;28
1;0;1;0;1;1;0;0;1;1;1;251.16;28
1;1;1;0;1;1;0;0;1;1;1;254.5;28
1;0;0;0;1;1;1;0;1;1;1;250.6;28
1;0;1;0;1;1;1;0;1;1;1;251.98;28
1;1;0;0;1;1;1;0;1;1;1;254.42;28
1;1;1;0;1;1;1;0;1;1;1;255.32;28
1;0;0;1;1;1;0;0;1;1;1;249.46;28
1;1;0;1;1;1;0;0;1;1;1;252.87;28
1;0;0;1;1;1;1;0;1;1;1;250.48;28
1;1;0;1;1;1;1;0;1;1;1;253.57;28
1;0;1;1;1;1;0;0;1;1;1;251.81;28
1;0;1;1;1;1;1;0;1;1;1;252.77;28
1;1;1;1;1;1;0;0;1;1;1;255.43;28
1;1;1;1;1;1;1;0;1;1;1;256.25;28
1;0;0;0;0;0;0;1;1;0;1;244.92;16
1;1;0;0;0;0;0;1;1;0;1;247.47;16
1;0;1;0;1;0;0;1;1;0;1;248.02;16
1;1;1;0;1;0;0;1;1;0;1;248.9;16
1;0;0;1;0;0;0;1;1;0;1;245.5;17
1;0;1;1;1;0;0;1;1;0;1;249.05;16
1;1;0;1;0;0;0;1;1;0;1;246.32;16
1;1;1;1;1;0;0;1;1;0;1;250.16;16
1;0;0;0;1;0;0;1;1;0;1;247.25;16
1;1;0;0;1;0;0;1;1;0;1;249.79;16
1;0;0;1;1;0;0;1;1;0;1;247.43;17
1;1;0;1;1;0;0;1;1;0;1;248.43;17
1;0;1;0;1;0;0;1;1;0;1;250.12;16
1;0;1;1;1;0;0;1;1;0;1;251.24;16
1;1;1;0;1;0;0;1;1;0;1;251.24;16
1;1;1;1;1;0;0;1;1;0;1;252.27;16
1;0;0;0;0;1;0;1;1;0;1;246.61;18
1;1;0;0;0;1;0;1;1;0;1;249.25;18
1;0;1;0;1;1;0;1;1;0;1;249.01;18
1;1;1;0;1;1;0;1;1;0;1;250.24;18
1;0;0;0;1;1;0;1;1;0;1;248.71;18
1;0;1;0;1;1;0;1;1;0;1;251.02;18
1;1;0;0;1;1;0;1;1;0;1;251.3;18
1;1;1;0;1;1;0;1;1;0;1;252.09;18
1;0;0;1;0;1;0;1;1;0;1;246.65;18
1;1;0;1;0;1;0;1;1;0;1;247.87;18
1;0;0;1;1;1;0;1;1;0;1;248.65;18
1;1;0;1;1;1;0;1;1;0;1;249.83;18
1;0;1;1;1;1;0;1;1;0;1;249.83;18
1;0;1;1;1;1;0;1;1;0;1;251.91;18
1;1;1;1;1;1;0;1;1;0;1;251.15;18
1;1;1;1;1;1;0;1;1;0;1;253.15;18
1;0;0;0;0;0;0;1;1;1;1;258.56;18
1;1;0;0;0;0;0;1;1;1;1;264.6;18
1;0;1;0;1;0;0;1;1;1;1;260.33;19
1;1;1;0;1;0;0;1;1;1;1;264.99;19
1;0;0;1;0;0;0;1;1;1;1;258.02;19
1;0;1;1;1;0;0;1;1;1;1;261.44;19
1;1;0;1;0;0;0;1;1;1;1;262.74;19
1;1;1;1;1;0;0;1;1;1;1;266.1;19
1;0;0;0;0;1;0;1;1;1;1;260.5;19
1;1;0;0;0;1;0;1;1;1;1;266.45;18
1;0;0;1;0;1;0;1;1;1;1;259.76;19
1;1;0;1;0;1;0;1;1;1;1;264.47;20
1;0;1;0;1;1;0;1;1;1;1;261.85;19
1;0;1;1;1;1;0;1;1;1;1;262.95;19
1;1;1;0;1;1;0;1;1;1;1;266.52;19
1;1;1;1;1;1;0;1;1;1;1;267.85;19
1;0;0;0;1;0;0;1;1;1;1;261.09;18
1;1;0;0;1;0;0;1;1;1;1;267.04;18
1;0;1;0;1;0;0;1;1;1;1;262.66;19
1;1;1;0;1;0;0;1;1;1;1;267.28;19
1;0;0;0;1;1;0;1;1;1;1;262.68;19
1;0;1;0;1;1;0;1;1;1;1;264.16;19
1;1;0;0;1;1;0;1;1;1;1;268.8;18
1;1;1;0;1;1;0;1;1;1;1;268.58;19
1;0;0;1;1;0;0;1;1;1;1;260.17;19
1;1;0;1;1;0;0;1;1;1;1;264.93;19
1;0;0;1;1;1;0;1;1;1;1;261.68;19
1;1;0;1;1;1;0;1;1;1;1;266.21;20
1;0;1;1;1;0;0;1;1;1;1;263.72;19
1;0;1;1;1;1;0;1;1;1;1;264.93;19
1;1;1;1;1;0;0;1;1;1;1;268.42;19
1;1;1;1;1;1;0;1;1;1;1;269.52;19
1;0;0;0;0;0;1;1;1;0;1;245.79;18
1;1;0;0;0;0;1;1;1;0;1;248.19;17
1;0;1;0;1;0;1;1;1;0;1;248.42;18
1;1;1;0;1;0;1;1;1;0;1;249.49;18
1;0;0;1;0;0;1;1;1;0;1;246.01;19
1;0;1;1;1;0;1;1;1;0;1;249.53;18
1;1;0;1;0;0;1;1;1;0;1;247.26;18
1;1;1;1;1;0;1;1;1;0;1;250.6;18
1;0;0;0;1;0;1;1;1;0;1;247.67;18
1;1;0;0;1;0;1;1;1;0;1;250.37;17
1;0;0;1;1;0;1;1;1;0;1;248.03;19
1;1;0;1;1;0;1;1;1;0;1;249.3;19
1;0;1;0;1;0;1;1;1;0;1;250.45;18
1;0;1;1;1;0;1;1;1;0;1;251.52;18
1;1;1;0;1;0;1;1;1;0;1;251.25;18
1;1;1;1;1;0;1;1;1;0;1;252.5;18
1;0;0;0;0;0;1;1;1;1;1;260.17;18
1;1;0;0;0;0;1;1;1;1;1;266.11;18
1;0;1;0;1;0;1;1;1;1;1;261.69;19
1;1;1;0;1;0;1;1;1;1;1;266.48;19
1;0;0;0;1;0;1;1;1;1;1;262.22;18
1;0;1;0;1;0;1;1;1;1;1;263.79;19
1;1;0;0;1;0;1;1;1;1;1;268.41;18
1;1;1;0;1;0;1;1;1;1;1;268.38;19
1;0;0;1;0;0;1;1;1;1;1;259.26;19
1;1;0;1;0;0;1;1;1;1;1;264.17;20
1;0;0;1;1;0;1;1;1;1;1;261.36;19
1;1;0;1;1;0;1;1;1;1;1;266.09;19
1;0;1;1;1;0;1;1;1;1;1;262.6;19
1;0;1;1;1;0;1;1;1;1;1;264.6;19
1;1;1;1;1;0;1;1;1;1;1;267.32;19
1;1;1;1;1;0;1;1;1;1;1;269.38;19
1;0;0;0;0;1;1;1;1;0;1;247.13;18
1;1;0;0;0;1;1;1;1;0;1;249.74;17
1;0;1;0;1;1;1;1;1;0;1;249.6;18
1;1;1;0;1;1;1;1;1;0;1;250.61;18
1;0;0;1;0;1;1;1;1;0;1;247.31;18
1;0;1;1;1;1;1;1;1;0;1;250.75;18
1;1;0;1;0;1;1;1;1;0;1;248.58;18
1;1;1;1;1;1;1;1;1;0;1;251.8;18
1;0;0;0;0;1;1;1;1;1;1;261.57;19
1;1;0;0;0;1;1;1;1;1;1;267.59;18
1;0;0;1;0;1;1;1;1;1;1;260.69;19
1;1;0;1;0;1;1;1;1;1;1;265.42;19
1;0;1;0;1;1;1;1;1;1;1;262.94;19
1;0;1;1;1;1;1;1;1;1;1;263.82;19
1;1;1;0;1;1;1;1;1;1;1;267.51;19
1;1;1;1;1;1;1;1;1;1;1;268.55;19
1;0;0;0;1;1;1;1;1;0;1;249.34;18
1;1;0;0;1;1;1;1;1;0;1;251.79;17
1;0;1;0;1;1;1;1;1;0;1;251.52;18
1;1;1;0;1;1;1;1;1;0;1;252.68;18
1;0;0;0;1;1;1;1;1;1;1;263.59;19
1;0;1;0;1;1;1;1;1;1;1;264.74;19
1;1;0;0;1;1;1;1;1;1;1;269.47;18
1;1;1;0;1;1;1;1;1;1;1;269.47;19
1;0;0;1;1;1;1;1;1;0;1;249.36;18
1;1;0;1;1;1;1;1;1;0;1;250.43;18
1;0;0;1;1;1;1;1;1;1;1;262.11;19
1;1;0;1;1;1;1;1;1;1;1;267.17;19
1;0;1;1;1;1;1;1;1;0;1;252.45;18
1;0;1;1;1;1;1;1;1;1;1;265.82;19
1;1;1;1;1;1;1;1;1;0;1;253.67;18
1;1;1;1;1;1;1;1;1;1;1;270.4;19
