1;1;2;10;10;1;7368.8;1.3511
1;1;2;10;10;2;7238.5;1.3052
1;1;2;10;10;3;7513;1.2069
1;1;2;10;10;6;7438.6;1.2253
1;1;2;10;100;1;7385.5;1.3322
1;1;2;10;100;2;7311.4;1.3287
1;1;2;10;100;3;7622.1;1.208
1;1;2;10;100;6;7412.9;1.2155
1;1;2;10;1000;1;7335.8;1.3454
1;1;2;10;1000;2;7433.5;1.3241
1;1;2;10;1000;3;7628.6;1.2144
1;1;2;10;1000;6;7486.1;2.723
1;1;2;10;10000;1;3995.9;2.3914
1;1;2;10;10000;2;4236.5;2.2845
1;1;2;10;10000;3;6467.3;1.5161
1;1;2;10;10000;6;6251.5;1.5006
1;1;2;10;1.00E+05;1;1983.7;5.0029
1;1;2;10;1.00E+05;2;2257.7;4.7718
1;1;2;10;1.00E+05;3;3450.3;3.0672
1;1;2;10;1.00E+05;6;3603.1;2.8828
1;1;2;10;1.00E+06;1;340.33;28.458
1;1;2;10;1.00E+06;2;329.82;27.993
1;1;2;10;1.00E+06;3;508.78;17.673
1;1;2;10;1.00E+06;6;507.06;19.071
1;1;2;100;10;1;7082.5;1.3092
1;1;2;100;10;2;6999.1;1.3161
1;1;2;100;10;3;7573.9;1.2592
1;1;2;100;10;6;7605.2;1.231
1;1;2;100;100;1;7338.4;1.3046
1;1;2;100;100;2;7057.4;1.3069
1;1;2;100;100;3;7646.4;1.2253
1;1;2;100;100;6;7711.2;1.2483
1;1;2;100;1000;1;7318.9;1.3115
1;1;2;100;1000;2;7088.3;1.4006
1;1;2;100;1000;3;7168.2;1.2322
1;1;2;1000;10;2;-124.57;1.2
1;1;2;1000;10;3;7531.9;2.5603
1;1;2;1000;10;6;7420.7;1.2408
1;1;2;1000;100;1;7324.4;1.3454
1;1;2;1000;100;2;7372.8;1.3213
1;1;2;1000;100;3;7465.8;1.2172
1;1;2;1000;100;6;7273.1;1.2017
1;1;2;1000;1000;1;7453.5;1.3207
1;1;2;1000;1000;2;7569.7;1.3224
1;1;2;1000;1000;3;7516.1;1.2351
1;1;2;1000;1000;6;7463;1.2144
1;1;2;1000;10000;1;4368.8;2.3816
1;1;2;1000;10000;2;4765.9;2.2494
1;1;2;1000;10000;3;6207.2;1.5
1;1;2;1000;10000;6;6854.1;1.5264
1;1;2;1000;1.00E+05;1;2209.6;4.4948
1;1;2;1000;1.00E+05;2;2361.4;4.6805
1;1;2;1000;1.00E+05;3;3537.3;3.023
1;1;2;1000;1.00E+05;6;3597.4;2.8943
1;1;2;1000;1.00E+06;1;340.11;27.362
1;1;2;1000;1.00E+06;2;343.89;28.453
1;1;2;1000;1.00E+06;3;547.06;18.583
1;1;2;1000;1.00E+06;6;541.35;18.345
1;1;3;10;10;1;6444.9;1.5121
1;1;3;10;10;2;6639.5;1.4132
1;1;3;10;10;3;6874.3;1.4572
1;1;3;10;10;6;6737.5;1.4422
1;1;3;10;100;1;6538.8;1.4948
1;1;3;10;100;2;6733.3;1.4144
1;1;3;10;100;3;6734.8;1.4144
1;1;3;10;100;6;6762.9;1.4653
1;1;3;10;1000;1;6294.3;1.5678
1;1;3;10;1000;2;6587.1;1.4172
1;1;3;10;1000;3;6582.7;1.4638
1;1;3;10;1000;6;6630.1;1.4763
1;1;3;10;10000;1;2694.5;3.5282
1;1;3;10;10000;2;4266.9;2.2466
1;1;3;10;10000;3;4357.8;4.8202
1;1;3;10;10000;6;4422.6;2.2277
1;1;3;10;1.00E+05;1;1322.6;7.8448
1;1;3;10;1.00E+05;2;1682.2;6.1983
1;1;3;10;1.00E+05;3;1956.1;5.2471
1;1;3;10;1.00E+05;6;1856.8;5.6977
1;1;3;10;1.00E+06;1;237.11;42.326
1;1;3;10;1.00E+06;2;307.44;30.641
1;1;3;10;1.00E+06;3;264.17;33.897
1;1;3;10;1.00E+06;6;275.06;40.951
1;1;3;100;10;1;6709;1.5126
1;1;3;100;10;2;6863.3;1.3971
1;1;3;100;10;3;6714.3;1.4052
1;1;3;100;10;6;6612.3;1.4532
1;1;3;100;100;1;6329.9;1.6443
1;1;3;100;100;2;6580.6;1.4489
1;1;3;100;100;3;6545.4;1.4362
1;1;3;100;100;6;6513.9;1.4306
1;1;3;100;1000;1;6307.4;1.5414
1;1;3;100;1000;2;6634.6;1.4661
1;1;3;100;1000;3;6588.4;1.446
1;1;3;100;1000;6;6382.7;1.4827
1;1;3;100;10000;1;2846.7;3.5879
1;1;3;100;10000;2;4313.5;2.3586
1;1;3;100;10000;3;4128.4;2.3387
1;1;3;100;10000;6;4079.4;2.4058
1;1;3;100;1.00E+05;1;1351.2;8
1;1;3;100;1.00E+05;2;1635.5;12.242
1;1;3;100;1.00E+05;3;1916.9;5.5241
1;1;3;100;1.00E+05;6;1867.6;5.6364
1;1;3;100;1.00E+06;1;244.83;41.756
1;1;3;100;1.00E+06;2;304.39;34.817
1;1;3;100;1.00E+06;3;295.59;62.582
1;1;3;100;1.00E+06;6;296.89;33.528
1;1;3;1000;10;1;6488.7;1.5316
1;1;3;1000;10;2;6497.5;1.4397
1;1;3;1000;10;3;6545.2;1.4759
1;1;3;1000;10;6;6525.8;1.478
1;1;3;1000;100;1;6494.7;1.5764
1;1;3;1000;100;2;6543.8;1.4431
1;1;3;1000;100;3;6534;1.4626
1;1;3;1000;100;6;6481.8;1.459
1;1;3;1000;1000;1;6357.8;1.5902
1;1;3;1000;1000;2;6549.1;1.442
1;1;3;1000;1000;3;6303.2;1.5191
1;1;3;1000;1000;6;6489.9;1.5191
1;1;3;1000;10000;1;2648.5;3.9431
1;1;3;1000;10000;2;4237.7;2.3569
1;1;3;1000;10000;3;4244.2;2.2943
1;1;3;1000;10000;6;4179.9;2.2948
1;1;3;1000;1.00E+05;1;1370.2;7.5397
1;1;3;1000;1.00E+05;2;1722.4;6.45
1;1;3;1000;1.00E+05;3;1939.5;5.3936
1;1;3;1000;1.00E+05;6;1885.8;5.6728
1;1;3;1000;1.00E+06;1;219;39.828
1;1;3;1000;1.00E+06;2;296.72;35.29
1;1;3;1000;1.00E+06;3;273.5;34.457
1;1;3;1000;1.00E+06;6;270.61;38.165
1;1;4;10;10;1;5860.3;1.5931
1;1;4;10;10;2;5137.3;4.2058
1;1;4;10;10;3;4773.8;2.0006
1;1;4;10;10;6;4826.1;2.0157
1;1;4;10;100;1;5908.3;1.6144
1;1;4;10;100;2;5322.1;1.8676
1;1;4;10;100;3;4998.7;2.0006
1;1;4;10;100;6;4811.9;2.0192
1;1;4;10;1000;1;5764.6;1.652
1;1;4;10;1000;2;5101.6;4.1162
1;1;4;10;1000;3;5158.6;2.0017
1;1;4;10;1000;6;4836.5;2.0587
1;1;4;10;10000;1;3249.1;2.8747
1;1;4;10;10000;2;3103.3;3.2555
1;1;4;10;10000;3;2849.2;3.6208
1;1;4;10;10000;6;2818.9;6.9093
1;1;4;10;1.00E+05;1;1287.8;8.142
1;1;4;10;1.00E+05;2;1284.1;8.0023
1;1;4;10;1.00E+05;3;1343.6;7.9855
1;1;4;10;1.00E+05;6;1306.8;8.1297
1;1;4;10;1.00E+06;1;219.18;45.853
1;1;4;10;1.00E+06;2;206.44;51.403
1;1;4;10;1.00E+06;3;210.28;47.465
1;1;4;10;1.00E+06;6;208.47;42.917
1;1;4;100;10;1;6263.1;1.6075
1;1;4;100;10;2;5517.2;1.7295
1;1;4;100;10;3;5065.2;1.922
1;1;4;100;10;6;4938.2;2.0314
1;1;4;100;100;1;6135.1;1.5908
1;1;4;100;100;2;5272.1;1.8451
1;1;4;100;100;3;5016.1;1.9376
1;1;4;100;100;6;4975.6;1.9698
1;1;4;100;1000;1;5982.3;1.6017
1;1;4;100;1000;2;5145.7;1.8376
1;1;4;100;1000;3;4943.8;1.9584
1;1;4;100;1000;6;4954;1.9564
1;1;4;100;10000;1;3625.7;2.8241
1;1;4;100;10000;2;3265.3;3.0601
1;1;4;100;10000;3;2871.2;3.5121
1;1;4;100;10000;6;3187.9;3.2163
1;1;4;100;1.00E+05;1;1274.3;7.9437
1;1;4;100;1.00E+05;2;1413.4;7.5237
1;1;4;100;1.00E+05;3;1363.7;7.9665
1;1;4;100;1.00E+05;6;1339.4;8.2064
1;1;4;100;1.00E+06;1;251;44.717
1;1;4;100;1.00E+06;2;190.06;50.834
1;1;4;100;1.00E+06;3;183.65;54.336
1;1;4;100;1.00E+06;6;200.5;42.994
1;1;4;1000;10;1;6049.1;1.5299
1;1;4;1000;10;2;5383.1;1.8387
1;1;4;1000;10;3;5147.8;1.9243
1;1;4;1000;10;6;5098.6;1.9628
1;1;4;1000;100;1;6183.9;1.5356
1;1;4;1000;100;2;5168.3;1.8318
1;1;4;1000;100;3;5094.2;1.9468
1;1;4;1000;100;6;5029.5;1.9733
1;1;4;1000;1000;1;6153.2;1.5879
1;1;4;1000;1000;2;5055.4;1.7925
1;1;4;1000;1000;3;5047.4;1.9116
1;1;4;1000;1000;6;4864.6;2.0262
1;1;4;1000;10000;1;3873.5;2.4937
1;1;4;1000;10000;2;3326.7;2.9809
1;1;4;1000;10000;3;3129.8;3.2364
1;1;4;1000;10000;6;3049.4;3.4035
1;1;4;1000;1.00E+05;1;1367.6;7.6736
1;1;4;1000;1.00E+05;2;1398.8;7.5503
1;1;4;1000;1.00E+05;3;1357.4;7.5052
1;1;4;1000;1.00E+05;6;1248.6;8.1442
1;1;4;1000;1.00E+06;1;226.71;43.866
1;1;4;1000;1.00E+06;2;207.17;51.424
1;1;4;1000;1.00E+06;3;205.17;52.031
1;1;4;1000;1.00E+06;6;228.18;44.013
1;1;5;10;10;1;4165.3;2.5809
1;1;5;10;10;2;4139.1;2.504
1;1;5;10;10;3;4448.6;2.3547
1;1;5;10;10;6;4300.7;2.3702
1;1;5;10;100;1;4220.4;2.5468
1;1;5;10;100;2;4090.2;2.5075
1;1;5;10;100;3;4360.1;2.337
1;1;5;10;100;6;4352.3;2.357
1;1;5;10;1000;1;4184.1;2.6133
1;1;5;10;1000;2;4116.5;2.574
1;1;5;10;1000;3;4457.8;2.3302
1;1;5;10;1000;6;4247.3;2.425
1;1;5;10;10000;1;1714.7;5.9595
1;1;5;10;10000;2;1954.9;5.0168
1;1;5;10;10000;3;2480.2;4.0497
1;1;5;10;10000;6;2473.7;4.0698
1;1;5;10;1.00E+05;1;650.94;16.269
1;1;5;10;1.00E+05;2;845.56;12.425
1;1;5;10;1.00E+05;3;982.5;10.368
1;1;5;10;1.00E+05;6;1023.5;11.245
1;1;5;10;1.00E+06;1;114.11;94.004
1;1;5;10;1.00E+06;2;123.89;85.161
1;1;5;10;1.00E+06;3;152.82;76.844
1;1;5;10;1.00E+06;6;164.39;60.542
1;1;5;100;10;1;4130;2.5775
1;1;5;100;10;2;4108.6;2.5237
1;1;5;100;10;3;4394.6;2.2988
1;1;5;100;10;6;4299.1;2.3686
1;1;5;100;100;1;4171.8;2.5786
1;1;5;100;100;2;4170.1;2.489
1;1;5;100;100;3;4348.4;2.3314
1;1;5;100;100;6;4325.6;2.4193
1;1;5;100;1000;1;4119.2;2.6405
1;1;5;100;1000;2;4295.5;2.559
1;1;5;100;1000;3;4403.5;2.3122
1;1;5;100;1000;6;4294.6;2.368
1;1;5;100;10000;1;1736.5;6.1908
1;1;5;100;10000;2;2056.4;5.0994
1;1;5;100;10000;3;2589.1;3.9587
1;1;5;100;10000;6;2622.1;4.107
1;1;5;100;1.00E+05;1;671.33;15.742
1;1;5;100;1.00E+05;2;874.94;12.546
1;1;5;100;1.00E+05;3;1062.9;10.315
1;1;5;100;1.00E+05;6;1031.2;10.188
1;1;5;100;1.00E+06;1;96.944;98.311
1;1;5;100;1.00E+06;2;120.61;91.135
1;1;5;100;1.00E+06;3;153.88;61.694
1;1;5;100;1.00E+06;6;156.94;60.863
1;1;5;1000;10;1;3992.1;2.585
1;1;5;1000;10;2;4168.7;2.4861
1;1;5;1000;10;3;4532.9;2.3318
1;1;5;1000;10;6;4405.9;2.3596
1;1;5;1000;100;1;4100.5;2.515
1;1;5;1000;100;2;4181.3;2.5364
1;1;5;1000;100;3;4576.8;2.3572
1;1;5;1000;100;6;4320.5;2.3494
1;1;5;1000;1000;1;4076.6;2.5821
1;1;5;1000;1000;2;3984.6;2.5491
1;1;5;1000;1000;3;4261.8;2.3488
1;1;5;1000;1000;6;4228.9;2.3907
1;1;5;1000;10000;1;1705.3;5.7705
1;1;5;1000;10000;2;2085.3;4.9035
1;1;5;1000;10000;3;2566.1;4.0535
1;1;5;1000;10000;6;2389.3;4.093
1;1;5;1000;1.00E+05;1;665;15.765
1;1;5;1000;1.00E+05;2;846.28;12.788
1;1;5;1000;1.00E+05;3;1023.9;10.184
1;1;5;1000;1.00E+05;6;1011.7;10.07
1;1;5;1000;1.00E+06;1;108.47;100.28
1;1;5;1000;1.00E+06;2;129.11;86.671
1;1;5;1000;1.00E+06;3;152.17;62.456
1;1;5;1000;1.00E+06;6;156.82;69.31
1;10;2;10;10;1;34581;2.3172
1;10;2;10;10;2;40647;1.6816
1;10;2;10;10;3;39987;1.7121
1;10;2;10;10;6;37602;1.9
1;10;2;10;100;1;35804;2.3274
1;10;2;10;100;2;40989;1.7368
1;10;2;10;100;3;39055;1.7603
1;10;2;10;100;6;37667;1.9172
1;10;2;10;1000;1;33086;2.5
1;10;2;10;1000;2;38149;2.0115
1;10;2;10;1000;3;38628;1.9126
1;10;2;10;1000;6;37959;2.0034
1;10;2;10;10000;1;28004;3.5171
1;10;2;10;10000;2;34625;2.7925
1;10;2;10;10000;3;38432;2.5264
1;10;2;10;10000;6;37265;2.6397
1;10;2;10;1.00E+05;1;3472.9;28.091
1;10;2;10;1.00E+05;2;3481.3;27.943
1;10;2;10;1.00E+05;3;5127.1;20.282
1;10;2;10;1.00E+05;6;5137.9;19.689
1;10;2;10;1.00E+06;1;342.24;281.88
1;10;2;10;1.00E+06;2;323.89;279.13
1;10;2;10;1.00E+06;3;522.28;184.18
1;10;2;10;1.00E+06;6;502.88;180.56
1;10;2;100;10;1;36382;2.3471
1;10;2;100;10;2;41171;1.6362
1;10;2;100;10;3;39219;1.7287
1;10;2;100;10;6;38007;1.9
1;10;2;100;100;1;35813;2.3667
1;10;2;100;100;2;41380;1.7103
1;10;2;100;100;3;38925;1.7316
1;10;2;100;100;6;36877;1.9167
1;10;2;100;1000;1;34121;2.7966
1;10;2;100;1000;2;38297;1.9937
1;10;2;100;1000;3;39193;1.9144
1;10;2;100;1000;6;37029;2.0144
1;10;2;100;10000;1;27607;3.5617
1;10;2;100;10000;2;34407;2.8
1;10;2;100;10000;3;39454;2.5264
1;10;2;100;10000;6;38058;2.8471
1;10;2;100;1.00E+05;1;3435.9;28.084
1;10;2;100;1.00E+05;2;3414.6;27.949
1;10;2;100;1.00E+05;3;5190.3;18.31
1;10;2;100;1.00E+05;6;5144.8;17.821
1;10;2;100;1.00E+06;1;352.39;282.15
1;10;2;100;1.00E+06;2;355.22;280.42
1;10;2;100;1.00E+06;3;534.47;185.57
1;10;2;100;1.00E+06;6;500.28;187.58
1;10;2;1000;10;1;34442;2.3
1;10;2;1000;10;2;40846;1.6224
1;10;2;1000;10;3;38694;1.7586
1;10;2;1000;10;6;38770;1.9816
1;10;2;1000;100;1;35588;2.3063
1;10;2;1000;100;2;41028;1.7144
1;10;2;1000;100;3;37719;2.0741
1;10;2;1000;100;6;37721;2.2615
1;10;2;1000;1000;1;33941;2.5371
1;10;2;1000;1000;2;39116;2
1;10;2;1000;1000;3;38378;2.2201
1;10;2;1000;1000;6;36891;2.0782
1;10;2;1000;10000;1;27479;3.6931
1;10;2;1000;10000;2;33757;2.8201
1;10;2;1000;10000;3;38400;2.8276
1;10;2;1000;10000;6;35877;2.6017
1;10;2;1000;1.00E+05;1;3418.7;27.985
1;10;2;1000;1.00E+05;2;3405.8;27.983
1;10;2;1000;1.00E+05;3;5111.2;18.157
1;10;2;1000;1.00E+05;6;5162.9;19.579
1;10;2;1000;1.00E+06;1;333.39;278.96
1;10;2;1000;1.00E+06;2;343.67;281.57
1;10;2;1000;1.00E+06;3;534.33;194.1
1;10;2;1000;1.00E+06;6;514.5;197.92
1;10;3;10;10;1;27993;3.4287
1;10;3;10;10;2;31704;2.4057
1;10;3;10;10;3;29147;2.5006
1;10;3;10;10;6;28968;2.5098
1;10;3;10;100;1;29519;3.4236
1;10;3;10;100;2;31244;2.4448
1;10;3;10;100;3;29994;2.5776
1;10;3;10;100;6;28979;2.5763
1;10;3;10;1000;1;28659;3.573
1;10;3;10;1000;2;30594;2.5
1;10;3;10;1000;3;28310;3.258
1;10;3;10;1000;6;28755;2.9156
1;10;3;10;10000;1;20785;5.242
1;10;3;10;10000;2;26918;3.4259
1;10;3;10;10000;3;26984;4.1454
1;10;3;10;10000;6;26806;3.8029
1;10;3;10;1.00E+05;1;3320.1;29.016
1;10;3;10;1.00E+05;2;3294.9;27.132
1;10;3;10;1.00E+05;3;3782.1;23.717
1;10;3;10;1.00E+05;6;3885.6;24.176
1;10;3;10;1.00E+06;1;339.44;282.2
1;10;3;10;1.00E+06;2;333.47;280.11
1;10;3;10;1.00E+06;3;377.33;244.61
1;10;3;10;1.00E+06;6;363.78;250.86
1;10;3;100;10;1;28897;3.5063
1;10;3;100;10;2;33209;2.4259
1;10;3;100;10;3;29281;2.504
1;10;3;100;10;6;28492;2.6
1;10;3;100;100;1;29303;3.496
1;10;3;100;100;2;32237;2.3954
1;10;3;100;100;3;29171;2.8397
1;10;3;100;100;6;27951;2.6092
1;10;3;100;1000;1;28022;3.6787
1;10;3;100;1000;2;30949;2.5368
1;10;3;100;1000;3;28758;2.7218
1;10;3;100;1000;6;27976;3.2659
1;10;3;100;10000;1;20805;5.2454
1;10;3;100;10000;2;26506;3.5511
1;10;3;100;10000;3;28128;3.6466
1;10;3;100;10000;6;26485;3.6647
1;10;3;100;1.00E+05;1;3389.7;28.941
1;10;3;100;1.00E+05;2;3470.6;27.801
1;10;3;100;1.00E+05;3;3935.2;24.399
1;10;3;100;1.00E+05;6;3859.9;24.006
1;10;3;100;1.00E+06;1;337.18;283.43
1;10;3;100;1.00E+06;2;314.94;282.37
1;10;3;100;1.00E+06;3;399.28;247.53
1;10;3;100;1.00E+06;6;395.35;240.74
1;10;3;1000;10;1;31281;3.4391
1;10;3;1000;10;2;31751;2.8017
1;10;3;1000;10;3;29195;2.5856
1;10;3;1000;10;6;29094;2.6387
1;10;3;1000;100;1;27988;3.5034
1;10;3;1000;100;2;32121;2.4184
1;10;3;1000;100;3;29642;2.6167
1;10;3;1000;100;6;29676;3.0948
1;10;3;1000;1000;1;29108;3.319
1;10;3;1000;1000;2;31177;2.5328
1;10;3;1000;1000;3;29260;2.7626
1;10;3;1000;1000;6;30038;2.8624
1;10;3;1000;10000;1;21454;5.1862
1;10;3;1000;10000;2;28083;4.2483
1;10;3;1000;10000;3;27227;3.5586
1;10;3;1000;10000;6;25660;3.7775
1;10;3;1000;1.00E+05;1;3368.4;29.465
1;10;3;1000;1.00E+05;2;3477;27.916
1;10;3;1000;1.00E+05;3;3785.9;23.689
1;10;3;1000;1.00E+05;6;3830.6;23.81
1;10;3;1000;1.00E+06;1;345.67;292.19
1;10;3;1000;1.00E+06;2;343;278.33
1;10;3;1000;1.00E+06;3;407.41;243.78
1;10;3;1000;1.00E+06;6;383.22;245.85
1;10;4;10;10;1;25052;3.692
1;10;4;10;10;2;26578;3.2335
1;10;4;10;10;3;25539;3.4208
1;10;4;10;10;6;24363;3.5
1;10;4;10;100;1;24537;3.2741
1;10;4;10;100;2;26440;3.2954
1;10;4;10;100;3;25066;3.3879
1;10;4;10;100;6;24782;3.5064
1;10;4;10;1000;1;24660;3.3
1;10;4;10;1000;2;25455;3.485
1;10;4;10;1000;3;24835;3.5861
1;10;4;10;1000;6;24106;3.6884
1;10;4;10;10000;1;18942;4.873
1;10;4;10;10000;2;21774;5.4254
1;10;4;10;10000;3;20964;4.7792
1;10;4;10;10000;6;20052;5.014
1;10;4;10;1.00E+05;1;3369.9;31.336
1;10;4;10;1.00E+05;2;2665.1;34.336
1;10;4;10;1.00E+05;3;3050.1;30.953
1;10;4;10;1.00E+05;6;3041;30.862
1;10;4;10;1.00E+06;1;346.11;285.91
1;10;4;10;1.00E+06;2;279.12;360.39
1;10;4;10;1.00E+06;3;287.72;298.51
1;10;4;10;1.00E+06;6;317.24;321.55
1;10;4;100;10;1;23892;3.4983
1;10;4;100;10;2;26984;3.2838
1;10;4;100;10;3;25243;3.3607
1;10;4;100;10;6;24516;3.4692
1;10;4;100;100;1;24898;3.696
1;10;4;100;100;2;26164;3.2902
1;10;4;100;100;3;25608;3.9827
1;10;4;100;100;6;24551;3.5099
1;10;4;100;1000;1;24816;3.3368
1;10;4;100;1000;2;25330;3.9751
1;10;4;100;1000;3;25022;3.7486
1;10;4;100;1000;6;24293;4.1924
1;10;4;100;10000;1;18323;5.6132
1;10;4;100;10000;2;21390;4.7345
1;10;4;100;10000;3;20895;4.8665
1;10;4;100;10000;6;20256;5.7791
1;10;4;100;1.00E+05;1;3439.6;31.587
1;10;4;100;1.00E+05;2;2751.6;35.004
1;10;4;100;1.00E+05;3;3057.6;30.495
1;10;4;100;1.00E+05;6;3077.3;30.647
1;10;4;100;1.00E+06;1;314.61;284.03
1;10;4;100;1.00E+06;2;288.5;339.22
1;10;4;100;1.00E+06;3;292.12;306.76
1;10;4;100;1.00E+06;6;307.06;322.67
1;10;4;1000;10;1;25006;3.119
1;10;4;1000;10;2;25812;3.2173
1;10;4;1000;10;3;25339;3.4272
1;10;4;1000;10;6;24781;4.1343
1;10;4;1000;100;1;24338;3.9839
1;10;4;1000;100;2;26519;3.8266
1;10;4;1000;100;3;25006;3.4457
1;10;4;1000;100;6;24626;4.139
1;10;4;1000;1000;1;24012;3.3948
1;10;4;1000;1000;2;25453;3.4994
1;10;4;1000;1000;3;25027;3.6087
1;10;4;1000;1000;6;24317;3.6942
1;10;4;1000;10000;1;18030;4.8649
1;10;4;1000;10000;2;21095;4.7561
1;10;4;1000;10000;3;20820;5.6283
1;10;4;1000;10000;6;20425;5.0105
1;10;4;1000;1.00E+05;1;3372.1;28.872
1;10;4;1000;1.00E+05;2;2737.2;35.15
1;10;4;1000;1.00E+05;3;3028.2;30.522
1;10;4;1000;1.00E+05;6;3098.4;34.506
1;10;4;1000;1.00E+06;1;340.83;288.51
1;10;4;1000;1.00E+06;2;251.78;322.47
1;10;4;1000;1.00E+06;3;289.56;335.3
1;10;4;1000;1.00E+06;6;304.35;303
1;10;5;10;10;1;23912;4.2769
1;10;5;10;10;2;23599;4.2387
1;10;5;10;10;3;21684;4.2451
1;10;5;10;10;6;21093;4.4703
1;10;5;10;100;1;23226;4.715
1;10;5;10;100;2;23834;4.2561
1;10;5;10;100;3;21636;4.2547
1;10;5;10;100;6;20963;4.4238
1;10;5;10;1000;1;22699;4.9457
1;10;5;10;1000;2;23326;4.5283
1;10;5;10;1000;3;21398;4.3827
1;10;5;10;1000;6;20270;4.5453
1;10;5;10;10000;1;13862;8.2769
1;10;5;10;10000;2;15248;7.7636
1;10;5;10;10000;3;16325;6.3
1;10;5;10;10000;6;15948;6.432
1;10;5;10;1.00E+05;1;1733.3;56.353
1;10;5;10;1.00E+05;2;1956.6;49.498
1;10;5;10;1.00E+05;3;2545.8;37.735
1;10;5;10;1.00E+05;6;2574;38.222
1;10;5;10;1.00E+06;1;183.5;571.19
1;10;5;10;1.00E+06;2;199.44;496.84
1;10;5;10;1.00E+06;3;257.94;391.05
1;10;5;10;1.00E+06;6;246.44;399.01
1;10;5;100;10;1;23831;4.315
1;10;5;100;10;2;23746;4.3711
1;10;5;100;10;3;21518;4.2064
1;10;5;100;10;6;21034;4.3326
1;10;5;100;100;1;23999;4.5266
1;10;5;100;100;2;24665;4.3884
1;10;5;100;100;3;22050;4.2994
1;10;5;100;100;6;21115;4.3233
1;10;5;100;1000;1;22147;4.7526
1;10;5;100;1000;2;22409;4.7029
1;10;5;100;1000;3;22151;4.4514
1;10;5;100;1000;6;20804;4.5116
1;10;5;100;10000;1;13805;8.211
1;10;5;100;10000;2;15043;6.8133
1;10;5;100;10000;3;16989;6.3584
1;10;5;100;10000;6;16102;6.4669
1;10;5;100;1.00E+05;1;1705.8;56.629
1;10;5;100;1.00E+05;2;1937.1;49.39
1;10;5;100;1.00E+05;3;2448.9;37.99
1;10;5;100;1.00E+05;6;2513.2;37.77
1;10;5;100;1.00E+06;1;158.65;569.83
1;10;5;100;1.00E+06;2;202.56;485.35
1;10;5;100;1.00E+06;3;268.5;407.99
1;10;5;100;1.00E+06;6;257.71;362.61
1;10;5;1000;10;1;23763;4.3081
1;10;5;1000;10;2;23099;5.0566
1;10;5;1000;10;3;22015;4.3364
1;10;5;1000;10;6;21551;4.4424
1;10;5;1000;100;1;23916;4.3983
1;10;5;1000;100;2;24352;4.2243
1;10;5;1000;100;3;21378;4.948
1;10;5;1000;100;6;20903;4.4291
1;10;5;1000;1000;1;23041;5.6983
1;10;5;1000;1000;2;22817;4.5023
1;10;5;1000;1000;3;21279;4.426
1;10;5;1000;1000;6;21143;4.586
1;10;5;1000;10000;1;13548;8.1497
1;10;5;1000;10000;2;15224;6.9694
1;10;5;1000;10000;3;16430;6.2017
1;10;5;1000;10000;6;16030;6.382
1;10;5;1000;1.00E+05;1;1708;56.805
1;10;5;1000;1.00E+05;2;1926.5;49.294
1;10;5;1000;1.00E+05;3;2570.6;38.044
1;10;5;1000;1.00E+05;6;2475.4;38.057
1;10;5;1000;1.00E+06;1;166.28;554.28
1;10;5;1000;1.00E+06;2;187.67;505.73
1;10;5;1000;1.00E+06;3;257.88;409.81
1;10;5;1000;1.00E+06;6;229;362.06
1;100;2;10;10;1;52665;12.947
1;100;2;10;10;2;57758;5.4994
1;100;2;10;10;3;54813;4.4466
1;100;2;10;10;6;53318;4.5626
1;100;2;10;100;1;54152;13.158
1;100;2;10;100;2;58396;5.7856
1;100;2;10;100;3;54699;4.3224
1;100;2;10;100;6;52694;4.8661
1;100;2;10;1000;1;48873;16.833
1;100;2;10;1000;2;61953;8.3954
1;100;2;10;1000;3;57298;4.8678
1;100;2;10;1000;6;54558;6.1385
1;100;2;10;10000;1;29356;34.347
1;100;2;10;10000;2;34477;28.667
1;100;2;10;10000;3;50906;19.791
1;100;2;10;10000;6;50776;18.159
1;100;2;10;1.00E+05;1;3325;293.14
1;100;2;10;1.00E+05;2;3441.4;280.66
1;100;2;10;1.00E+05;3;5232.1;180.57
1;100;2;10;1.00E+05;6;5155.8;177.32
1;100;2;10;1.00E+06;1;346.5;2782.7
1;100;2;10;1.00E+06;2;340.41;2771.1
1;100;2;10;1.00E+06;3;506.33;1886.2
1;100;2;10;1.00E+06;6;510.24;1916.7
1;100;2;100;10;1;54348;12.732
1;100;2;100;10;2;54442;5.5097
1;100;2;100;10;3;54042;4.0914
1;100;2;100;10;6;50003;4.8454
1;100;2;100;100;1;52964;12.757
1;100;2;100;100;2;56506;5.8569
1;100;2;100;100;3;53547;5.6787
1;100;2;100;100;6;51302;6.2925
1;100;2;100;1000;1;47042;19.149
1;100;2;100;1000;2;59777;8.3701
1;100;2;100;1000;3;57482;5.8333
1;100;2;100;1000;6;52337;6.1954
1;100;2;100;10000;1;28245;33.97
1;100;2;100;10000;2;34008;26.92
1;100;2;100;10000;3;50420;18.821
1;100;2;100;10000;6;51016;17.147
1;100;2;100;1.00E+05;1;3404.2;281.6
1;100;2;100;1.00E+05;2;3466.1;273.91
1;100;2;100;1.00E+05;3;5041.9;179.81
1;100;2;100;1.00E+05;6;5214.8;177.91
1;100;2;100;1.00E+06;1;348.29;2791.5
1;100;2;100;1.00E+06;2;336.06;2800
1;100;2;100;1.00E+06;3;506.61;1845.7
1;100;2;100;1.00E+06;6;519.56;1829.6
1;100;2;1000;10;1;54404;13.041
1;100;2;1000;10;2;58681;6.1351
1;100;2;1000;10;3;54727;4.3236
1;100;2;1000;10;6;51362;5.2902
1;100;2;1000;100;1;54176;15.081
1;100;2;1000;100;2;58528;6.4247
1;100;2;1000;100;3;54958;5.7569
1;100;2;1000;100;6;55862;4.8678
1;100;2;1000;1000;1;51441;15.982
1;100;2;1000;1000;2;60875;7.9834
1;100;2;1000;1000;3;57648;6.25
1;100;2;1000;1000;6;52730;5.8759
1;100;2;1000;10000;1;30147;33.803
1;100;2;1000;10000;2;34007;26.136
1;100;2;1000;10000;3;49427;18.343
1;100;2;1000;10000;6;50105;18.985
1;100;2;1000;1.00E+05;1;3420.4;283.66
1;100;2;1000;1.00E+05;2;3408;275.94
1;100;2;1000;1.00E+05;3;5119.8;185.37
1;100;2;1000;1.00E+05;6;5316.2;172.84
1;100;2;1000;1.00E+06;1;340.78;2784.6
1;100;2;1000;1.00E+06;2;328.78;2743.5
1;100;2;1000;1.00E+06;3;517.65;1860
1;100;2;1000;1.00E+06;6;549.28;1905
1;100;3;10;10;1;48586;18.134
1;100;3;10;10;2;48301;7.2747
1;100;3;10;10;3;43668;7.2253
1;100;3;10;10;6;42571;5.8341
1;100;3;10;100;1;47790;20.076
1;100;3;10;100;2;46779;7.7534
1;100;3;10;100;3;43066;6.8874
1;100;3;10;100;6;44242;9.4809
1;100;3;10;1000;1;41934;24.091
1;100;3;10;1000;2;48170;9.0374
1;100;3;10;1000;3;41412;8.6052
1;100;3;10;1000;6;41874;9.4988
1;100;3;10;10000;1;27927;40.613
1;100;3;10;10000;2;34055;25.942
1;100;3;10;10000;3;38479;23.237
1;100;3;10;10000;6;37440;22.711
1;100;3;10;1.00E+05;1;3325.6;292.62
1;100;3;10;1.00E+05;2;3459.6;268.91
1;100;3;10;1.00E+05;3;3793.3;222.86
1;100;3;10;1.00E+05;6;3882.3;242.28
1;100;3;10;1.00E+06;1;360.39;2855
1;100;3;10;1.00E+06;2;350.83;2753.1
1;100;3;10;1.00E+06;3;386.18;2548.2
1;100;3;10;1.00E+06;6;394.06;2484.1
1;100;3;100;10;1;48569;18.172
1;100;3;100;10;2;47244;7.3224
1;100;3;100;10;3;45034;6.2172
1;100;3;100;10;6;43290;6.4133
1;100;3;100;100;1;48847;17.861
1;100;3;100;100;2;47962;7.5787
1;100;3;100;100;3;46151;7.2293
1;100;3;100;100;6;42048;7.9728
1;100;3;100;1000;1;45678;24.123
1;100;3;100;1000;2;48605;11.018
1;100;3;100;1000;3;44177;7.7678
1;100;3;100;1000;6;41218;8.0399
1;100;3;100;10000;1;27544;42.089
1;100;3;100;10000;2;33764;26.372
1;100;3;100;10000;3;37566;23.497
1;100;3;100;10000;6;38156;24.204
1;100;3;100;1.00E+05;1;3409.3;294.59
1;100;3;100;1.00E+05;2;3361;282.11
1;100;3;100;1.00E+05;3;3753.3;224.29
1;100;3;100;1.00E+05;6;3918.6;221.8
1;100;3;100;1.00E+06;1;324;2837
1;100;3;100;1.00E+06;2;373.67;2862.2
1;100;3;100;1.00E+06;3;361.24;2419
1;100;3;100;1.00E+06;6;383.83;2553.3
1;100;3;1000;10;1;49253;17.844
1;100;3;1000;10;2;46767;7.4034
1;100;3;1000;10;3;42640;6.7086
1;100;3;1000;10;6;42627;8.0462
1;100;3;1000;100;1;47868;19.417
1;100;3;1000;100;2;48250;7.0983
1;100;3;1000;100;3;42894;7.5121
1;100;3;1000;100;6;42392;8.6578
1;100;3;1000;1000;1;46472;22.002
1;100;3;1000;1000;2;47169;8.5879
1;100;3;1000;1000;3;44719;9.4977
1;100;3;1000;1000;6;42393;8.7751
1;100;3;1000;10000;1;27758;41.82
1;100;3;1000;10000;2;33264;29.135
1;100;3;1000;10000;3;38182;23.197
1;100;3;1000;10000;6;37912;22.303
1;100;3;1000;1.00E+05;1;3474.6;292.91
1;100;3;1000;1.00E+05;2;3391;270.24
1;100;3;1000;1.00E+05;3;3870.6;226.9
1;100;3;1000;1.00E+05;6;3868.3;240.56
1;100;3;1000;1.00E+06;1;341.72;2824.2
1;100;3;1000;1.00E+06;2;321.39;2777.3
1;100;3;1000;1.00E+06;3;418.71;2410.8
1;100;3;1000;1.00E+06;6;410.33;2523.9
1;100;4;10;10;1;37900;13.904
1;100;4;10;10;2;37201;7.6353
1;100;4;10;10;3;38929;9.1549
1;100;4;10;10;6;37701;11.74
1;100;4;10;100;1;37825;14.28
1;100;4;10;100;2;37208;8.4572
1;100;4;10;100;3;36623;8.7879
1;100;4;10;100;6;36380;12.039
1;100;4;10;1000;1;35916;19.173
1;100;4;10;1000;2;37110;10.172
1;100;4;10;1000;3;37531;12.609
1;100;4;10;1000;6;35508;11.233
1;100;4;10;10000;1;26612;34.653
1;100;4;10;10000;2;27361;31.675
1;100;4;10;10000;3;30748;26.402
1;100;4;10;10000;6;30670;27.83
1;100;4;10;1.00E+05;1;3445.4;293.96
1;100;4;10;1.00E+05;2;2791.5;350.66
1;100;4;10;1.00E+05;3;3083.4;282.33
1;100;4;10;1.00E+05;6;3057.9;285.6
1;100;4;10;1.00E+06;1;347.56;2852.2
1;100;4;10;1.00E+06;2;289.65;3474.2
1;100;4;10;1.00E+06;3;318.89;3125.7
1;100;4;10;1.00E+06;6;304.12;3051.4
1;100;4;100;10;1;37674;14.889
1;100;4;100;10;2;37496;7.3694
1;100;4;100;10;3;37587;8.5121
1;100;4;100;10;6;35369;8.9901
1;100;4;100;100;1;36710;12.793
1;100;4;100;100;2;36994;8.1385
1;100;4;100;100;3;36565;8.9127
1;100;4;100;100;6;36850;12.336
1;100;4;100;1000;1;34982;17.039
1;100;4;100;1000;2;38202;10.429
1;100;4;100;1000;3;36700;10.823
1;100;4;100;1000;6;37961;13.892
1;100;4;100;10000;1;26690;32.395
1;100;4;100;10000;2;26702;31.971
1;100;4;100;10000;3;30567;28.073
1;100;4;100;10000;6;29951;28.054
1;100;4;100;1.00E+05;1;3428.7;293.18
1;100;4;100;1.00E+05;2;2827.6;338.93
1;100;4;100;1.00E+05;3;3074.1;290.95
1;100;4;100;1.00E+05;6;3092.6;317.09
1;100;4;100;1.00E+06;1;326.44;2872.2
1;100;4;100;1.00E+06;2;269.28;3555.3
1;100;4;100;1.00E+06;3;296.89;2970.5
1;100;4;100;1.00E+06;6;310.39;3071.9
1;100;4;1000;10;1;34095;15.625
1;100;4;1000;10;2;37169;9.4983
1;100;4;1000;10;3;38153;10.108
1;100;4;1000;10;6;36980;9.4599
1;100;4;1000;100;1;34413;17.843
1;100;4;1000;100;2;37985;10.111
1;100;4;1000;100;3;39135;9.3301
1;100;4;1000;100;6;36101;12.603
1;100;4;1000;1000;1;34958;16.405
1;100;4;1000;1000;2;37804;12.255
1;100;4;1000;1000;3;38527;13.115
1;100;4;1000;1000;6;35793;13.699
1;100;4;1000;10000;1;26001;36.283
1;100;4;1000;10000;2;26690;34.805
1;100;4;1000;10000;3;30607;28.801
1;100;4;1000;10000;6;30537;27.016
1;100;4;1000;1.00E+05;1;3401.2;309.52
1;100;4;1000;1.00E+05;2;2705.8;333.9
1;100;4;1000;1.00E+05;3;3094.2;309.38
1;100;4;1000;1.00E+05;6;3106.5;278.3
1;100;4;1000;1.00E+06;1;343.24;2847.3
1;100;4;1000;1.00E+06;2;293.89;3546.7
1;100;4;1000;1.00E+06;3;317.29;3072.5
1;100;4;1000;1.00E+06;6;289.11;3119.9
1;100;5;10;10;1;32035;31.464
1;100;5;10;10;2;37061;10.728
1;100;5;10;10;3;32963;11.133
1;100;5;10;10;6;31497;15.028
1;100;5;10;100;1;32073;26.039
1;100;5;10;100;2;35448;11.038
1;100;5;10;100;3;32781;14.794
1;100;5;10;100;6;31813;12.888
1;100;5;10;1000;1;27068;34.109
1;100;5;10;1000;2;37080;14.631
1;100;5;10;1000;3;32538;15.717
1;100;5;10;1000;6;31901;15.852
1;100;5;10;10000;1;16998;65.301
1;100;5;10;10000;2;19462;45.818
1;100;5;10;10000;3;25733;32.902
1;100;5;10;10000;6;25227;33.867
1;100;5;10;1.00E+05;1;1669.6;558.17
1;100;5;10;1.00E+05;2;1942.8;488.8
1;100;5;10;1.00E+05;3;2604.5;366.11
1;100;5;10;1.00E+05;6;2567.8;406.65
1;100;5;10;1.00E+06;1;163.83;5691.7
1;100;5;10;1.00E+06;2;209.39;5063.8
1;100;5;10;1.00E+06;3;261.78;3704.4
1;100;5;10;1.00E+06;6;234.18;3742.6
1;100;5;100;10;1;34025;29.063
1;100;5;100;10;2;34763;10.284
1;100;5;100;10;3;32082;10.913
1;100;5;100;10;6;30297;11.628
1;100;5;100;100;1;32171;34.934
1;100;5;100;100;2;35391;11.369
1;100;5;100;100;3;32614;14.147
1;100;5;100;100;6;32225;14.444
1;100;5;100;1000;1;29717;35.715
1;100;5;100;1000;2;34693;14.11
1;100;5;100;1000;3;30393;13.427
1;100;5;100;1000;6;30199;18.346
1;100;5;100;10000;1;17206;75.941
1;100;5;100;10000;2;19395;45.691
1;100;5;100;10000;3;25744;35.036
1;100;5;100;10000;6;25384;32.543
1;100;5;100;1.00E+05;1;1724.8;568.48
1;100;5;100;1.00E+05;2;1987.6;497.88
1;100;5;100;1.00E+05;3;2511.4;391.7
1;100;5;100;1.00E+05;6;2544.1;401.66
1;100;5;100;1.00E+06;1;160.89;5849.9
1;100;5;100;1.00E+06;2;195.82;4855.1
1;100;5;100;1.00E+06;3;270.5;3926.8
1;100;5;100;1.00E+06;6;256.17;3705.9
1;100;5;1000;10;1;33350;35.171
1;100;5;1000;10;2;36398;10.912
1;100;5;1000;10;3;33613;12.97
1;100;5;1000;10;6;31014;14.74
1;100;5;1000;100;1;32918;27.197
1;100;5;1000;100;2;35522;13.85
1;100;5;1000;100;3;33036;12.077
1;100;5;1000;100;6;31720;13.398
1;100;5;1000;1000;1;29106;29.855
1;100;5;1000;1000;2;35680;13.908
1;100;5;1000;1000;3;31617;16.036
1;100;5;1000;1000;6;32395;15.353
1;100;5;1000;10000;1;16940;64.753
1;100;5;1000;10000;2;19112;45.671
1;100;5;1000;10000;3;25407;33.55
1;100;5;1000;10000;6;25815;32.562
1;100;5;1000;1.00E+05;1;1782.4;565.88
1;100;5;1000;1.00E+05;2;1973.1;489.41
1;100;5;1000;1.00E+05;3;2527.2;368.43
1;100;5;1000;1.00E+05;6;2545.7;399.99
1;100;5;1000;1.00E+06;1;173.17;5628
1;100;5;1000;1.00E+06;2;197.28;5131.7
1;100;5;1000;1.00E+06;3;267.18;3637.9
1;100;5;1000;1.00E+06;6;260.5;3677
1;1000;2;10;10;1;57630;62.447
1;1000;2;10;10;2;62027;12.497
1;1000;2;10;10;3;57027;10.145
1;1000;2;10;10;6;55198;18.309
1;1000;2;10;100;1;60090;95.059
1;1000;2;10;100;2;59865;16.773
1;1000;2;10;100;3;56310;21.757
1;1000;2;10;100;6;56220;11.07
1;1000;2;10;1000;1;52972;183.06
1;1000;2;10;1000;2;61362;28.21
1;1000;2;10;1000;3;60512;12.471
1;1000;2;10;1000;6;57013;11.103
1;1000;2;10;10000;1;26753;387.37
1;1000;2;10;10000;2;34021;259.72
1;1000;2;10;10000;3;51281;168.66
1;1000;2;10;10000;6;50942;168.87
1;1000;2;10;1.00E+05;1;3410.6;2873
1;1000;2;10;1.00E+05;2;3461.7;2714.5
1;1000;2;10;1.00E+05;3;5218.8;1733.7
1;1000;2;10;1.00E+05;6;5173.3;1671.3
1;1000;2;10;1.00E+06;1;363.67;25608
1;1000;2;10;1.00E+06;2;368.44;25630
1;1000;2;10;1.00E+06;3;533.47;17563
1;1000;2;10;1.00E+06;6;536.28;17016
1;1000;2;100;10;1;57841;98.584
1;1000;2;100;10;2;57042;11.356
1;1000;2;100;10;3;58707;21.495
1;1000;2;100;10;6;53540;19.885
1;1000;2;100;100;1;57166;98.375
1;1000;2;100;100;2;56413;13.093
1;1000;2;100;100;3;57019;10.545
1;1000;2;100;100;6;56337;20.795
1;1000;2;100;1000;1;50918;186.49
1;1000;2;100;1000;2;65324;24.911
1;1000;2;100;1000;3;58050;11.457
1;1000;2;100;1000;6;58881;22.705
1;1000;2;100;10000;1;27554;352.61
1;1000;2;100;10000;2;34105;257.6
1;1000;2;100;10000;3;50731;171.6
1;1000;2;100;10000;6;50548;170.08
1;1000;2;100;1.00E+05;1;3478.1;2780
1;1000;2;100;1.00E+05;2;3415.5;2682.9
1;1000;2;100;1.00E+05;3;5240.6;1687.8
1;1000;2;100;1.00E+05;6;5185.8;1815.3
1;1000;2;100;1.00E+06;1;343;25575
1;1000;2;100;1.00E+06;2;354.11;25551
1;1000;2;100;1.00E+06;3;524.35;16974
1;1000;2;100;1.00E+06;6;509.67;17183
1;1000;2;1000;10;1;56976;54.449
1;1000;2;1000;10;2;58420;13.706
1;1000;2;1000;10;3;58593;21.519
1;1000;2;1000;10;6;54857;21.49
1;1000;2;1000;100;1;59356;92.659
1;1000;2;1000;100;2;57351;13.879
1;1000;2;1000;100;3;60488;12.094
1;1000;2;1000;100;6;53813;21.656
1;1000;2;1000;1000;1;52893;174.31
1;1000;2;1000;1000;2;65675;24.983
1;1000;2;1000;1000;3;58908;21.156
1;1000;2;1000;1000;6;56140;21.955
1;1000;2;1000;10000;1;27122;345.96
1;1000;2;1000;10000;2;34227;252.88
1;1000;2;1000;10000;3;51718;172.6
1;1000;2;1000;10000;6;50467;183.97
1;1000;2;1000;1.00E+05;1;3470.2;2885.7
1;1000;2;1000;1.00E+05;2;3437;2825.8
1;1000;2;1000;1.00E+05;3;5225.9;1833.9
1;1000;2;1000;1.00E+05;6;5137.2;1826.1
1;1000;2;1000;1.00E+06;1;342.18;25448
1;1000;2;1000;1.00E+06;2;352.39;25521
1;1000;2;1000;1.00E+06;3;511;17448
1;1000;2;1000;1.00E+06;6;517.06;16641
1;1000;3;10;10;1;55226;144.31
1;1000;3;10;10;2;49292;18.017
1;1000;3;10;10;3;45804;13.884
1;1000;3;10;10;6;44912;14.2
1;1000;3;10;100;1;52612;173.06
1;1000;3;10;100;2;47785;29.965
1;1000;3;10;100;3;47440;16.119
1;1000;3;10;100;6;44619;13.72
1;1000;3;10;1000;1;46009;204.91
1;1000;3;10;1000;2;48533;24.505
1;1000;3;10;1000;3;45110;17.211
1;1000;3;10;1000;6;45480;34.894
1;1000;3;10;10000;1;27188;438.39
1;1000;3;10;10000;2;33654;295.25
1;1000;3;10;10000;3;37607;231.53
1;1000;3;10;10000;6;38146;225.01
1;1000;3;10;1.00E+05;1;3414.8;2947.5
1;1000;3;10;1.00E+05;2;3439.5;2553.4
1;1000;3;10;1.00E+05;3;3884.1;2114.7
1;1000;3;10;1.00E+05;6;3816.5;2187.7
1;1000;3;10;1.00E+06;1;362.65;26218
1;1000;3;10;1.00E+06;2;327.89;25376
1;1000;3;10;1.00E+06;3;418.5;20959
1;1000;3;10;1.00E+06;6;394.18;21731
1;1000;3;100;10;1;52728;157.05
1;1000;3;100;10;2;48197;14.818
1;1000;3;100;10;3;48247;31.671
1;1000;3;100;10;6;46079;30.842
1;1000;3;100;100;1;52929;175.21
1;1000;3;100;100;2;46788;14.844
1;1000;3;100;100;3;47496;34.372
1;1000;3;100;100;6;44827;15.097
1;1000;3;100;1000;1;47549;182.87
1;1000;3;100;1000;2;48553;17.132
1;1000;3;100;1000;3;47053;20.841
1;1000;3;100;1000;6;45215;34.023
1;1000;3;100;10000;1;27556;414.91
1;1000;3;100;10000;2;34190;288.65
1;1000;3;100;10000;3;38392;230.19
1;1000;3;100;10000;6;37995;240.88
1;1000;3;100;1.00E+05;1;3336.3;2968.2
1;1000;3;100;1.00E+05;2;3467.6;2802.8
1;1000;3;100;1.00E+05;3;3847.9;2464.4
1;1000;3;100;1.00E+05;6;3789.8;2072.4
1;1000;3;100;1.00E+06;1;334.06;25892
1;1000;3;100;1.00E+06;2;346.78;24881
1;1000;3;100;1.00E+06;3;375.33;21893
1;1000;3;100;1.00E+06;6;370.56;21758
1;1000;3;1000;10;1;53086;162.41
1;1000;3;1000;10;2;46314;12.742
1;1000;3;1000;10;3;47617;27.949
1;1000;3;1000;10;6;45337;14.787
1;1000;3;1000;100;1;54940;177.28
1;1000;3;1000;100;2;45419;15.543
1;1000;3;1000;100;3;46846;32.256
1;1000;3;1000;100;6;45490;28.593
1;1000;3;1000;1000;1;51066;187.65
1;1000;3;1000;1000;2;49413;21.883
1;1000;3;1000;1000;3;50063;21.64
1;1000;3;1000;1000;6;47876;36.371
1;1000;3;1000;10000;1;27008;438.4
1;1000;3;1000;10000;2;33629;289.63
1;1000;3;1000;10000;3;38415;246.87
1;1000;3;1000;10000;6;37934;228
1;1000;3;1000;1.00E+05;1;3464;2924.6
1;1000;3;1000;1.00E+05;2;3467.2;2541.6
1;1000;3;1000;1.00E+05;3;3715.6;2423.6
1;1000;3;1000;1.00E+05;6;3804.4;2131.2
1;1000;3;1000;1.00E+06;1;314.22;25885
1;1000;3;1000;1.00E+06;2;353.89;24490
1;1000;3;1000;1.00E+06;3;356.65;20466
1;1000;3;1000;1.00E+06;6;376;22107
1;1000;4;10;10;1;33632;37.441
1;1000;4;10;10;2;38428;19.591
1;1000;4;10;10;3;40522;21.324
1;1000;4;10;10;6;37670;20.113
1;1000;4;10;100;1;35011;32.724
1;1000;4;10;100;2;39087;20.183
1;1000;4;10;100;3;41342;43.247
1;1000;4;10;100;6;39325;23.038
1;1000;4;10;1000;1;34547;55.479
1;1000;4;10;1000;2;39835;48.004
1;1000;4;10;1000;3;38743;25.413
1;1000;4;10;1000;6;40293;118.89
1;1000;4;10;10000;1;25657;317.56
1;1000;4;10;10000;2;27023;308.29
1;1000;4;10;10000;3;30476;313.48
1;1000;4;10;10000;6;29619;274.96
1;1000;4;10;1.00E+05;1;3411.4;2867.4
1;1000;4;10;1.00E+05;2;2715.4;3099
1;1000;4;10;1.00E+05;3;3114.3;2677.1
1;1000;4;10;1.00E+05;6;3031.1;2718.7
1;1000;4;10;1.00E+06;1;317.67;26865
1;1000;4;10;1.00E+06;2;284.67;22905
1;1000;4;10;1.00E+06;3;316.18;26473
1;1000;4;10;1.00E+06;6;305.56;25507
1;1000;4;100;10;1;33458;30.445
1;1000;4;100;10;2;37932;39.801
1;1000;4;100;10;3;39854;45.642
1;1000;4;100;10;6;36671;40.141
1;1000;4;100;100;1;33493;57.023
1;1000;4;100;100;2;38864;41.287
1;1000;4;100;100;3;40378;46.149
1;1000;4;100;100;6;38799;42.889
1;1000;4;100;1000;1;33469;48.443
1;1000;4;100;1000;2;36838;24.558
1;1000;4;100;1000;3;38946;50.613
1;1000;4;100;1000;6;39152;54.256
1;1000;4;100;10000;1;26076;294.7
1;1000;4;100;10000;2;26946;359.02
1;1000;4;100;10000;3;30252;296.96
1;1000;4;100;10000;6;30587;315.82
1;1000;4;100;1.00E+05;1;3439.1;2978.7
1;1000;4;100;1.00E+05;2;2695.4;3606.7
1;1000;4;100;1.00E+05;3;3062.1;2678.5
1;1000;4;100;1.00E+05;6;2973.3;3185.4
1;1000;4;100;1.00E+06;1;367.41;26624
1;1000;4;100;1.00E+06;2;275.67;25009
1;1000;4;100;1.00E+06;3;300.53;26275
1;1000;4;100;1.00E+06;6;303.44;25765
1;1000;4;1000;10;1;33110;57.456
1;1000;4;1000;10;2;39522;41.846
1;1000;4;1000;10;3;39671;44.231
1;1000;4;1000;10;6;37942;45.917
1;1000;4;1000;100;1;35054;60.836
1;1000;4;1000;100;2;38577;42.773
1;1000;4;1000;100;3;39766;46.61
1;1000;4;1000;100;6;40464;42.112
1;1000;4;1000;1000;1;36497;51.759
1;1000;4;1000;1000;2;38698;26.528
1;1000;4;1000;1000;3;40892;48.723
1;1000;4;1000;1000;6;41146;48.109
1;1000;4;1000;10000;1;25839;439.94
1;1000;4;1000;10000;2;26798;337.31
1;1000;4;1000;10000;3;30465;310.85
1;1000;4;1000;10000;6;30107;281.58
1;1000;4;1000;1.00E+05;1;3375.3;3014.6
1;1000;4;1000;1.00E+05;2;2667.7;3144.7
1;1000;4;1000;1.00E+05;3;3027.4;3016.1
1;1000;4;1000;1.00E+05;6;3051.8;2782.5
1;1000;4;1000;1.00E+06;1;344.18;26509
1;1000;4;1000;1.00E+06;2;322.83;21478
1;1000;4;1000;1.00E+06;3;321.94;25085
1;1000;4;1000;1.00E+06;6;319.47;26308
1;1000;5;10;10;1;39325;147.53
1;1000;5;10;10;2;37355;31.005
1;1000;5;10;10;3;36086;29.992
1;1000;5;10;10;6;33949;241.53
1;1000;5;10;100;1;36733;243.77
1;1000;5;10;100;2;38132;34.145
1;1000;5;10;100;3;36393;130.11
1;1000;5;10;100;6;35065;28.181
1;1000;5;10;1000;1;31841;283.09
1;1000;5;10;1000;2;39014;54.999
1;1000;5;10;1000;3;37081;149.41
1;1000;5;10;1000;6;32758;198.4
1;1000;5;10;10000;1;16806;651.7
1;1000;5;10;10000;2;19390;449.84
1;1000;5;10;10000;3;24751;325.06
1;1000;5;10;10000;6;25455;308.28
1;1000;5;10;1.00E+05;1;1655.9;5865.8
1;1000;5;10;1.00E+05;2;1937;4734.3
1;1000;5;10;1.00E+05;3;2513.5;3545.5
1;1000;5;10;1.00E+05;6;2493.9;3926.9
1;1000;5;10;1.00E+06;1;269.92;36990
1;1000;5;10;1.00E+06;2;206.94;29983
1;1000;5;10;1.00E+06;3;275.56;27372
1;1000;5;10;1.00E+06;6;254.06;28543
1;1000;5;100;10;1;37894;204.65
1;1000;5;100;10;2;37558;31.842
1;1000;5;100;10;3;35317;27.223
1;1000;5;100;10;6;35344;28.027
1;1000;5;100;100;1;36722;204.54
1;1000;5;100;100;2;37995;31.508
1;1000;5;100;100;3;35575;29.102
1;1000;5;100;100;6;33861;198.27
1;1000;5;100;1000;1;33109;313.08
1;1000;5;100;1000;2;38148;49.835
1;1000;5;100;1000;3;36616;37.268
1;1000;5;100;1000;6;33903;188.96
1;1000;5;100;10000;1;16438;621.57
1;1000;5;100;10000;2;18976;441.51
1;1000;5;100;10000;3;25384;331.31
1;1000;5;100;10000;6;25135;329.2
1;1000;5;100;1.00E+05;1;1694.3;5648.1
1;1000;5;100;1.00E+05;2;1966.5;4923.3
1;1000;5;100;1.00E+05;3;2584.2;3586.6
1;1000;5;100;1.00E+05;6;2546.7;3853.4
1;1000;5;100;1.00E+06;1;266.45;40328
1;1000;5;100;1.00E+06;2;192.5;32446
1;1000;5;100;1.00E+06;3;248;27451
1;1000;5;100;1.00E+06;6;245.94;29765
1;1000;5;1000;10;1;38936;240.59
1;1000;5;1000;10;2;39714;32.945
1;1000;5;1000;10;3;35055;132.46
1;1000;5;1000;10;6;35714;27.797
1;1000;5;1000;100;1;37157;183.6
1;1000;5;1000;100;2;35436;29.029
1;1000;5;1000;100;3;35152;28.472
1;1000;5;1000;100;6;35104;181.2
1;1000;5;1000;1000;1;32851;271.74
1;1000;5;1000;1000;2;36417;40.877
1;1000;5;1000;1000;3;34811;36.579
1;1000;5;1000;1000;6;35486;36.287
1;1000;5;1000;10000;1;16407;741.41
1;1000;5;1000;10000;2;19284;439.9
1;1000;5;1000;10000;3;25488;335.69
1;1000;5;1000;10000;6;25430;501.08
1;1000;5;1000;1.00E+05;1;1678.5;5914.5
1;1000;5;1000;1.00E+05;2;2020.4;4906
1;1000;5;1000;1.00E+05;3;2571.3;3810.2
1;1000;5;1000;1.00E+05;6;2535.7;3908.1
1;1000;5;1000;1.00E+06;1;453.43;34303
1;1000;5;1000;1.00E+06;2;192.78;29665
1;1000;5;1000;1.00E+06;3;263.41;27887
1;1000;5;1000;1.00E+06;6;279.59;25936
1;10000;2;10;10;1;50648;1339.4
1;10000;2;10;10;2;58514;12.741
1;10000;2;10;10;3;55855;9.7753
1;10000;2;10;10;6;56027;10.549
1;10000;2;10;100;1;48368;1828.4
1;10000;2;10;100;2;60273;14.899
1;10000;2;10;100;3;58029;443.97
1;10000;2;10;100;6;54560;10.345
1;10000;2;10;1000;1;43461;2019.5
1;10000;2;10;1000;2;63551;341.14
1;10000;2;10;1000;3;59648;335.06
1;10000;2;10;1000;6;58570;10.913
1;10000;2;10;10000;1;27500;3300.9
1;10000;2;10;10000;2;33904;2491.9
1;10000;2;10;10000;3;51204;1670.5
1;10000;2;10;10000;6;51032;1933.4
1;10000;2;10;1.00E+05;1;3360.2;23624
1;10000;2;10;1.00E+05;2;3440.9;23372
1;10000;2;10;1.00E+05;3;5108.2;15097
1;10000;2;10;1.00E+05;6;5195;15588
1;10000;2;10;1.00E+06;1;-144.53;6310.1
1;10000;2;10;1.00E+06;2;29.385;6043.7
1;10000;2;10;1.00E+06;3;90.214;5066
1;10000;2;10;1.00E+06;6;24;5433.5
1;10000;2;100;10;1;47766;1674.9
1;10000;2;100;10;2;61565;12.502
1;10000;2;100;10;3;55209;9.9603
1;10000;2;100;10;6;55472;9.5977
1;10000;2;100;100;1;46985;1852.3
1;10000;2;100;100;2;62858;15.697
1;10000;2;100;100;3;58913;11.432
1;10000;2;100;100;6;55205;10.422
1;10000;2;100;1000;1;43025;2625
1;10000;2;100;1000;2;61781;22.916
1;10000;2;100;1000;3;61071;12.597
1;10000;2;100;1000;6;56956;38.321
1;10000;2;100;10000;1;29042;3983.9
1;10000;2;100;10000;2;34022;2455.2
1;10000;2;100;10000;3;50760;1688.7
1;10000;2;100;10000;6;51291;1640.9
1;10000;2;100;1.00E+05;1;3442.4;23982
1;10000;2;100;1.00E+05;2;3471.6;23255
1;10000;2;100;1.00E+05;3;5111.3;14734
1;10000;2;100;1.00E+05;6;5210.2;15000
1;10000;2;100;1.00E+06;1;-139.8;6196.9
1;10000;2;100;1.00E+06;2;0;6222.3
1;10000;2;100;1.00E+06;3;42;5243.6
1;10000;2;100;1.00E+06;6;50.769;4877.6
1;10000;2;1000;10;1;50052;1839
1;10000;2;1000;10;2;58704;12.817
1;10000;2;1000;10;3;58508;377.93
1;10000;2;1000;10;6;53950;511.94
1;10000;2;1000;100;1;45997;2419.3
1;10000;2;1000;100;2;62179;14.247
1;10000;2;1000;100;3;58487;10.694
1;10000;2;1000;100;6;54178;519.11
1;10000;2;1000;1000;1;45230;2557.6
1;10000;2;1000;1000;2;64818;26.828
1;10000;2;1000;1000;3;60857;12.059
1;10000;2;1000;1000;6;59986;440.12
1;10000;2;1000;10000;1;28341;4024.2
1;10000;2;1000;10000;2;34341;2393.1
1;10000;2;1000;10000;3;50724;1695.5
1;10000;2;1000;10000;6;50867;1958.2
1;10000;2;1000;1.00E+05;1;3421.7;24011
1;10000;2;1000;1.00E+05;2;3448.7;22972
1;10000;2;1000;1.00E+05;3;5119.5;16316
1;10000;2;1000;1.00E+05;6;5120.4;13858
1;10000;2;1000;1.00E+06;1;-127.38;6518.3
1;10000;2;1000;1.00E+06;2;156.29;5663
1;10000;2;1000;1.00E+06;3;131.2;5033.9
1;10000;2;1000;1.00E+06;6;313.92;5266.7
1;10000;3;10;10;1;44372;2292.7
1;10000;3;10;10;2;48864;19.862
1;10000;3;10;10;3;44857;14.141
1;10000;3;10;10;6;45334;14.933
1;10000;3;10;100;1;42905;2016.1
1;10000;3;10;100;2;49392;560.64
1;10000;3;10;100;3;44938;584.08
1;10000;3;10;100;6;44101;1448.8
1;10000;3;10;1000;1;40205;2612.7
1;10000;3;10;1000;2;49570;21.227
1;10000;3;10;1000;3;47130;19.237
1;10000;3;10;1000;6;45622;1300.8
1;10000;3;10;10000;1;26861;4308.4
1;10000;3;10;10000;2;32770;2656
1;10000;3;10;10000;3;38080;2138.8
1;10000;3;10;10000;6;37647;2116
1;10000;3;10;1.00E+05;1;3421.2;25029
1;10000;3;10;1.00E+05;2;3364.5;20033
1;10000;3;10;1.00E+05;3;3879.9;16808
1;10000;3;10;1.00E+05;6;3875.6;20899
1;10000;3;10;1.00E+06;1;-3.8571;4781.9
1;10000;3;10;1.00E+06;2;-4.4286;5322.9
1;10000;3;10;1.00E+06;3;209;6607.3
1;10000;3;10;1.00E+06;6;-297.83;7315.9
1;10000;3;100;10;1;47357;2139.3
1;10000;3;100;10;2;48041;20.639
1;10000;3;100;10;3;47193;710.12
1;10000;3;100;10;6;44954;1223.7
1;10000;3;100;100;1;44873;2181.8
1;10000;3;100;100;2;48821;19.22
1;10000;3;100;100;3;44877;595.16
1;10000;3;100;100;6;42860;1085.6
1;10000;3;100;1000;1;40826;2644.8
1;10000;3;100;1000;2;49145;997.32
1;10000;3;100;1000;3;44788;826.93
1;10000;3;100;1000;6;45016;1329.1
1;10000;3;100;10000;1;25644;4743.8
1;10000;3;100;10000;2;31888;2790.5
1;10000;3;100;10000;3;37940;2155
1;10000;3;100;10000;6;38092;3210.1
1;10000;3;100;1.00E+05;1;3356.5;25438
1;10000;3;100;1.00E+05;2;3427.2;20806
1;10000;3;100;1.00E+05;3;3841.7;16962
1;10000;3;100;1.00E+05;6;3753.7;19151
1;10000;3;100;1.00E+06;1;14.769;5413.3
1;10000;3;100;1.00E+06;2;46.143;4613.1
1;10000;3;100;1.00E+06;3;-149.67;7379.7
1;10000;3;100;1.00E+06;6;-209.27;8354.7
1;10000;3;1000;10;1;43450;2700.1
1;10000;3;1000;10;2;45252;14.041
1;10000;3;1000;10;3;44133;585.61
1;10000;3;1000;10;6;42104;1294.7
1;10000;3;1000;100;1;42307;2372.9
1;10000;3;1000;100;2;48195;22.595
1;10000;3;1000;100;3;42386;627.77
1;10000;3;1000;100;6;45040;1240
1;10000;3;1000;1000;1;42054;2697.4
1;10000;3;1000;1000;2;49461;20.924
1;10000;3;1000;1000;3;47884;779.16
1;10000;3;1000;1000;6;45958;1117.9
1;10000;3;1000;10000;1;26652;4232.5
1;10000;3;1000;10000;2;34009;3542.3
1;10000;3;1000;10000;3;38104;2825.5
1;10000;3;1000;10000;6;38479;3289.5
1;10000;3;1000;1.00E+05;1;3425.2;24667
1;10000;3;1000;1.00E+05;2;3421.8;22240
1;10000;3;1000;1.00E+05;3;3793.4;20100
1;10000;3;1000;1.00E+05;6;3845.7;20138
1;10000;3;1000;1.00E+06;1;-24.833;5542.7
1;10000;3;1000;1.00E+06;2;-12.429;4221.3
1;10000;3;1000;1.00E+06;3;-58.6;7574.3
1;10000;3;1000;1.00E+06;6;-198.71;8293.7
1;10000;4;10;10;1;36375;719.39
1;10000;4;10;10;2;40010;23.443
1;10000;4;10;10;3;40107;983.1
1;10000;4;10;10;6;38651;21.747
1;10000;4;10;100;1;36679;849.13
1;10000;4;10;100;2;40618;629.54
1;10000;4;10;100;3;41032;940.37
1;10000;4;10;100;6;40020;23.031
1;10000;4;10;1000;1;34651;925.12
1;10000;4;10;1000;2;39052;26.811
1;10000;4;10;1000;3;40946;960.91
1;10000;4;10;1000;6;39743;2215.7
1;10000;4;10;10000;1;24866;4201
1;10000;4;10;10000;2;27432;3115.2
1;10000;4;10;10000;3;30850;2637.8
1;10000;4;10;10000;6;30545;2621.3
1;10000;4;10;1.00E+05;1;3424.8;24688
1;10000;4;10;1.00E+05;2;2929.8;22535
1;10000;4;10;1.00E+05;3;3114.6;24774
1;10000;4;10;1.00E+05;6;3103.2;17797
1;10000;4;10;1.00E+06;1;349.54;8695.1
1;10000;4;10;1.00E+06;2;66.833;6543.9
1;10000;4;10;1.00E+06;3;26.083;8904.9
1;10000;4;10;1.00E+06;6;22.833;9122.7
1;10000;4;100;10;1;35743;1558.2
1;10000;4;100;10;2;39498;21.269
1;10000;4;100;10;3;38317;1236.7
1;10000;4;100;10;6;37679;20.554
1;10000;4;100;100;1;34639;619.99
1;10000;4;100;100;2;40334;23.443
1;10000;4;100;100;3;38833;1290.1
1;10000;4;100;100;6;38312;20.972
1;10000;4;100;1000;1;36843;304.42
1;10000;4;100;1000;2;40366;29.966
1;10000;4;100;1000;3;39539;1081.2
1;10000;4;100;1000;6;38133;2223.6
1;10000;4;100;10000;1;25680;4050.9
1;10000;4;100;10000;2;27285;3126.6
1;10000;4;100;10000;3;30971;3642.8
1;10000;4;100;10000;6;30622;2575.7
1;10000;4;100;1.00E+05;1;3394.5;23475
1;10000;4;100;1.00E+05;2;2800.9;18375
1;10000;4;100;1.00E+05;3;3117.6;17972
1;10000;4;100;1.00E+05;6;3033.3;17525
1;10000;4;100;1.00E+06;1;-72.333;9147.5
1;10000;4;100;1.00E+06;2;-21.455;6369.4
1;10000;4;100;1.00E+06;3;-174.77;9156.5
1;10000;4;100;1.00E+06;6;-223.64;8595
1;10000;4;1000;10;1;36453;646.02
1;10000;4;1000;10;2;39124;20.723
1;10000;4;1000;10;3;41109;22.604
1;10000;4;1000;10;6;38830;1843.7
1;10000;4;1000;100;1;34475;45.489
1;10000;4;1000;100;2;39481;23.774
1;10000;4;1000;100;3;40007;1198.9
1;10000;4;1000;100;6;38819;2023.3
1;10000;4;1000;1000;1;34298;50.508
1;10000;4;1000;1000;2;40464;29.809
1;10000;4;1000;1000;3;39484;24.994
1;10000;4;1000;1000;6;38798;25.919
1;10000;4;1000;10000;1;25423;3595.3
1;10000;4;1000;10000;2;28035;4085.9
1;10000;4;1000;10000;3;30695;3724.6
1;10000;4;1000;10000;6;31445;4355.6
1;10000;4;1000;1.00E+05;1;3374.4;23720
1;10000;4;1000;1.00E+05;2;3110.6;22345
1;10000;4;1000;1.00E+05;3;3135.2;23613
1;10000;4;1000;1.00E+05;6;3096.8;25409
1;10000;4;1000;1.00E+06;1;4.2727;9073.4
1;10000;4;1000;1.00E+06;2;72.643;6470.3
1;10000;4;1000;1.00E+06;3;-115.93;8927
1;10000;4;1000;1.00E+06;6;31.923;9905.2
1;10000;5;10;10;1;34840;2417.6
1;10000;5;10;10;2;39316;34.966
1;10000;5;10;10;3;35473;27.509
1;10000;5;10;10;6;34272;26.327
1;10000;5;10;100;1;36220;1711.1
1;10000;5;10;100;2;38278;36.359
1;10000;5;10;100;3;37119;32.036
1;10000;5;10;100;6;35117;28.146
1;10000;5;10;1000;1;31070;2793.7
1;10000;5;10;1000;2;41222;62.358
1;10000;5;10;1000;3;34846;36.497
1;10000;5;10;1000;6;34290;34.494
1;10000;5;10;10000;1;17133;6207.3
1;10000;5;10;10000;2;19346;4086.8
1;10000;5;10;10000;3;25123;5056.6
1;10000;5;10;10000;6;25408;2907.3
1;10000;5;10;1.00E+05;1;2341.4;32809
1;10000;5;10;1.00E+05;2;2448.2;26670
1;10000;5;10;1.00E+05;3;2366.5;21393
1;10000;5;10;1.00E+05;6;2771.6;18696
1;10000;5;10;1.00E+06;1;-11.867;9410.2
1;10000;5;10;1.00E+06;2;-145;11579
1;10000;5;10;1.00E+06;3;-26.083;10783
1;10000;5;10;1.00E+06;6;75.692;2827.5
1;10000;5;100;10;1;32931;2601.6
1;10000;5;100;10;2;39185;30.792
1;10000;5;100;10;3;35820;1862
1;10000;5;100;10;6;36106;29.81
1;10000;5;100;100;1;35117;2415.9
1;10000;5;100;100;2;38278;33.872
1;10000;5;100;100;3;35548;1665.2
1;10000;5;100;100;6;34748;29.517
1;10000;5;100;1000;1;30246;3304.6
1;10000;5;100;1000;2;38524;53.883
1;10000;5;100;1000;3;34655;36.803
1;10000;5;100;1000;6;33996;34.427
1;10000;5;100;10000;1;17207;5206
1;10000;5;100;10000;2;19623;4142.5
1;10000;5;100;10000;3;25322;3057.2
1;10000;5;100;10000;6;25858;2946.6
1;10000;5;100;1.00E+05;1;2616.2;30428
1;10000;5;100;1.00E+05;2;1964.9;27105
1;10000;5;100;1.00E+05;3;908.69;11820
1;10000;5;100;1.00E+05;6;-942.41;13757
1;10000;5;100;1.00E+06;1;75.308;8144
1;10000;5;100;1.00E+06;2;28.643;12836
1;10000;5;100;1.00E+06;3;-106.54;9099.4
1;10000;5;100;1.00E+06;6;-12.6;9980.6
1;10000;5;1000;10;1;33819;3205.1
1;10000;5;1000;10;2;37609;34.511
1;10000;5;1000;10;3;36725;1172.7
1;10000;5;1000;10;6;35785;29.602
1;10000;5;1000;100;1;33501;2504.4
1;10000;5;1000;100;2;40750;45.948
1;10000;5;1000;100;3;35988;1554.1
1;10000;5;1000;100;6;34373;29.36
1;10000;5;1000;1000;1;30005;3870.7
1;10000;5;1000;1000;2;38980;53.699
1;10000;5;1000;1000;3;37438;49.083
1;10000;5;1000;1000;6;30740;5630.6
1;10000;5;1000;10000;1;17123;6972.7
1;10000;5;1000;10000;2;19357;4041.8
1;10000;5;1000;10000;3;25601;3157
1;10000;5;1000;10000;6;15416;11087
1;10000;5;1000;1.00E+05;1;2398.8;29856
1;10000;5;1000;1.00E+05;2;2031.3;29653
1;10000;5;1000;1.00E+05;3;-700.57;15101
1;10000;5;1000;1.00E+05;6;2816.8;16458
1;10000;5;1000;1.00E+06;1;-133.21;9418.8
1;10000;5;1000;1.00E+06;2;-16.143;11824
1;10000;5;1000;1.00E+06;3;44.818;10564
1;10000;5;1000;1.00E+06;6;66.75;6108.6
3;1;2;10;10;1;20202;1.5534
3;1;2;10;10;2;20979;1.5086
3;1;2;10;10;3;20988;1.4966
3;1;2;10;10;6;21238;1.4724
3;1;2;10;100;1;20048;1.5385
3;1;2;10;100;2;20755;1.4638
3;1;2;10;100;3;21186;1.4805
3;1;2;10;100;6;21357;1.4511
3;1;2;10;1000;1;20580;1.5383
3;1;2;10;1000;2;20457;1.504
3;1;2;10;1000;3;20492;1.5063
3;1;2;10;1000;6;20657;1.5132
3;1;2;10;10000;1;16987;1.9006
3;1;2;10;10000;2;16604;1.8126
3;1;2;10;10000;3;16717;1.8092
3;1;2;10;10000;6;16881;1.8397
3;1;2;10;1.00E+05;1;7464.3;4.731
3;1;2;10;1.00E+05;2;8942.6;3.5546
3;1;2;10;1.00E+05;3;8627.8;3.4994
3;1;2;10;1.00E+05;6;8633.7;3.5638
3;1;2;10;1.00E+06;1;914.28;42.298
3;1;2;10;1.00E+06;2;1092.8;27.948
3;1;2;10;1.00E+06;3;1454.6;19.964
3;1;2;10;1.00E+06;6;1474.8;19.263
3;1;2;100;10;1;20358;1.5626
3;1;2;100;10;2;21200;2.0172
3;1;2;100;10;3;20628;1.4477
3;1;2;100;10;6;20694;1.5103
3;1;2;100;100;1;19732;1.5983
3;1;2;100;100;2;21127;1.492
3;1;2;100;100;3;21204;1.4563
3;1;2;100;100;6;20712;1.4638
3;1;2;100;1000;1;20657;1.5879
3;1;2;100;1000;2;21080;1.5092
3;1;2;100;1000;3;21272;1.454
3;1;2;100;1000;6;20644;1.5052
3;1;2;100;10000;1;16787;2.0259
3;1;2;100;10000;2;16389;1.8477
3;1;2;100;10000;3;17093;1.8638
3;1;2;100;10000;6;16413;1.8506
3;1;2;100;1.00E+05;1;7204.3;4.7
3;1;2;100;1.00E+05;2;8641;3.6948
3;1;2;100;1.00E+05;3;8664.7;3.6253
3;1;2;100;1.00E+05;6;8667.6;3.5523
3;1;2;100;1.00E+06;1;909.5;42.518
3;1;2;100;1.00E+06;2;1111.4;26.887
3;1;2;100;1.00E+06;3;1531.7;19.568
3;1;2;100;1.00E+06;6;1493.2;19.491
3;1;2;1000;10;1;19824;1.6546
3;1;2;1000;10;2;21175;1.5201
3;1;2;1000;10;3;20944;1.5132
3;1;2;1000;10;6;20853;1.4891
3;1;2;1000;100;1;20216;1.6429
3;1;2;1000;100;2;20874;1.4971
3;1;2;1000;100;3;20713;1.5075
3;1;2;1000;100;6;21269;1.5011
3;1;2;1000;1000;1;20445;1.6132
3;1;2;1000;1000;2;20971;1.4989
3;1;2;1000;1000;3;20729;1.5121
3;1;2;1000;1000;6;20793;1.5069
3;1;2;1000;10000;1;17066;1.9063
3;1;2;1000;10000;2;16905;1.8356
3;1;2;1000;10000;3;16927;1.8098
3;1;2;1000;10000;6;16822;1.8287
3;1;2;1000;1.00E+05;1;7101.3;4.6718
3;1;2;1000;1.00E+05;2;8895.5;3.6052
3;1;2;1000;1.00E+05;3;8679.9;3.5701
3;1;2;1000;1.00E+05;6;8712.1;3.5632
3;1;2;1000;1.00E+06;1;906.56;42.499
3;1;2;1000;1.00E+06;2;1131.9;26.878
3;1;2;1000;1.00E+06;3;1509.4;19.663
3;1;2;1000;1.00E+06;6;1508.6;19.376
3;1;3;10;10;1;15030;2.1753
3;1;3;10;10;2;15867;2.0052
3;1;3;10;10;3;15844;1.9523
3;1;3;10;10;6;15721;1.937
3;1;3;10;100;1;14603;2.2443
3;1;3;10;100;2;15928;2.0523
3;1;3;10;100;3;15997;2.7414
3;1;3;10;100;6;15672;2.6393
3;1;3;10;1000;1;14725;2.2931
3;1;3;10;1000;2;15689;2.0155
3;1;3;10;1000;3;15593;1.9672
3;1;3;10;1000;6;15291;1.9821
3;1;3;10;10000;1;11424;2.8224
3;1;3;10;10000;2;11830;2.5787
3;1;3;10;10000;3;12054;2.5822
3;1;3;10;10000;6;11950;2.5694
3;1;3;10;1.00E+05;1;3321.8;8.5437
3;1;3;10;1.00E+05;2;5023.7;8.4149
3;1;3;10;1.00E+05;3;5456.2;5.8839
3;1;3;10;1.00E+05;6;5138.9;6.0243
3;1;3;10;1.00E+06;1;351.22;86.357
3;1;3;10;1.00E+06;2;504.41;58.857
3;1;3;10;1.00E+06;3;742.61;38.97
3;1;3;10;1.00E+06;6;706.28;47.035
3;1;3;100;10;1;14936;2.1879
3;1;3;100;10;2;15664;2.0046
3;1;3;100;10;3;15849;1.9312
3;1;3;100;10;6;15668;1.9671
3;1;3;100;100;1;15292;2.1466
3;1;3;100;100;2;15659;1.9753
3;1;3;100;100;3;15760;1.9509
3;1;3;100;100;6;15541;1.9613
3;1;3;100;1000;1;14748;2.1718
3;1;3;100;1000;2;15651;2.0362
3;1;3;100;1000;3;15569;1.9624
3;1;3;100;1000;6;15363;1.9942
3;1;3;100;10000;1;11644;2.8454
3;1;3;100;10000;2;11988;2.6247
3;1;3;100;10000;3;12037;2.5862
3;1;3;100;10000;6;11809;2.5896
3;1;3;100;1.00E+05;1;3424.2;8.7
3;1;3;100;1.00E+05;2;5069.2;6.3236
3;1;3;100;1.00E+05;3;5335.9;5.8276
3;1;3;100;1.00E+05;6;5135.9;6.0925
3;1;3;100;1.00E+06;1;340;88.214
3;1;3;100;1.00E+06;2;519.5;55.734
3;1;3;100;1.00E+06;3;734.35;38.598
3;1;3;100;1.00E+06;6;753.06;37.44
3;1;3;1000;10;1;14922;2.1896
3;1;3;1000;10;2;15864;2.0299
3;1;3;1000;10;3;16320;1.9431
3;1;3;1000;10;6;15589;1.952
3;1;3;1000;100;1;15020;2.1805
3;1;3;1000;100;2;15650;2.0805
3;1;3;1000;100;3;15954;1.9592
3;1;3;1000;100;6;16135;1.9514
3;1;3;1000;1000;1;14518;2.1925
3;1;3;1000;1000;2;15785;2.0546
3;1;3;1000;1000;3;15841;2.0207
3;1;3;1000;1000;6;15756;2.0069
3;1;3;1000;10000;1;11511;2.7379
3;1;3;1000;10000;2;11874;2.6474
3;1;3;1000;10000;3;12156;2.6335
3;1;3;1000;10000;6;11945;2.589
3;1;3;1000;1.00E+05;1;3358.1;8.6885
3;1;3;1000;1.00E+05;2;4834.5;6.3391
3;1;3;1000;1.00E+05;3;5273.7;5.9149
3;1;3;1000;1.00E+05;6;5334.3;6.0815
3;1;3;1000;1.00E+06;1;338.12;83.201
3;1;3;1000;1.00E+06;2;536.06;57.118
3;1;3;1000;1.00E+06;3;768.11;37.926
3;1;3;1000;1.00E+06;6;738.06;39.223
3;1;4;10;10;1;12186;2.5874
3;1;4;10;10;2;12890;2.378
3;1;4;10;10;3;13078;2.3659
3;1;4;10;10;6;13076;2.4628
3;1;4;10;100;1;12554;2.5845
3;1;4;10;100;2;12808;2.411
3;1;4;10;100;3;12858;2.3676
3;1;4;10;100;6;12888;2.4221
3;1;4;10;1000;1;12378;2.6474
3;1;4;10;1000;2;13056;2.4243
3;1;4;10;1000;3;12826;2.3514
3;1;4;10;1000;6;12812;2.45
3;1;4;10;10000;1;8758.6;3.7075
3;1;4;10;10000;2;9585.4;3.2844
3;1;4;10;10000;3;9310.4;3.2098
3;1;4;10;10000;6;9175.7;3.318
3;1;4;10;1.00E+05;1;2660.6;11.423
3;1;4;10;1.00E+05;2;3666.7;8.4821
3;1;4;10;1.00E+05;3;3825.1;8.0682
3;1;4;10;1.00E+05;6;3815.9;8.1517
3;1;4;10;1.00E+06;1;242.78;113.43
3;1;4;10;1.00E+06;2;372.28;75.625
3;1;4;10;1.00E+06;3;495.5;57.956
3;1;4;10;1.00E+06;6;505.08;84.416
3;1;4;100;10;1;12003;2.6224
3;1;4;100;10;2;13106;2.489
3;1;4;100;10;3;13522;2.3636
3;1;4;100;10;6;12818;2.3564
3;1;4;100;100;1;11868;2.596
3;1;4;100;100;2;12894;2.4723
3;1;4;100;100;3;13288;2.3786
3;1;4;100;100;6;13044;2.4023
3;1;4;100;1000;1;12065;2.5989
3;1;4;100;1000;2;12726;2.4676
3;1;4;100;1000;3;13265;2.4549
3;1;4;100;1000;6;13023;2.3942
3;1;4;100;10000;1;8674.9;3.6621
3;1;4;100;10000;2;9290.7;3.3624
3;1;4;100;10000;3;9579.4;4.5462
3;1;4;100;10000;6;9231.1;3.3483
3;1;4;100;1.00E+05;1;2623.2;11.561
3;1;4;100;1.00E+05;2;3621.8;8.3908
3;1;4;100;1.00E+05;3;3786.9;8.3052
3;1;4;100;1.00E+05;6;3768.5;8.4988
3;1;4;100;1.00E+06;1;272.88;112.41
3;1;4;100;1.00E+06;2;385.12;77.918
3;1;4;100;1.00E+06;3;506.06;67.453
3;1;4;100;1.00E+06;6;519.69;57.956
3;1;4;1000;10;1;12120;2.5385
3;1;4;1000;10;2;12928;2.3948
3;1;4;1000;10;3;13093;2.3601
3;1;4;1000;10;6;13182;2.3901
3;1;4;1000;100;1;11912;2.5707
3;1;4;1000;100;2;12814;2.4399
3;1;4;1000;100;3;13159;2.3555
3;1;4;1000;100;6;13076;2.4786
3;1;4;1000;1000;1;12285;2.6305
3;1;4;1000;1000;2;12948;2.4471
3;1;4;1000;1000;3;12959;2.3786
3;1;4;1000;1000;6;12907;2.5723
3;1;4;1000;10000;1;8916.8;3.6184
3;1;4;1000;10000;2;9319.2;3.3561
3;1;4;1000;10000;3;9422.3;3.3023
3;1;4;1000;10000;6;9378.4;3.3674
3;1;4;1000;1.00E+05;1;2596.9;11.355
3;1;4;1000;1.00E+05;2;3682.5;8.4728
3;1;4;1000;1.00E+05;3;3800.9;8.1254
3;1;4;1000;1.00E+05;6;3813.2;8.4901
3;1;4;1000;1.00E+06;1;249.72;109.52
3;1;4;1000;1.00E+06;2;385.65;78.95
3;1;4;1000;1.00E+06;3;489.33;57.046
3;1;4;1000;1.00E+06;6;497.35;57.539
3;1;5;10;10;1;10484;3.1514
3;1;5;10;10;2;10968;2.8763
3;1;5;10;10;3;11232;2.7329
3;1;5;10;10;6;11089;2.8605
3;1;5;10;100;1;10416;3.2064
3;1;5;10;100;2;11206;2.8382
3;1;5;10;100;3;11368;2.7514
3;1;5;10;100;6;10994;2.7721
3;1;5;10;1000;1;10366;3.1659
3;1;5;10;1000;2;10803;2.8751
3;1;5;10;1000;3;10930;2.8514
3;1;5;10;1000;6;10957;2.8919
3;1;5;10;10000;1;6900.9;4.678
3;1;5;10;10000;2;7522.1;4.1908
3;1;5;10;10000;3;7786.8;3.9185
3;1;5;10;10000;6;7531.4;4.0779
3;1;5;10;1.00E+05;1;2207.1;14.076
3;1;5;10;1.00E+05;2;2794.4;11.317
3;1;5;10;1.00E+05;3;2982.2;10.531
3;1;5;10;1.00E+05;6;2892.7;10.442
3;1;5;10;1.00E+06;1;200.83;134.9
3;1;5;10;1.00E+06;2;312.17;92.514
3;1;5;10;1.00E+06;3;383;78.65
3;1;5;10;1.00E+06;6;381.06;77.157
3;1;5;100;10;1;10539;3.1092
3;1;5;100;10;2;11050;2.9017
3;1;5;100;10;3;11473;2.7688
3;1;5;100;10;6;11055;2.793
3;1;5;100;100;1;10306;3.2468
3;1;5;100;100;2;10879;2.9723
3;1;5;100;100;3;11316;2.7954
3;1;5;100;100;6;10828;2.8977
3;1;5;100;1000;1;10143;3.3642
3;1;5;100;1000;2;10818;2.9514
3;1;5;100;1000;3;11196;2.8439
3;1;5;100;1000;6;10778;2.8622
3;1;5;100;10000;1;6741.1;4.9578
3;1;5;100;10000;2;7569.1;4.2659
3;1;5;100;10000;3;7794.6;4.111
3;1;5;100;10000;6;7452.7;5.4977
3;1;5;100;1.00E+05;1;2121.6;14.146
3;1;5;100;1.00E+05;2;2660.3;11.509
3;1;5;100;1.00E+05;3;2923.2;10.765
3;1;5;100;1.00E+05;6;2981.1;10.769
3;1;5;100;1.00E+06;1;188.53;135.64
3;1;5;100;1.00E+06;2;310.33;93.78
3;1;5;100;1.00E+06;3;382.94;76.76
3;1;5;100;1.00E+06;6;372.94;79.792
3;1;5;1000;10;1;10404;3.1948
3;1;5;1000;10;2;10984;2.9809
3;1;5;1000;10;3;10939;2.8734
3;1;5;1000;10;6;11085;2.9512
3;1;5;1000;100;1;10308;3.1913
3;1;5;1000;100;2;10899;2.9723
3;1;5;1000;100;3;11076;2.952
3;1;5;1000;100;6;11045;2.9517
3;1;5;1000;1000;1;9956.6;3.2994
3;1;5;1000;1000;2;10701;2.926
3;1;5;1000;1000;3;10836;2.8694
3;1;5;1000;1000;6;11024;2.9547
3;1;5;1000;10000;1;6985;4.6896
3;1;5;1000;10000;2;7507.6;4.0723
3;1;5;1000;10000;3;7717.6;3.9526
3;1;5;1000;10000;6;7645.9;4.1576
3;1;5;1000;1.00E+05;1;2100.2;14.536
3;1;5;1000;1.00E+05;2;2689.5;11.458
3;1;5;1000;1.00E+05;3;3020.2;10.753
3;1;5;1000;1.00E+05;6;2908.2;11.647
3;1;5;1000;1.00E+06;1;203.59;135.21
3;1;5;1000;1.00E+06;2;309.89;92.113
3;1;5;1000;1.00E+06;3;413;77.652
3;1;5;1000;1.00E+06;6;386.11;76.274
3;10;2;10;10;1;53751;6.9264
3;10;2;10;10;2;58588;5.9644
3;10;2;10;10;3;67553;4.8184
3;10;2;10;10;6;66363;5.1575
3;10;2;10;100;1;52743;6.7868
3;10;2;10;100;2;57540;6.2983
3;10;2;10;100;3;68005;4.8063
3;10;2;10;100;6;66849;5.569
3;10;2;10;1000;1;48573;7.7213
3;10;2;10;1000;2;54588;6.6201
3;10;2;10;1000;3;64213;5.2241
3;10;2;10;1000;6;66645;5.4667
3;10;2;10;10000;1;28182;12.183
3;10;2;10;10000;2;44202;8.2397
3;10;2;10;10000;3;55143;6.0207
3;10;2;10;10000;6;58197;6.4351
3;10;2;10;1.00E+05;1;6219.1;48.997
3;10;2;10;1.00E+05;2;9925.6;30.491
3;10;2;10;1.00E+05;3;15168;20.502
3;10;2;10;1.00E+05;6;15312;20.525
3;10;2;10;1.00E+06;1;625.5;489.4
3;10;2;10;1.00E+06;2;974.67;303.92
3;10;2;10;1.00E+06;3;1551.8;198.05
3;10;2;10;1.00E+06;6;1504.6;192.06
3;10;2;100;10;1;53660;6.523
3;10;2;100;10;2;59097;6.2707
3;10;2;100;10;3;68582;4.5098
3;10;2;100;10;6;66520;4.781
3;10;2;100;100;1;52662;6.6408
3;10;2;100;100;2;57294;7.0178
3;10;2;100;100;3;69023;5.0207
3;10;2;100;100;6;66240;5.4144
3;10;2;100;1000;1;49630;7.1207
3;10;2;100;1000;2;57273;6.1868
3;10;2;100;1000;3;65847;5.154
3;10;2;100;1000;6;65909;5.369
3;10;2;100;10000;1;27868;12.183
3;10;2;100;10000;2;44133;9.2856
3;10;2;100;10000;3;54818;6.3489
3;10;2;100;10000;6;59267;6.2471
3;10;2;100;1.00E+05;1;6347.6;49.609
3;10;2;100;1.00E+05;2;9914.6;31.209
3;10;2;100;1.00E+05;3;15116;20.92
3;10;2;100;1.00E+05;6;15161;20.31
3;10;2;100;1.00E+06;1;632.47;467.89
3;10;2;100;1.00E+06;2;971.44;303
3;10;2;100;1.00E+06;3;1501.9;189.17
3;10;2;100;1.00E+06;6;1532.3;201.22
3;10;2;1000;10;1;52532;7.0287
3;10;2;1000;10;2;57530;6.0425
3;10;2;1000;10;3;65826;5.3287
3;10;2;1000;10;6;66492;5.4603
3;10;2;1000;100;1;52656;6.8161
3;10;2;1000;100;2;57016;6.5385
3;10;2;1000;100;3;65465;5.0224
3;10;2;1000;100;6;66535;5.4224
3;10;2;1000;1000;1;48026;7.4914
3;10;2;1000;1000;2;54780;7.4264
3;10;2;1000;1000;3;65032;5.3167
3;10;2;1000;1000;6;65259;5.3943
3;10;2;1000;10000;1;28141;11.808
3;10;2;1000;10000;2;43977;8.8224
3;10;2;1000;10000;3;54858;6.1437
3;10;2;1000;10000;6;58294;6.2672
3;10;2;1000;1.00E+05;1;6270.1;49.433
3;10;2;1000;1.00E+05;2;9909.4;31.136
3;10;2;1000;1.00E+05;3;14990;22.024
3;10;2;1000;1.00E+05;6;15379;21.192
3;10;2;1000;1.00E+06;1;633.12;480.11
3;10;2;1000;1.00E+06;2;942.56;299.1
3;10;2;1000;1.00E+06;3;1500.4;191.66
3;10;2;1000;1.00E+06;6;1518.8;197.52
3;10;3;10;10;1;39176;9.6397
3;10;3;10;10;2;45610;8.331
3;10;3;10;10;3;48036;7.7322
3;10;3;10;10;6;51872;7.1324
3;10;3;10;100;1;39676;9.092
3;10;3;10;100;2;44342;8.8305
3;10;3;10;100;3;48201;7.9879
3;10;3;10;100;6;51305;7.0468
3;10;3;10;1000;1;36732;9.808
3;10;3;10;1000;2;42658;9.3661
3;10;3;10;1000;3;46896;8.096
3;10;3;10;1000;6;49351;7.3867
3;10;3;10;10000;1;21994;15.937
3;10;3;10;10000;2;30433;13.305
3;10;3;10;10000;3;36715;10.087
3;10;3;10;10000;6;38525;9.9445
3;10;3;10;1.00E+05;1;3407.6;87.601
3;10;3;10;1.00E+05;2;5452.3;56.828
3;10;3;10;1.00E+05;3;7511.7;39.465
3;10;3;10;1.00E+05;6;7635.6;42.218
3;10;3;10;1.00E+06;1;311.5;864.13
3;10;3;10;1.00E+06;2;539.47;546.11
3;10;3;10;1.00E+06;3;741.33;380.78
3;10;3;10;1.00E+06;6;807.22;373.46
3;10;3;100;10;1;40468;9.0489
3;10;3;100;10;2;46400;8.5557
3;10;3;100;10;3;48833;7.5793
3;10;3;100;10;6;50812;7.3867
3;10;3;100;100;1;39990;8.9092
3;10;3;100;100;2;45094;8.7213
3;10;3;100;100;3;48170;7.6247
3;10;3;100;100;6;50818;7.3671
3;10;3;100;1000;1;35228;10.797
3;10;3;100;1000;2;42500;9.2707
3;10;3;100;1000;3;46793;8.4879
3;10;3;100;1000;6;49314;7.822
3;10;3;100;10000;1;22507;15.634
3;10;3;100;10000;2;32262;12.554
3;10;3;100;10000;3;37438;10.118
3;10;3;100;10000;6;39558;10.219
3;10;3;100;1.00E+05;1;3468.1;90.297
3;10;3;100;1.00E+05;2;5481.6;58.025
3;10;3;100;1.00E+05;3;7725.7;40.043
3;10;3;100;1.00E+05;6;7592.8;40.092
3;10;3;100;1.00E+06;1;331.39;869.61
3;10;3;100;1.00E+06;2;547.83;572.47
3;10;3;100;1.00E+06;3;742.59;389.53
3;10;3;100;1.00E+06;6;794.72;374.71
3;10;3;1000;10;1;39072;9.0856
3;10;3;1000;10;2;45734;9.4098
3;10;3;1000;10;3;47336;8.4747
3;10;3;1000;10;6;52276;7.2156
3;10;3;1000;100;1;40020;9.6069
3;10;3;1000;100;2;45534;9.3638
3;10;3;1000;100;3;48340;8
3;10;3;1000;100;6;50916;7.4087
3;10;3;1000;1000;1;35896;10.459
3;10;3;1000;1000;2;41652;8.9937
3;10;3;1000;1000;3;45314;8.2701
3;10;3;1000;1000;6;48855;7.8867
3;10;3;1000;10000;1;22709;15.775
3;10;3;1000;10000;2;32302;12.132
3;10;3;1000;10000;3;37048;10.263
3;10;3;1000;10000;6;39239;10.177
3;10;3;1000;1.00E+05;1;3396.4;87.456
3;10;3;1000;1.00E+05;2;5398.7;57.953
3;10;3;1000;1.00E+05;3;7528;40.117
3;10;3;1000;1.00E+05;6;7519.6;41.259
3;10;3;1000;1.00E+06;1;354.44;857.45
3;10;3;1000;1.00E+06;2;555.11;522.71
3;10;3;1000;1.00E+06;3;778.65;379.57
3;10;3;1000;1.00E+06;6;748.94;376.11
3;10;4;10;10;1;36531;10.859
3;10;4;10;10;2;39497;10.346
3;10;4;10;10;3;42613;8.7936
3;10;4;10;10;6;41096;9.5052
3;10;4;10;100;1;34939;10.851
3;10;4;10;100;2;38241;10.11
3;10;4;10;100;3;41816;9.0301
3;10;4;10;100;6;41583;9.3628
3;10;4;10;1000;1;32090;12.26
3;10;4;10;1000;2;36163;10.566
3;10;4;10;1000;3;39947;9.5075
3;10;4;10;1000;6;39058;9.8424
3;10;4;10;10000;1;20317;18.237
3;10;4;10;10000;2;26221;15.872
3;10;4;10;10000;3;28750;13.656
3;10;4;10;10000;6;29488;13.085
3;10;4;10;1.00E+05;1;2634.9;111.37
3;10;4;10;1.00E+05;2;3740.3;82.358
3;10;4;10;1.00E+05;3;5137.1;60.045
3;10;4;10;1.00E+05;6;5034.7;59.512
3;10;4;10;1.00E+06;1;286.53;1111.8
3;10;4;10;1.00E+06;2;376.83;810.6
3;10;4;10;1.00E+06;3;500.59;563.02
3;10;4;10;1.00E+06;6;479.06;573.95
3;10;4;100;10;1;36130;10.545
3;10;4;100;10;2;38661;10.068
3;10;4;100;10;3;42598;9.5069
3;10;4;100;10;6;41894;9.1326
3;10;4;100;100;1;35633;10.168
3;10;4;100;100;2;38248;10.225
3;10;4;100;100;3;42400;9.8145
3;10;4;100;100;6;41271;9.7122
3;10;4;100;1000;1;33521;11.108
3;10;4;100;1000;2;36277;11.193
3;10;4;100;1000;3;39375;10.057
3;10;4;100;1000;6;38936;9.9343
3;10;4;100;10000;1;20305;18.576
3;10;4;100;10000;2;25570;17.048
3;10;4;100;10000;3;28719;13.295
3;10;4;100;10000;6;29049;14.44
3;10;4;100;1.00E+05;1;2673.4;118.91
3;10;4;100;1.00E+05;2;3695.7;84.106
3;10;4;100;1.00E+05;3;5077.9;61.643
3;10;4;100;1.00E+05;6;5119.8;63.543
3;10;4;100;1.00E+06;1;266.22;1086
3;10;4;100;1.00E+06;2;358.06;818.48
3;10;4;100;1.00E+06;3;478;557.98
3;10;4;100;1.00E+06;6;491.83;571.33
3;10;4;1000;10;1;36145;10.534
3;10;4;1000;10;2;38076;10.377
3;10;4;1000;10;3;42529;9.0075
3;10;4;1000;10;6;40922;9.8465
3;10;4;1000;100;1;35065;11.143
3;10;4;1000;100;2;38512;11.384
3;10;4;1000;100;3;42080;9.7087
3;10;4;1000;100;6;40746;9.5358
3;10;4;1000;1000;1;31672;11.701
3;10;4;1000;1000;2;35979;12.093
3;10;4;1000;1000;3;39088;10.244
3;10;4;1000;1000;6;39350;10.285
3;10;4;1000;10000;1;20127;19.199
3;10;4;1000;10000;2;26354;15.121
3;10;4;1000;10000;3;28805;14.284
3;10;4;1000;10000;6;29629;13.35
3;10;4;1000;1.00E+05;1;2717.2;111.38
3;10;4;1000;1.00E+05;2;3709.1;81.683
3;10;4;1000;1.00E+05;3;5053.2;62.416
3;10;4;1000;1.00E+05;6;5106.4;60.286
3;10;4;1000;1.00E+06;1;262.44;1083.4
3;10;4;1000;1.00E+06;2;358.11;793.05
3;10;4;1000;1.00E+06;3;529.44;578.27
3;10;4;1000;1.00E+06;6;507.06;549.69
3;10;5;10;10;1;27584;14.268
3;10;5;10;10;2;30784;12.076
3;10;5;10;10;3;34750;11.052
3;10;5;10;10;6;34473;11.62
3;10;5;10;100;1;26804;14.326
3;10;5;10;100;2;32518;11.629
3;10;5;10;100;3;34304;11.715
3;10;5;10;100;6;33755;11.602
3;10;5;10;1000;1;23890;16.54
3;10;5;10;1000;2;30022;12.653
3;10;5;10;1000;3;32533;11.82
3;10;5;10;1000;6;31607;12.315
3;10;5;10;10000;1;15445;25.352
3;10;5;10;10000;2;20846;18.806
3;10;5;10;10000;3;23266;16.892
3;10;5;10;10000;6;23234;18.588
3;10;5;10;1.00E+05;1;2126.4;142.65
3;10;5;10;1.00E+05;2;3199.9;93.875
3;10;5;10;1.00E+05;3;3848.7;79.039
3;10;5;10;1.00E+05;6;3669.9;79.702
3;10;5;10;1.00E+06;1;228.33;1413.7
3;10;5;10;1.00E+06;2;311.67;910.16
3;10;5;10;1.00E+06;3;378.18;783.59
3;10;5;10;1.00E+06;6;383.39;753.24
3;10;5;100;10;1;26958;14.761
3;10;5;100;10;2;31767;12.371
3;10;5;100;10;3;34917;11.109
3;10;5;100;10;6;33953;11.501
3;10;5;100;100;1;25784;14.795
3;10;5;100;100;2;31026;12.523
3;10;5;100;100;3;35252;10.973
3;10;5;100;100;6;33973;11.465
3;10;5;100;1000;1;23393;16.771
3;10;5;100;1000;2;29738;13.171
3;10;5;100;1000;3;33125;11.996
3;10;5;100;1000;6;32123;11.957
3;10;5;100;10000;1;15220;25.945
3;10;5;100;10000;2;20814;18.381
3;10;5;100;10000;3;23985;16.641
3;10;5;100;10000;6;23748;16.454
3;10;5;100;1.00E+05;1;2105.8;144.33
3;10;5;100;1.00E+05;2;3202.7;95.351
3;10;5;100;1.00E+05;3;3831.5;79.357
3;10;5;100;1.00E+05;6;3750.1;79.577
3;10;5;100;1.00E+06;1;201.83;1473.6
3;10;5;100;1.00E+06;2;338.47;932.06
3;10;5;100;1.00E+06;3;370.33;715.64
3;10;5;100;1.00E+06;6;374.28;780.56
3;10;5;1000;10;1;26170;14.642
3;10;5;1000;10;2;32095;11.658
3;10;5;1000;10;3;34619;11.666
3;10;5;1000;10;6;33804;11.855
3;10;5;1000;100;1;25668;14.996
3;10;5;1000;100;2;31645;11.988
3;10;5;1000;100;3;34879;11.574
3;10;5;1000;100;6;33364;12.885
3;10;5;1000;1000;1;24349;15.961
3;10;5;1000;1000;2;29558;13.377
3;10;5;1000;1000;3;33094;11.665
3;10;5;1000;1000;6;31329;12.412
3;10;5;1000;10000;1;15814;24.785
3;10;5;1000;10000;2;20708;17.737
3;10;5;1000;10000;3;23450;17.52
3;10;5;1000;10000;6;23397;17.575
3;10;5;1000;1.00E+05;1;2052.1;144.75
3;10;5;1000;1.00E+05;2;3148.4;101.51
3;10;5;1000;1.00E+05;3;3787;81.909
3;10;5;1000;1.00E+05;6;3772.7;81.628
3;10;5;1000;1.00E+06;1;203.83;1404.8
3;10;5;1000;1.00E+06;2;332.65;936.32
3;10;5;1000;1.00E+06;3;364.06;729.63
3;10;5;1000;1.00E+06;6;374.67;791.7
3;100;2;10;10;1;59796;63.67
3;100;2;10;10;2;63783;57.744
3;100;2;10;10;3;82122;40.832
3;100;2;10;10;6;81670;37.868
3;100;2;10;100;1;54254;65.516
3;100;2;10;100;2;64694;56.235
3;100;2;10;100;3;81876;35.473
3;100;2;10;100;6;79979;44.95
3;100;2;10;1000;1;50839;70.708
3;100;2;10;1000;2;60814;61.864
3;100;2;10;1000;3;79042;45.994
3;100;2;10;1000;6;78825;39.429
3;100;2;10;10000;1;29472;116.88
3;100;2;10;10000;2;47251;82.553
3;100;2;10;10000;3;60863;48.625
3;100;2;10;10000;6;69679;49.728
3;100;2;10;1.00E+05;1;6314.2;501.57
3;100;2;10;1.00E+05;2;6469.3;621.72
3;100;2;10;1.00E+05;3;175.5;424.11
3;100;2;10;1.00E+05;6;15141;203.88
3;100;2;10;1.00E+06;1;664.06;4694.6
3;100;2;10;1.00E+06;2;1011.9;2713.7
3;100;2;10;1.00E+06;3;1523.9;1902.3
3;100;2;10;1.00E+06;6;1490;1900.9
3;100;2;100;10;1;56862;66.965
3;100;2;100;10;2;65911;54.518
3;100;2;100;10;3;79508;46.375
3;100;2;100;10;6;82117;43.29
3;100;2;100;100;1;58059;64.097
3;100;2;100;100;2;65994;55.304
3;100;2;100;100;3;80511;45.52
3;100;2;100;100;6;81175;45.538
3;100;2;100;1000;1;51975;69.421
3;100;2;100;1000;2;61330;60.491
3;100;2;100;1000;3;79004;40.505
3;100;2;100;1000;6;78046;47.157
3;100;2;100;10000;1;29418;121.34
3;100;2;100;10000;2;47044;89.056
3;100;2;100;10000;3;60851;66.61
3;100;2;100;10000;6;70936;51.45
3;100;2;100;1.00E+05;1;6069.8;516.47
3;100;2;100;1.00E+05;2;9857.9;305.45
3;100;2;100;1.00E+05;3;15325;208.08
3;100;2;100;1.00E+05;6;15186;204.67
3;100;2;100;1.00E+06;1;622.61;4854.5
3;100;2;100;1.00E+06;2;990;2973.8
3;100;2;100;1.00E+06;3;1512.2;1923.8
3;100;2;100;1.00E+06;6;1515.6;1900.6
3;100;2;1000;10;1;56759;62.036
3;100;2;1000;10;2;65437;56.099
3;100;2;1000;10;3;80179;42.473
3;100;2;1000;10;6;80106;41.487
3;100;2;1000;100;1;56302;65.39
3;100;2;1000;100;2;64198;55.929
3;100;2;1000;100;3;80081;43.173
3;100;2;1000;100;6;80024;44.884
3;100;2;1000;1000;1;52286;69.511
3;100;2;1000;1000;2;61909;58.175
3;100;2;1000;1000;3;77980;34.405
3;100;2;1000;1000;6;77694;45.239
3;100;2;1000;10000;1;29820;119.1
3;100;2;1000;10000;2;47370;81.198
3;100;2;1000;10000;3;61585;61.88
3;100;2;1000;10000;6;69486;51.341
3;100;2;1000;1.00E+05;1;6104.5;515.19
3;100;2;1000;1.00E+05;2;9861.1;313.31
3;100;2;1000;1.00E+05;3;15350;212.7
3;100;2;1000;1.00E+05;6;15398;206.16
3;100;2;1000;1.00E+06;1;610.22;4313.3
3;100;2;1000;1.00E+06;2;1047.8;2908.3
3;100;2;1000;1.00E+06;3;1498.4;1939.6
3;100;2;1000;1.00E+06;6;1521.7;1916.9
3;100;3;10;10;1;46412;79.991
3;100;3;10;10;2;57260;74.579
3;100;3;10;10;3;57709;66.47
3;100;3;10;10;6;61018;61.612
3;100;3;10;100;1;44695;83.349
3;100;3;10;100;2;55701;77.243
3;100;3;10;100;3;56813;70.783
3;100;3;10;100;6;60499;64.13
3;100;3;10;1000;1;38668;96.578
3;100;3;10;1000;2;53484;79.959
3;100;3;10;1000;3;55551;71.838
3;100;3;10;1000;6;57255;70.58
3;100;3;10;10000;1;23492;155.18
3;100;3;10;10000;2;34775;113.36
3;100;3;10;10000;3;46384;85.872
3;100;3;10;10000;6;47578;83.867
3;100;3;10;1.00E+05;1;3467.6;869.77
3;100;3;10;1.00E+05;2;5558.2;601.94
3;100;3;10;1.00E+05;3;7532.4;398.42
3;100;3;10;1.00E+05;6;7627.3;413.98
3;100;3;10;1.00E+06;1;324.59;8361
3;100;3;10;1.00E+06;2;553.28;5851
3;100;3;10;1.00E+06;3;768.44;3752.8
3;100;3;10;1.00E+06;6;764;3711.5
3;100;3;100;10;1;45465;83.123
3;100;3;100;10;2;56497;74.356
3;100;3;100;10;3;58636;67.904
3;100;3;100;10;6;59177;64.797
3;100;3;100;100;1;44764;81.731
3;100;3;100;100;2;55267;77.423
3;100;3;100;100;3;57607;71.605
3;100;3;100;100;6;58884;68.305
3;100;3;100;1000;1;37378;102.36
3;100;3;100;1000;2;51206;88.582
3;100;3;100;1000;3;55716;71.616
3;100;3;100;1000;6;58013;70.214
3;100;3;100;10000;1;23337;166.67
3;100;3;100;10000;2;33182;147.48
3;100;3;100;10000;3;44763;93.782
3;100;3;100;10000;6;47516;101.36
3;100;3;100;1.00E+05;1;3401.8;900.77
3;100;3;100;1.00E+05;2;5702.6;627.14
3;100;3;100;1.00E+05;3;7676.2;421.51
3;100;3;100;1.00E+05;6;7575.7;428.3
3;100;3;100;1.00E+06;1;328.17;8491.6
3;100;3;100;1.00E+06;2;594.33;5938.4
3;100;3;100;1.00E+06;3;772.56;3699.9
3;100;3;100;1.00E+06;6;758.44;3845.5
3;100;3;1000;10;1;45740;86.322
3;100;3;1000;10;2;55433;81.663
3;100;3;1000;10;3;56192;70.571
3;100;3;1000;10;6;60017;67.001
3;100;3;1000;100;1;45364;85.099
3;100;3;1000;100;2;56236;84.856
3;100;3;1000;100;3;58085;70.35
3;100;3;1000;100;6;59622;65.51
3;100;3;1000;1000;1;39142;99.882
3;100;3;1000;1000;2;50908;101.16
3;100;3;1000;1000;3;54698;78.394
3;100;3;1000;1000;6;56504;73.395
3;100;3;1000;10000;1;23232;162.89
3;100;3;1000;10000;2;34117;124.77
3;100;3;1000;10000;3;46317;89.572
3;100;3;1000;10000;6;49179;87.853
3;100;3;1000;1.00E+05;1;3402.2;873.28
3;100;3;1000;1.00E+05;2;5531.2;611.3
3;100;3;1000;1.00E+05;3;7595.4;417.85
3;100;3;1000;1.00E+05;6;7601.8;410.97
3;100;3;1000;1.00E+06;1;370.33;8354.5
3;100;3;1000;1.00E+06;2;531.5;5695.1
3;100;3;1000;1.00E+06;3;762.47;3700.4
3;100;3;1000;1.00E+06;6;762.28;3837.2
3;100;4;10;10;1;43134;85.537
3;100;4;10;10;2;48611;81.879
3;100;4;10;10;3;49037;80.783
3;100;4;10;10;6;46807;79.662
3;100;4;10;100;1;41932;92.705
3;100;4;10;100;2;48988;82.009
3;100;4;10;100;3;47870;79.564
3;100;4;10;100;6;47638;79.541
3;100;4;10;1000;1;37790;104.15
3;100;4;10;1000;2;45901;91.866
3;100;4;10;1000;3;46242;81.853
3;100;4;10;1000;6;45860;85.768
3;100;4;10;10000;1;22056;167.1
3;100;4;10;10000;2;27919;149.22
3;100;4;10;10000;3;35851;113.91
3;100;4;10;10000;6;36825;111.4
3;100;4;10;1.00E+05;1;2637.9;1117.9
3;100;4;10;1.00E+05;2;3718.6;808.96
3;100;4;10;1.00E+05;3;4975.8;601.61
3;100;4;10;1.00E+05;6;5101.7;617.5
3;100;4;10;1.00E+06;1;262.83;10395
3;100;4;10;1.00E+06;2;376.83;7657.7
3;100;4;10;1.00E+06;3;527.89;5637.2
3;100;4;10;1.00E+06;6;512.94;5560.6
3;100;4;100;10;1;42840;90.764
3;100;4;100;10;2;48380;81.511
3;100;4;100;10;3;50544;75.668
3;100;4;100;10;6;48591;80.212
3;100;4;100;100;1;41985;91.707
3;100;4;100;100;2;49075;80.275
3;100;4;100;100;3;48860;76.566
3;100;4;100;100;6;47948;82.916
3;100;4;100;1000;1;36833;99.328
3;100;4;100;1000;2;45432;92.804
3;100;4;100;1000;3;46289;84.55
3;100;4;100;1000;6;46593;88.562
3;100;4;100;10000;1;21620;169.39
3;100;4;100;10000;2;27638;160.84
3;100;4;100;10000;3;35527;118.09
3;100;4;100;10000;6;35957;108.89
3;100;4;100;1.00E+05;1;2668.8;1134.6
3;100;4;100;1.00E+05;2;3590.9;798.82
3;100;4;100;1.00E+05;3;5246.1;632.51
3;100;4;100;1.00E+05;6;5112.6;599.99
3;100;4;100;1.00E+06;1;287.28;10372
3;100;4;100;1.00E+06;2;379.17;7489.8
3;100;4;100;1.00E+06;3;503.88;5521.6
3;100;4;100;1.00E+06;6;530.22;5506.6
3;100;4;1000;10;1;43726;89.067
3;100;4;1000;10;2;48980;91.124
3;100;4;1000;10;3;49575;77.43
3;100;4;1000;10;6;47827;82.606
3;100;4;1000;100;1;41998;92.225
3;100;4;1000;100;2;47847;87.644
3;100;4;1000;100;3;48439;81.408
3;100;4;1000;100;6;47713;81.456
3;100;4;1000;1000;1;37617;103.45
3;100;4;1000;1000;2;45377;89.414
3;100;4;1000;1000;3;46472;80.81
3;100;4;1000;1000;6;45372;91.295
3;100;4;1000;10000;1;22509;167.73
3;100;4;1000;10000;2;28361;143.45
3;100;4;1000;10000;3;33899;119.97
3;100;4;1000;10000;6;36985;110.79
3;100;4;1000;1.00E+05;1;2665.8;1139.9
3;100;4;1000;1.00E+05;2;3652.7;818.72
3;100;4;1000;1.00E+05;3;5000.6;599.65
3;100;4;1000;1.00E+05;6;5067.9;596.33
3;100;4;1000;1.00E+06;1;274.82;10491
3;100;4;1000;1.00E+06;2;368.28;7479.6
3;100;4;1000;1.00E+06;3;510.17;5600.6
3;100;4;1000;1.00E+06;6;514.53;5712.2
3;100;5;10;10;1;30376;131.13
3;100;5;10;10;2;41305;99.216
3;100;5;10;10;3;42406;88.602
3;100;5;10;10;6;41732;99.233
3;100;5;10;100;1;31411;125.66
3;100;5;10;100;2;41068;95.859
3;100;5;10;100;3;42427;86.181
3;100;5;10;100;6;41358;99.134
3;100;5;10;1000;1;26913;153.73
3;100;5;10;1000;2;37524;107.74
3;100;5;10;1000;3;40951;92.603
3;100;5;10;1000;6;39370;110.56
3;100;5;10;10000;1;16385;238.37
3;100;5;10;10000;2;23756;162.96
3;100;5;10;10000;3;28342;133.34
3;100;5;10;10000;6;29369;140.29
3;100;5;10;1.00E+05;1;2141.7;1490.4
3;100;5;10;1.00E+05;2;3148.4;939.43
3;100;5;10;1.00E+05;3;3795.8;784.17
3;100;5;10;1.00E+05;6;3837.4;781.49
3;100;5;10;1.00E+06;1;192.06;14254
3;100;5;10;1.00E+06;2;290.44;9200.8
3;100;5;10;1.00E+06;3;381.94;7353.7
3;100;5;10;1.00E+06;6;365.83;7479.8
3;100;5;100;10;1;29561;137.63
3;100;5;100;10;2;40763;96.46
3;100;5;100;10;3;42479;86.352
3;100;5;100;10;6;41910;98.42
3;100;5;100;100;1;30262;132.06
3;100;5;100;100;2;41366;95.759
3;100;5;100;100;3;42171;91.816
3;100;5;100;100;6;40847;100.18
3;100;5;100;1000;1;27045;147.91
3;100;5;100;1000;2;38132;108.76
3;100;5;100;1000;3;39397;99.401
3;100;5;100;1000;6;39818;106.25
3;100;5;100;10000;1;16492;234.97
3;100;5;100;10000;2;23144;175.76
3;100;5;100;10000;3;27751;143.8
3;100;5;100;10000;6;29770;143.89
3;100;5;100;1.00E+05;1;2079.2;1492.6
3;100;5;100;1.00E+05;2;3198.8;976.75
3;100;5;100;1.00E+05;3;3720;819.86
3;100;5;100;1.00E+05;6;3858.7;787.18
3;100;5;100;1.00E+06;1;217.06;14215
3;100;5;100;1.00E+06;2;310.56;9217.1
3;100;5;100;1.00E+06;3;380.41;7229.1
3;100;5;100;1.00E+06;6;371.89;7354.1
3;100;5;1000;10;1;30232;133.39
3;100;5;1000;10;2;41965;95.557
3;100;5;1000;10;3;42176;91.225
3;100;5;1000;10;6;41504;96.585
3;100;5;1000;100;1;28517;134.5
3;100;5;1000;100;2;40722;97.987
3;100;5;1000;100;3;41995;94.269
3;100;5;1000;100;6;41939;98.997
3;100;5;1000;1000;1;26301;149.3
3;100;5;1000;1000;2;39249;100.52
3;100;5;1000;1000;3;40384;98.187
3;100;5;1000;1000;6;38904;101.08
3;100;5;1000;10000;1;16641;246.87
3;100;5;1000;10000;2;20390;189.22
3;100;5;1000;10000;3;28468;138.93
3;100;5;1000;10000;6;29399;140.46
3;100;5;1000;1.00E+05;1;2070.6;1506.6
3;100;5;1000;1.00E+05;2;3110.9;973.49
3;100;5;1000;1.00E+05;3;3784.8;814.4
3;100;5;1000;1.00E+05;6;3726.6;795.86
3;100;5;1000;1.00E+06;1;200.5;13840
3;100;5;1000;1.00E+06;2;306.41;8381.4
3;100;5;1000;1.00E+06;3;363;7778.8
3;100;5;1000;1.00E+06;6;351.94;7469.4
3;1000;2;10;10;1;47697;815.28
3;1000;2;10;10;2;78445;483.31
3;1000;2;10;10;3;97133;368.9
3;1000;2;10;10;6;99900;307.1
3;1000;2;10;100;1;49506;778.4
3;1000;2;10;100;2;76155;523.1
3;1000;2;10;100;3;95856;308.38
3;1000;2;10;100;6;98656;347.26
3;1000;2;10;1000;1;41929;802.12
3;1000;2;10;1000;2;72976;523.45
3;1000;2;10;1000;3;94898;309.35
3;1000;2;10;1000;6;97853;347.13
3;1000;2;10;10000;1;26715;1309.6
3;1000;2;10;10000;2;44628;729.87
3;1000;2;10;10000;3;65675;586.09
3;1000;2;10;10000;6;83193;453.5
3;1000;2;10;1.00E+05;1;6130.1;4891.7
3;1000;2;10;1.00E+05;2;9780.6;3158.2
3;1000;2;10;1.00E+05;3;15368;2098.9
3;1000;2;10;1.00E+05;6;15230;2090.1
3;1000;2;10;1.00E+06;1;480.83;19710
3;1000;2;10;1.00E+06;2;1032.8;24637
3;1000;2;10;1.00E+06;3;1524.2;18750
3;1000;2;10;1.00E+06;6;1520.6;18987
3;1000;2;100;10;1;48069;818.97
3;1000;2;100;10;2;75072;503.49
3;1000;2;100;10;3;97513;375.32
3;1000;2;100;10;6;98637;349.37
3;1000;2;100;100;1;49488;766.9
3;1000;2;100;100;2;73948;529.11
3;1000;2;100;100;3;95359;395.65
3;1000;2;100;100;6;97121;365.23
3;1000;2;100;1000;1;41820;891.09
3;1000;2;100;1000;2;71361;556.24
3;1000;2;100;1000;3;94031;397.08
3;1000;2;100;1000;6;99493;350.39
3;1000;2;100;10000;1;26541;1363.4
3;1000;2;100;10000;2;47710;809.82
3;1000;2;100;10000;3;66739;516.68
3;1000;2;100;10000;6;83518;390.34
3;1000;2;100;1.00E+05;1;6122.5;5115.5
3;1000;2;100;1.00E+05;2;9699.2;3260.3
3;1000;2;100;1.00E+05;3;15338;2147.4
3;1000;2;100;1.00E+05;6;15458;1967.4
3;1000;2;100;1.00E+06;1;742.56;18522
3;1000;2;100;1.00E+06;2;1071.5;25599
3;1000;2;100;1.00E+06;3;1544.8;19035
3;1000;2;100;1.00E+06;6;1520.3;18621
3;1000;2;1000;10;1;48030;852.39
3;1000;2;1000;10;2;73348;558.73
3;1000;2;1000;10;3;95809;398.72
3;1000;2;1000;10;6;96874;375.83
3;1000;2;1000;100;1;45383;904.04
3;1000;2;1000;100;2;77279;506.14
3;1000;2;1000;100;3;97806;338.19
3;1000;2;1000;100;6;99048;390.48
3;1000;2;1000;1000;1;42467;914.47
3;1000;2;1000;1000;2;71502;587.36
3;1000;2;1000;1000;3;96820;364.56
3;1000;2;1000;1000;6;94438;400.82
3;1000;2;1000;10000;1;27022;1434.9
3;1000;2;1000;10000;2;49256;791.17
3;1000;2;1000;10000;3;67111;558.07
3;1000;2;1000;10000;6;82245;491.58
3;1000;2;1000;1.00E+05;1;6149.4;4904.9
3;1000;2;1000;1.00E+05;2;9871.8;3365.1
3;1000;2;1000;1.00E+05;3;15346;2077
3;1000;2;1000;1.00E+05;6;15221;1882.5
3;1000;2;1000;1.00E+06;1;562.56;20730
3;1000;2;1000;1.00E+06;2;1033.9;23648
3;1000;2;1000;1.00E+06;3;1556.6;18999
3;1000;2;1000;1.00E+06;6;1511.8;19128
3;1000;3;10;10;1;44285;935.18
3;1000;3;10;10;2;67296;579.18
3;1000;3;10;10;3;76180;531.43
3;1000;3;10;10;6;76217;606.74
3;1000;3;10;100;1;43002;931.92
3;1000;3;10;100;2;60370;661.16
3;1000;3;10;100;3;74857;543.43
3;1000;3;10;100;6;78063;523.3
3;1000;3;10;1000;1;36075;1038
3;1000;3;10;1000;2;57278;738.05
3;1000;3;10;1000;3;72881;535.11
3;1000;3;10;1000;6;73509;592.81
3;1000;3;10;10000;1;23871;1701.8
3;1000;3;10;10000;2;28952;1379.7
3;1000;3;10;10000;3;53674;715.68
3;1000;3;10;10000;6;52773;806.79
3;1000;3;10;1.00E+05;1;3367;8640.1
3;1000;3;10;1.00E+05;2;5678.3;5726
3;1000;3;10;1.00E+05;3;7655.5;4012.2
3;1000;3;10;1.00E+05;6;7699.5;3897.3
3;1000;3;10;1.00E+06;1;321.18;23065
3;1000;3;10;1.00E+06;2;127.12;7730.9
3;1000;3;10;1.00E+06;3;792.89;33587
3;1000;3;10;1.00E+06;6;735.94;33931
3;1000;3;100;10;1;45869;854.97
3;1000;3;100;10;2;67834;642.1
3;1000;3;100;10;3;78313;511.02
3;1000;3;100;10;6;76411;588.37
3;1000;3;100;100;1;40184;1072.6
3;1000;3;100;100;2;70215;581.15
3;1000;3;100;100;3;77661;513.05
3;1000;3;100;100;6;76184;585.86
3;1000;3;100;1000;1;37001;1012.1
3;1000;3;100;1000;2;59218;611.45
3;1000;3;100;1000;3;74008;533.44
3;1000;3;100;1000;6;75836;565.88
3;1000;3;100;10000;1;24077;1631.6
3;1000;3;100;10000;2;32864;1254.7
3;1000;3;100;10000;3;53204;752.99
3;1000;3;100;10000;6;53844;741.87
3;1000;3;100;1.00E+05;1;3466.6;8433.8
3;1000;3;100;1.00E+05;2;5606.5;5891.6
3;1000;3;100;1.00E+05;3;7644.6;4031
3;1000;3;100;1.00E+05;6;7573.1;3844.4
3;1000;3;100;1.00E+06;1;391.06;25848
3;1000;3;100;1.00E+06;2;475.11;13105
3;1000;3;100;1.00E+06;3;778.33;34123
3;1000;3;100;1.00E+06;6;707.78;32416
3;1000;3;1000;10;1;42964;909.16
3;1000;3;1000;10;2;68876;680.18
3;1000;3;1000;10;3;75411;499.04
3;1000;3;1000;10;6;74714;534.32
3;1000;3;1000;100;1;42545;909.62
3;1000;3;1000;100;2;70007;602.32
3;1000;3;1000;100;3;74505;546.37
3;1000;3;1000;100;6;74929;621.48
3;1000;3;1000;1000;1;36046;1071.9
3;1000;3;1000;1000;2;55554;764.86
3;1000;3;1000;1000;3;73330;553.93
3;1000;3;1000;1000;6;73046;591.71
3;1000;3;1000;10000;1;23944;1696.9
3;1000;3;1000;10000;2;32918;1184.2
3;1000;3;1000;10000;3;54597;760.78
3;1000;3;1000;10000;6;53888;800.7
3;1000;3;1000;1.00E+05;1;3434.4;8407.1
3;1000;3;1000;1.00E+05;2;5620.8;5733.7
3;1000;3;1000;1.00E+05;3;7640.9;3933.4
3;1000;3;1000;1.00E+05;6;7680.5;4088.1
3;1000;3;1000;1.00E+06;1;352.41;22520
3;1000;3;1000;1.00E+06;2;558;12962
3;1000;3;1000;1.00E+06;3;754.67;31945
3;1000;3;1000;1.00E+06;6;788.39;31758
3;1000;4;10;10;1;41377;903.13
3;1000;4;10;10;2;62997;654.87
3;1000;4;10;10;3;64071;599.01
3;1000;4;10;10;6;64241;694.25
3;1000;4;10;100;1;39307;974.41
3;1000;4;10;100;2;62220;619.26
3;1000;4;10;100;3;63677;600.18
3;1000;4;10;100;6;57804;1029.4
3;1000;4;10;1000;1;35610;1060.5
3;1000;4;10;1000;2;59139;673.18
3;1000;4;10;1000;3;61389;651.18
3;1000;4;10;1000;6;59752;923.63
3;1000;4;10;10000;1;22928;1723.8
3;1000;4;10;10000;2;28936;1310.8
3;1000;4;10;10000;3;40141;986.56
3;1000;4;10;10000;6;39511;1112.9
3;1000;4;10;1.00E+05;1;2625.4;10892
3;1000;4;10;1.00E+05;2;3642.6;7927.7
3;1000;4;10;1.00E+05;3;5089.2;5823.4
3;1000;4;10;1.00E+05;6;5063.7;5825.4
3;1000;4;10;1.00E+06;1;141.11;19767
3;1000;4;10;1.00E+06;2;11.2;NaN
3;1000;4;10;1.00E+06;3;541.59;30829
3;1000;4;10;1.00E+06;6;602.69;34884
3;1000;4;100;10;1;38733;1030.4
3;1000;4;100;10;2;62542;687.85
3;1000;4;100;10;3;64910;597.86
3;1000;4;100;10;6;59994;876.55
3;1000;4;100;100;1;43547;968.04
3;1000;4;100;100;2;62982;614.2
3;1000;4;100;100;3;62745;710.73
3;1000;4;100;100;6;60341;715.57
3;1000;4;100;1000;1;37200;1125.3
3;1000;4;100;1000;2;60524;691.81
3;1000;4;100;1000;3;58629;693.77
3;1000;4;100;1000;6;55884;1098.4
3;1000;4;100;10000;1;21915;1796.6
3;1000;4;100;10000;2;27991;1393.2
3;1000;4;100;10000;3;41180;984.07
3;1000;4;100;10000;6;37676;1442.8
3;1000;4;100;1.00E+05;1;2646.3;10843
3;1000;4;100;1.00E+05;2;3636.7;7671.8
3;1000;4;100;1.00E+05;3;5151.1;5826.9
3;1000;4;100;1.00E+05;6;5056.3;5880.9
3;1000;4;100;1.00E+06;1;359.53;20207
3;1000;4;100;1.00E+06;2;344.38;19778
3;1000;4;100;1.00E+06;3;549.88;39750
3;1000;4;100;1.00E+06;6;594.5;40499
3;1000;4;1000;10;1;43203;941.69
3;1000;4;1000;10;2;62951;691.82
3;1000;4;1000;10;3;61915;664.83
3;1000;4;1000;10;6;60980;749.4
3;1000;4;1000;100;1;41692;927.16
3;1000;4;1000;100;2;63524;636.8
3;1000;4;1000;100;3;62406;665.21
3;1000;4;1000;100;6;60020;935.26
3;1000;4;1000;1000;1;35566;1120.6
3;1000;4;1000;1000;2;61458;708.33
3;1000;4;1000;1000;3;60123;707.88
3;1000;4;1000;1000;6;56596;909.67
3;1000;4;1000;10000;1;23200;1633.4
3;1000;4;1000;10000;2;28903;1303.2
3;1000;4;1000;10000;3;40537;923.77
3;1000;4;1000;10000;6;38763;1303.6
3;1000;4;1000;1.00E+05;1;2651.7;10872
3;1000;4;1000;1.00E+05;2;3677.2;7674.8
3;1000;4;1000;1.00E+05;3;5084;5806.3
3;1000;4;1000;1.00E+05;6;5047.8;5883.9
3;1000;4;1000;1.00E+06;1;557.62;16413
3;1000;4;1000;1.00E+06;2;606.5;17808
3;1000;4;1000;1.00E+06;3;703.07;28609
3;1000;4;1000;1.00E+06;6;-181;18460
3;1000;5;10;10;1;927.67;NaN
3;1000;5;10;10;2;55612;721.64
3;1000;5;10;10;3;54550;764.64
3;1000;5;10;10;6;46288;1501.3
3;1000;5;10;100;1;32909;1247.8
3;1000;5;10;100;2;51854;772.67
3;1000;5;10;100;3;54429;756.82
3;1000;5;10;100;6;44474;1688.2
3;1000;5;10;1000;1;30198;1244.3
3;1000;5;10;1000;2;51402;762.22
3;1000;5;10;1000;3;48950;943.94
3;1000;5;10;1000;6;47038;1552.2
3;1000;5;10;10000;1;17138;2197
3;1000;5;10;10000;2;24265;1577.2
3;1000;5;10;10000;3;32026;1216.6
3;1000;5;10;10000;6;30152;1662.5
3;1000;5;10;1.00E+05;1;2015;14805
3;1000;5;10;1.00E+05;2;3142.1;9501.5
3;1000;5;10;1.00E+05;3;3778.5;7672.6
3;1000;5;10;1.00E+05;6;3763.2;7825.4
3;1000;5;10;1.00E+06;1;393.47;4617.4
3;1000;5;10;1.00E+06;2;255.77;28991
3;1000;5;10;1.00E+06;3;-263.55;22961
3;1000;5;10;1.00E+06;6;-112.8;18643
3;1000;5;100;10;1;32838;1164.8
3;1000;5;100;10;2;53791;725.66
3;1000;5;100;10;3;52599;791.93
3;1000;5;100;10;6;50264;1037.2
3;1000;5;100;100;1;34579;1119.6
3;1000;5;100;100;2;53214;736.03
3;1000;5;100;100;3;53690;738.13
3;1000;5;100;100;6;51081;1054.2
3;1000;5;100;1000;1;28910;1406
3;1000;5;100;1000;2;50670;814.81
3;1000;5;100;1000;3;49784;874.43
3;1000;5;100;1000;6;44791;1451.5
3;1000;5;100;10000;1;16774;2441.4
3;1000;5;100;10000;2;24235;1557
3;1000;5;100;10000;3;32048;1353.4
3;1000;5;100;10000;6;29964;2015.4
3;1000;5;100;1.00E+05;1;2205.7;14530
3;1000;5;100;1.00E+05;2;3164.6;9394.3
3;1000;5;100;1.00E+05;3;3822.3;7656.1
3;1000;5;100;1.00E+05;6;3784.4;7819.4
3;1000;5;100;1.00E+06;1;274.31;8286.5
3;1000;5;100;1.00E+06;2;187.69;14833
3;1000;5;100;1.00E+06;3;245;18805
3;1000;5;100;1.00E+06;6;304.14;25472
3;1000;5;1000;10;1;33625;1379.2
3;1000;5;1000;10;2;51818;774.51
3;1000;5;1000;10;3;50395;821.59
3;1000;5;1000;10;6;43770;1814
3;1000;5;1000;100;1;32935;1227.6
3;1000;5;1000;100;2;50399;817.44
3;1000;5;1000;100;3;49449;882.88
3;1000;5;1000;100;6;41781;1429.5
3;1000;5;1000;1000;1;29724;1524.2
3;1000;5;1000;1000;2;47253;861.19
3;1000;5;1000;1000;3;48268;868.67
3;1000;5;1000;1000;6;44361;1143.9
3;1000;5;1000;10000;1;16811;2456.3
3;1000;5;1000;10000;2;22673;1662.1
3;1000;5;1000;10000;3;30822;1380.9
3;1000;5;1000;10000;6;29149;1843.9
3;1000;5;1000;1.00E+05;1;2136.2;14298
3;1000;5;1000;1.00E+05;2;3166.1;9362.3
3;1000;5;1000;1.00E+05;3;3936.3;7711.9
3;1000;5;1000;1.00E+05;6;3831.8;7771.6
3;1000;5;1000;1.00E+06;1;556.64;11491
3;1000;5;1000;1.00E+06;2;246.14;12813
3;1000;5;1000;1.00E+06;3;377.65;19128
3;1000;5;1000;1.00E+06;6;339.12;25930
3;10000;2;10;10;1;41968;6810.1
3;10000;2;10;10;2;65772;3550.1
3;10000;2;10;10;3;1.15E+05;1340.3
3;10000;2;10;10;6;96814;2242.6
3;10000;2;10;100;1;42977;6140.3
3;10000;2;10;100;2;74813;3840.3
3;10000;2;10;100;3;1.09E+05;1288.4
3;10000;2;10;100;6;1.04E+05;1603
3;10000;2;10;1000;1;38162;7506
3;10000;2;10;1000;2;66728;4374
3;10000;2;10;1000;3;1.13E+05;1176
3;10000;2;10;1000;6;91738;3538.8
3;10000;2;10;10000;1;28140;10695
3;10000;2;10;10000;2;45173;6749.7
3;10000;2;10;10000;3;59856;4727.9
3;10000;2;10;10000;6;68502;3344.3
3;10000;2;10;1.00E+05;1;7564.3;26321
3;10000;2;10;1.00E+05;2;10519;22622
3;10000;2;10;1.00E+05;3;15018;17792
3;10000;2;10;1.00E+05;6;15125;17110
3;10000;2;10;1.00E+06;1;9315.1;5120
3;10000;2;10;1.00E+06;2;-10.556;4058.8
3;10000;2;10;1.00E+06;3;-25.333;5895.2
3;10000;2;10;1.00E+06;6;310.47;2553
3;10000;2;100;10;1;37480;9233.3
3;10000;2;100;10;2;75225;3235
3;10000;2;100;10;3;1.13E+05;1160.3
3;10000;2;100;10;6;1.02E+05;1434.4
3;10000;2;100;100;1;42357;6924.5
3;10000;2;100;100;2;75333;4013.7
3;10000;2;100;100;3;1.14E+05;1442
3;10000;2;100;100;6;1.02E+05;1695.3
3;10000;2;100;1000;1;40137;7369.5
3;10000;2;100;1000;2;67210;4302.9
3;10000;2;100;1000;3;1.03E+05;1560.2
3;10000;2;100;1000;6;93372;3207.2
3;10000;2;100;10000;1;27825;10372
3;10000;2;100;10000;2;44334;6700
3;10000;2;100;10000;3;61815;5606.3
3;10000;2;100;10000;6;65964;4575.1
3;10000;2;100;1.00E+05;1;6647.3;27621
3;10000;2;100;1.00E+05;2;9846.5;12671
3;10000;2;100;1.00E+05;3;15106;17673
3;10000;2;100;1.00E+05;6;14955;17563
3;10000;2;100;1.00E+06;1;3598;6218.1
3;10000;2;100;1.00E+06;2;-85.688;3929.1
3;10000;2;100;1.00E+06;3;327.11;5701.9
3;10000;2;100;1.00E+06;6;-360.41;5708.1
3;10000;2;1000;10;1;43183;6634.7
3;10000;2;1000;10;2;74198;4036.6
3;10000;2;1000;10;3;1.10E+05;1697.4
3;10000;2;1000;10;6;93469;3360.4
3;10000;2;1000;100;1;42749;6846.8
3;10000;2;1000;100;2;71589;3890
3;10000;2;1000;100;3;1.12E+05;1459.2
3;10000;2;1000;100;6;1.02E+05;1555.4
3;10000;2;1000;1000;1;38551;7893.2
3;10000;2;1000;1000;2;66878;4537.2
3;10000;2;1000;1000;3;1.04E+05;1799.2
3;10000;2;1000;1000;6;89403;3206.8
3;10000;2;1000;10000;1;28091;10347
3;10000;2;1000;10000;2;44509;7280.8
3;10000;2;1000;10000;3;60513;5507
3;10000;2;1000;10000;6;65575;3866.4
3;10000;2;1000;1.00E+05;1;6217.8;24439
3;10000;2;1000;1.00E+05;2;10969;11328
3;10000;2;1000;1.00E+05;3;14278;12966
3;10000;2;1000;1.00E+05;6;15409;16142
3;10000;2;1000;1.00E+06;1;6279.2;7348.8
3;10000;2;1000;1.00E+06;2;-29.5;3876.7
3;10000;2;1000;1.00E+06;3;-347.88;4712.5
3;10000;2;1000;1.00E+06;6;-502.72;5519.2
3;10000;3;10;10;1;40473;7182.4
3;10000;3;10;10;2;62952;5354.8
3;10000;3;10;10;3;72643;4403.2
3;10000;3;10;10;6;58751;6524.1
3;10000;3;10;100;1;42209;7616.3
3;10000;3;10;100;2;58628;5465.8
3;10000;3;10;100;3;73538;4431.3
3;10000;3;10;100;6;60922;5333.2
3;10000;3;10;1000;1;36319;9094.2
3;10000;3;10;1000;2;52993;5849.8
3;10000;3;10;1000;3;66111;4653.6
3;10000;3;10;1000;6;54982;5776.7
3;10000;3;10;10000;1;25225;13943
3;10000;3;10;10000;2;31835;9669.4
3;10000;3;10;10000;3;41737;8243.9
3;10000;3;10;10000;6;38530;9597.3
3;10000;3;10;1.00E+05;1;4932.5;18652
3;10000;3;10;1.00E+05;2;6642.8;19820
3;10000;3;10;1.00E+05;3;4834;5143.6
3;10000;3;10;1.00E+05;6;7585.3;32660
3;10000;3;10;1.00E+06;1;108.94;3649.7
3;10000;3;10;1.00E+06;2;583.61;6470
3;10000;3;10;1.00E+06;3;-441.12;7302.2
3;10000;3;10;1.00E+06;6;258.62;7018.3
3;10000;3;100;10;1;41849;7290.3
3;10000;3;100;10;2;59257;5454.7
3;10000;3;100;10;3;70262;4891.7
3;10000;3;100;10;6;63347;4806.1
3;10000;3;100;100;1;41411;7580
3;10000;3;100;100;2;63469;5221.6
3;10000;3;100;100;3;73091;4065.6
3;10000;3;100;100;6;61971;4968
3;10000;3;100;1000;1;37117;8607.8
3;10000;3;100;1000;2;55194;6358.8
3;10000;3;100;1000;3;66193;5181.5
3;10000;3;100;1000;6;54286;6592.1
3;10000;3;100;10000;1;24727;14334
3;10000;3;100;10000;2;31319;10402
3;10000;3;100;10000;3;43102;7150.3
3;10000;3;100;10000;6;37586;9672.4
3;10000;3;100;1.00E+05;1;2703.8;24684
3;10000;3;100;1.00E+05;2;6077.6;15439
3;10000;3;100;1.00E+05;3;7542.7;32272
3;10000;3;100;1.00E+05;6;7621.5;30524
3;10000;3;100;1.00E+06;1;290.76;4989.2
3;10000;3;100;1.00E+06;2;1494.2;6903.7
3;10000;3;100;1.00E+06;3;-254.44;5883.4
3;10000;3;100;1.00E+06;6;-42.778;6125
3;10000;3;1000;10;1;41243;7327.2
3;10000;3;1000;10;2;58310;5706.3
3;10000;3;1000;10;3;73109;4555.8
3;10000;3;1000;10;6;63505;5924.4
3;10000;3;1000;100;1;42563;7389.1
3;10000;3;1000;100;2;59340;5568.3
3;10000;3;1000;100;3;69776;4637.5
3;10000;3;1000;100;6;60095;6156.2
3;10000;3;1000;1000;1;36811;9039.7
3;10000;3;1000;1000;2;54410;5449.9
3;10000;3;1000;1000;3;69178;4659.6
3;10000;3;1000;1000;6;53870;7623.5
3;10000;3;1000;10000;1;24369;13755
3;10000;3;1000;10000;2;26841;10445
3;10000;3;1000;10000;3;36703;9669.6
3;10000;3;1000;10000;6;39460;8748.3
3;10000;3;1000;1.00E+05;1;3865.6;23830
3;10000;3;1000;1.00E+05;2;7707.2;15294
3;10000;3;1000;1.00E+05;3;7501.3;31107
3;10000;3;1000;1.00E+05;6;7842.3;31354
3;10000;3;1000;1.00E+06;1;-773;3903
3;10000;3;1000;1.00E+06;2;13.167;8193.3
3;10000;3;1000;1.00E+06;3;-333.36;6716.3
3;10000;3;1000;1.00E+06;6;-19.176;5669.6
3;10000;4;10;10;1;41389;7681.7
3;10000;4;10;10;2;55355;6058.8
3;10000;4;10;10;3;57344;6465
3;10000;4;10;10;6;32218;15111
3;10000;4;10;100;1;41022;7740.7
3;10000;4;10;100;2;56014;7015.7
3;10000;4;10;100;3;56032;6477.3
3;10000;4;10;100;6;37313;12860
3;10000;4;10;1000;1;34343;10565
3;10000;4;10;1000;2;48361;7316.4
3;10000;4;10;1000;3;49892;7070.1
3;10000;4;10;1000;6;24761;17845
3;10000;4;10;10000;1;23584;15341
3;10000;4;10;10000;2;25784;13531
3;10000;4;10;10000;3;33978;9905.7
3;10000;4;10;10000;6;23706;16394
3;10000;4;10;1.00E+05;1;3845.6;27744
3;10000;4;10;1.00E+05;2;861.43;33774
3;10000;4;10;1.00E+05;3;6822;83.486
3;10000;4;10;1.00E+05;6;5271.2;36025
3;10000;4;10;1.00E+06;1;-209.35;4119.1
3;10000;4;10;1.00E+06;2;-187.12;6519.1
3;10000;4;10;1.00E+06;3;-315.47;6748.2
3;10000;4;10;1.00E+06;6;-259.88;3720.8
3;10000;4;100;10;1;39158;9633.7
3;10000;4;100;10;2;58949;7109
3;10000;4;100;10;3;54097;6875
3;10000;4;100;10;6;33465;12051
3;10000;4;100;100;1;42192;7788.7
3;10000;4;100;100;2;54258;6970.8
3;10000;4;100;100;3;55711;6105.9
3;10000;4;100;100;6;33334;13428
3;10000;4;100;1000;1;34302;9598.9
3;10000;4;100;1000;2;51324;7995
3;10000;4;100;1000;3;49274;8261.2
3;10000;4;100;1000;6;30634;13759
3;10000;4;100;10000;1;23136;16895
3;10000;4;100;10000;2;25039;14211
3;10000;4;100;10000;3;31588;10978
3;10000;4;100;10000;6;22191;15186
3;10000;4;100;1.00E+05;1;3097.9;19516
3;10000;4;100;1.00E+05;2;3629.2;19474
3;10000;4;100;1.00E+05;3;5251;34395
3;10000;4;100;1.00E+05;6;3204.4;25842
3;10000;4;100;1.00E+06;1;-190.71;NaN
3;10000;4;100;1.00E+06;2;-212.87;2756.8
3;10000;4;100;1.00E+06;3;-52;5026.9
3;10000;4;100;1.00E+06;6;-259.56;4765.3
3;10000;4;1000;10;1;39169;8961.5
3;10000;4;1000;10;2;52923;7490.3
3;10000;4;1000;10;3;54543;6882
3;10000;4;1000;10;6;36223;11577
3;10000;4;1000;100;1;40284;8374.5
3;10000;4;1000;100;2;53401;7991.1
3;10000;4;1000;100;3;57185;6822.4
3;10000;4;1000;100;6;24094;19213
3;10000;4;1000;1000;1;37307;9624.9
3;10000;4;1000;1000;2;47450;9120.7
3;10000;4;1000;1000;3;51033;7751.4
3;10000;4;1000;1000;6;30239;14369
3;10000;4;1000;10000;1;19333;19417
3;10000;4;1000;10000;2;24947;11272
3;10000;4;1000;10000;3;31121;9684.2
3;10000;4;1000;10000;6;23964;14058
3;10000;4;1000;1.00E+05;1;3989.3;22130
3;10000;4;1000;1.00E+05;2;4275.4;30405
3;10000;4;1000;1.00E+05;3;5580.7;33080
3;10000;4;1000;1.00E+05;6;2358.6;27699
3;10000;4;1000;1.00E+06;1;296.06;6541
3;10000;4;1000;1.00E+06;2;-18.944;4919.9
3;10000;4;1000;1.00E+06;3;40.625;4649.8
3;10000;4;1000;1.00E+06;6;39.867;5450.2
3;10000;5;10;10;1;32616;10800
3;10000;5;10;10;2;46875;10105
3;10000;5;10;10;3;36196;10678
3;10000;5;10;10;6;13992;22455
3;10000;5;10;100;1;29947;12483
3;10000;5;10;100;2;45620;7277.2
3;10000;5;10;100;3;41945;9000.3
3;10000;5;10;100;6;10824;26686
3;10000;5;10;1000;1;27000;13445
3;10000;5;10;1000;2;42377;8566.8
3;10000;5;10;1000;3;36428;11737
3;10000;5;10;1000;6;13570;26245
3;10000;5;10;10000;1;16444;21103
3;10000;5;10;10000;2;24939;13878
3;10000;5;10;10000;3;25439;14318
3;10000;5;10;10000;6;9994;25060
3;10000;5;10;1.00E+05;1;5553.9;31827
3;10000;5;10;1.00E+05;2;4073.1;32544
3;10000;5;10;1.00E+05;3;3086.4;28553
3;10000;5;10;1.00E+05;6;180;25762
3;10000;5;10;1.00E+06;1;280.35;5579.6
3;10000;5;10;1.00E+06;2;184.24;2134.1
3;10000;5;10;1.00E+06;3;-279.88;5022.1
3;10000;5;10;1.00E+06;6;505.28;2669.7
3;10000;5;100;10;1;28586;15071
3;10000;5;100;10;2;45692;7830.3
3;10000;5;100;10;3;43411;9030.9
3;10000;5;100;10;6;15235;19472
3;10000;5;100;100;1;31713;11518
3;10000;5;100;100;2;44704;7658.4
3;10000;5;100;100;3;42276;8914.9
3;10000;5;100;100;6;13731;22790
3;10000;5;100;1000;1;26236;13473
3;10000;5;100;1000;2;39594;9140.4
3;10000;5;100;1000;3;37800;9735.7
3;10000;5;100;1000;6;16323;21734
3;10000;5;100;10000;1;16784;19946
3;10000;5;100;10000;2;25131;13705
3;10000;5;100;10000;3;25640;13945
3;10000;5;100;10000;6;9902.4;25483
3;10000;5;100;1.00E+05;1;3899.6;18230
3;10000;5;100;1.00E+05;2;4349.6;29122
3;10000;5;100;1.00E+05;3;-217.92;27514
3;10000;5;100;1.00E+05;6;-1820.8;19985
3;10000;5;100;1.00E+06;1;397.22;NaN
3;10000;5;100;1.00E+06;2;324.62;3258.3
3;10000;5;100;1.00E+06;3;-187.11;6113.7
3;10000;5;100;1.00E+06;6;-141.5;1052.1
3;10000;5;1000;10;1;30952;11396
3;10000;5;1000;10;2;48130;7667.8
3;10000;5;1000;10;3;42912;9058.8
3;10000;5;1000;10;6;13882;25256
3;10000;5;1000;100;1;31453;11416
3;10000;5;1000;100;2;48573;7741.3
3;10000;5;1000;100;3;42075;9441.9
3;10000;5;1000;100;6;12752;26258
3;10000;5;1000;1000;1;27333;13275
3;10000;5;1000;1000;2;41240;8307.5
3;10000;5;1000;1000;3;37425;9271
3;10000;5;1000;1000;6;19172;19459
3;10000;5;1000;10000;1;14992;23048
3;10000;5;1000;10000;2;22379;15268
3;10000;5;1000;10000;3;26954;12888
3;10000;5;1000;10000;6;10212;26640
3;10000;5;1000;1.00E+05;1;4346.4;17670
3;10000;5;1000;1.00E+05;2;2614.5;33087
3;10000;5;1000;1.00E+05;3;4761.1;27211
3;10000;5;1000;1.00E+05;6;2765.9;27221
3;10000;5;1000;1.00E+06;1;-178.71;2750.8
3;10000;5;1000;1.00E+06;2;-193.19;2907
3;10000;5;1000;1.00E+06;3;44.176;5962
3;10000;5;1000;1.00E+06;6;12.438;2119.5