1;1;1;1;1;10;2221.3;4.4468
1;1;1;1;1;100;2252.4;4.405
1;1;1;1;1;1000;2339.1;4.4484
1;1;1;1;3;10;2150.4;4.4822
1;1;1;1;3;100;2225.4;4.4268
1;1;1;1;3;1000;2233.1;4.4785
1;1;1;1;6;10;2215.5;4.5171
1;1;1;1;6;100;2124.7;4.6677
1;1;1;1;6;1000;2260.8;4.5484
1;1;1;1;12;10;1993.2;4.6159
1;1;1;1;12;100;2208.4;4.6134
1;1;1;1;12;1000;2199.6;4.5637
1;1;1;2;1;10;2377.4;4.2424
1;1;1;2;1;100;2431.4;4.3134
1;1;1;2;1;1000;2427;4.1886
1;1;1;2;3;10;2153.5;4.5248
1;1;1;2;3;100;2146.1;4.538
1;1;1;2;3;1000;2195;4.558
1;1;1;2;6;10;2177.6;4.6177
1;1;1;2;6;100;2211.6;4.6241
1;1;1;2;6;1000;2249.9;4.6823
1;1;1;2;12;10;2201.8;4.6904
1;1;1;2;12;100;2240.6;4.5742
1;1;1;2;12;1000;2091.9;4.6747
1;1;1;3;1;10;3052.8;3.5077
1;1;1;3;1;100;2787;3.4968
1;1;1;3;1;1000;2780.9;3.5415
1;1;1;3;3;10;3016.6;3.5633
1;1;1;3;3;100;3070.8;3.3944
1;1;1;3;3;1000;3032.4;3.4557
1;1;1;3;6;10;2863.9;3.4955
1;1;1;3;6;100;2824.4;3.4097
1;1;1;3;6;1000;2937.4;3.46
1;1;1;3;12;10;2639.6;3.5019
1;1;1;3;12;100;2913.6;3.5121
1;1;1;3;12;1000;2811.3;3.607
1;1;1;6;1;10;2499.4;3.6658
1;1;1;6;1;100;2672.8;3.5718
1;1;1;6;1;1000;2747.8;3.5026
1;1;1;6;3;10;3022.4;3.3911
1;1;1;6;3;100;3011.1;3.4513
1;1;1;6;3;1000;2906.1;3.3172
1;1;1;6;6;10;2842.4;7.6576
1;1;1;6;6;100;2933.1;3.4768
1;1;1;6;6;1000;2897.8;3.4791
1;1;1;6;12;10;2828;3.4506
1;1;1;6;12;100;2853.2;3.484
1;1;1;6;12;1000;2773.1;3.5139
1;1;2;1;1;10;1949.9;5.49
1;1;2;1;1;100;2058.6;5.2346
1;1;2;1;1;1000;1904.4;5.3567
1;1;2;1;3;10;2061.6;5.1373
1;1;2;1;3;100;2039.4;5.2128
1;1;2;1;3;1000;2059.6;5.0699
1;1;2;1;6;10;1900.6;5.3701
1;1;2;1;6;100;2024.4;5.2684
1;1;2;1;6;1000;1902.9;5.3351
1;1;2;1;12;10;1871.1;5.3401
1;1;2;1;12;100;1935.9;5.3387
1;1;2;1;12;1000;1828.4;5.281
1;1;2;2;1;10;2131.6;4.8949
1;1;2;2;1;100;2105.4;4.905
1;1;2;2;1;1000;2043.1;4.9675
1;1;2;2;3;10;2024.8;5.1239
1;1;2;2;3;100;2059.7;4.9987
1;1;2;2;3;1000;1930.5;5.1377
1;1;2;2;6;10;1923.9;5.1432
1;1;2;2;6;100;1934.8;5.139
1;1;2;2;6;1000;2002.2;5.1478
1;1;2;2;12;10;1897.6;5.4703
1;1;2;2;12;100;1878.6;5.1627
1;1;2;2;12;1000;1853.2;5.4166
1;1;2;3;1;10;2195.1;4.4675
1;1;2;3;1;100;2218.6;4.5089
1;1;2;3;1;1000;2178.8;4.5103
1;1;2;3;3;10;2328;4.291
1;1;2;3;3;100;2296.1;4.3764
1;1;2;3;3;1000;2298.9;4.3585
1;1;2;3;6;10;2244.8;4.307
1;1;2;3;6;100;2271.5;4.2994
1;1;2;3;6;1000;2249;4.5131
1;1;2;3;12;10;2234.6;4.5767
1;1;2;3;12;100;2195.8;4.3609
1;1;2;3;12;1000;2276.9;4.4103
1;1;2;6;1;10;2215.4;4.5206
1;1;2;6;1;100;2226.2;4.3057
1;1;2;6;1;1000;2186.9;4.4787
1;1;2;6;3;10;2329.1;4.379
1;1;2;6;3;100;2309.2;4.2981
1;1;2;6;3;1000;2331.9;4.3381
1;1;2;6;6;10;2205.5;4.3737
1;1;2;6;6;100;2306.2;4.3308
1;1;2;6;6;1000;2230.9;4.3968
1;1;2;6;12;10;2311.2;4.3378
1;1;2;6;12;100;2224.8;4.3703
1;1;2;6;12;1000;2323.4;4.4231
1;1;3;1;1;10;1585.9;6.1904
1;1;3;1;1;100;1558.7;6.0909
1;1;3;1;1;1000;1684.1;6.107
1;1;3;1;3;10;1620.4;6.0975
1;1;3;1;3;100;1632.9;6.207
1;1;3;1;3;1000;1624.9;5.9981
1;1;3;1;6;10;1669.5;6.1188
1;1;3;1;6;100;1611.8;6.3713
1;1;3;1;6;1000;1574.6;6.1561
1;1;3;1;12;10;1568.2;6.3122
1;1;3;1;12;100;1617;6.1555
1;1;3;1;12;1000;1623.1;6.1748
1;1;3;2;1;10;1834.4;5.7019
1;1;3;2;1;100;1712.3;5.8506
1;1;3;2;1;1000;1778.3;5.8025
1;1;3;2;3;10;1681.6;6.0442
1;1;3;2;3;100;1757.4;6.0619
1;1;3;2;3;1000;1713.9;6.1587
1;1;3;2;6;10;1561.1;6.1697
1;1;3;2;6;100;1655.8;6.0804
1;1;3;2;6;1000;1599.6;6.1652
1;1;3;2;12;10;1646.8;6.1045
1;1;3;2;12;100;1680.9;6.1146
1;1;3;2;12;1000;1623.2;6.1705
1;1;3;3;1;10;2105.5;4.9466
1;1;3;3;1;100;2119.5;4.8406
1;1;3;3;1;1000;2105.8;4.9475
1;1;3;3;3;10;2010.2;4.9271
1;1;3;3;3;100;2141.3;4.8791
1;1;3;3;3;1000;2196.2;4.8299
1;1;3;3;6;10;2111.5;4.8937
1;1;3;3;6;100;2114.3;4.9
1;1;3;3;6;1000;2073.1;4.8477
1;1;3;3;12;10;1907.6;5.1892
1;1;3;3;12;100;1875.6;5.1301
1;1;3;3;12;1000;1979.1;5.1923
1;1;3;6;1;10;2153.1;4.7158
1;1;3;6;1;100;2147.8;4.884
1;1;3;6;1;1000;2226.6;4.9139
1;1;3;6;3;10;2104.8;4.7522
1;1;3;6;3;100;2090.1;4.9057
1;1;3;6;3;1000;2140.8;4.7925
1;1;3;6;6;10;1954.1;4.9799
1;1;3;6;6;100;2011.5;5.0026
1;1;3;6;6;1000;1960.8;4.9731
1;1;3;6;12;10;1943.5;5.2083
1;1;3;6;12;100;1987.8;5.0696
1;1;3;6;12;1000;1943.6;5.1408
1;1;10;1;1;10;955.06;11.268
1;1;10;1;1;100;936.94;11.129
1;1;10;1;1;1000;897.12;11.148
1;1;10;1;3;10;897.41;21.977
1;1;10;1;3;100;877.88;10.837
1;1;10;1;3;1000;902.38;11.05
1;1;10;1;6;10;919.41;11.253
1;1;10;1;6;100;857.06;10.922
1;1;10;1;6;1000;925.75;11.217
1;1;10;1;12;10;900.76;10.928
1;1;10;1;12;100;882;10.994
1;1;10;1;12;1000;920.88;10.843
1;1;10;2;1;10;917.25;23.964
1;1;10;2;1;100;884.56;22.432
1;1;10;2;1;1000;902.12;11.2
1;1;10;2;3;10;869.24;10.879
1;1;10;2;3;100;902.41;10.809
1;1;10;2;3;1000;893.71;23.573
1;1;10;2;6;10;890.12;10.801
1;1;10;2;6;100;928.44;11.033
1;1;10;2;6;1000;876.75;10.774
1;1;10;2;12;10;949.81;10.91
1;1;10;2;12;100;841.71;10.94
1;1;10;2;12;1000;898.76;10.858
1;1;10;3;1;10;893.82;11.198
1;1;10;3;1;100;896.94;10.849
1;1;10;3;1;1000;918.76;10.874
1;1;10;3;3;10;917.53;10.984
1;1;10;3;3;100;889.71;10.91
1;1;10;3;3;1000;912;10.827
1;1;10;3;6;10;925.59;10.696
1;1;10;3;6;100;915.35;10.829
1;1;10;3;6;1000;901.75;10.577
1;1;10;3;12;10;831.06;10.706
1;1;10;3;12;100;867;10.754
1;1;10;3;12;1000;944.31;10.723
1;1;10;6;1;10;865.76;20.952
1;1;10;6;1;100;877.35;11.109
1;1;10;6;1;1000;890.24;10.881
1;1;10;6;3;10;919.62;10.906
1;1;10;6;3;100;897.69;10.994
1;1;10;6;3;1000;919.69;10.765
1;1;10;6;6;10;890.75;10.763
1;1;10;6;6;100;949.82;11.083
1;1;10;6;6;1000;918.94;10.583
1;1;10;6;12;10;937.06;10.631
1;1;10;6;12;100;933.69;10.794
1;1;10;6;12;1000;949.75;10.662
1;1;100;1;1;10;89.412;213.14
1;1;100;1;1;100;89.941;100.38
1;1;100;1;1;1000;103.12;101.53
1;1;100;1;3;10;92.688;100.55
1;1;100;1;3;100;90.588;100.3
1;1;100;1;3;1000;88.062;101.64
1;1;100;1;6;10;96.5;101.73
1;1;100;1;6;100;90.562;100.37
1;1;100;1;6;1000;94.588;100.3
1;1;100;1;12;10;100.12;101.78
1;1;100;1;12;100;89.941;101.53
1;1;100;1;12;1000;90.25;100.4
1;1;100;2;1;10;97.882;100.37
1;1;100;2;1;100;88.471;101.6
1;1;100;2;1;1000;95.125;100.3
1;1;100;2;3;10;94.75;100.41
1;1;100;2;3;100;96.176;100.51
1;1;100;2;3;1000;81.882;101.85
1;1;100;2;6;10;89.059;100.64
1;1;100;2;6;100;107.41;100.44
1;1;100;2;6;1000;84.529;218.24
1;1;100;2;12;10;85.706;100.4
1;1;100;2;12;100;98.471;100.34
1;1;100;2;12;1000;92.118;100.3
1;1;100;3;1;10;89.529;100.32
1;1;100;3;1;100;99.625;100.38
1;1;100;3;1;1000;101.29;100.43
1;1;100;3;3;10;81.812;100.39
1;1;100;3;3;100;83.588;100.48
1;1;100;3;3;1000;102.44;100.42
1;1;100;3;6;10;97.059;100.48
1;1;100;3;6;100;94.235;100.4
1;1;100;3;6;1000;94.294;100.41
1;1;100;3;12;10;94.235;100.33
1;1;100;3;12;100;72.75;101.46
1;1;100;3;12;1000;104.25;100.47
1;1;100;6;1;10;82.412;100.38
1;1;100;6;1;100;102.88;100.47
1;1;100;6;1;1000;87.235;100.32
1;1;100;6;3;10;100.06;100.37
1;1;100;6;3;100;87.625;100.41
1;1;100;6;3;1000;96.176;100.42
1;1;100;6;6;10;88.353;100.38
1;1;100;6;6;100;106.69;100.44
1;1;100;6;6;1000;78.75;102.09
1;1;100;6;12;10;90.938;100.46
1;1;100;6;12;100;98.529;100.41
1;1;100;6;12;1000;91.647;100.5
1;2;1;1;1;10;4024.2;4.9752
1;2;1;1;1;100;3847.5;7.6709
1;2;1;1;1;1000;4067.4;4.975
1;2;1;1;3;10;4268;4.6327
1;2;1;1;3;100;4303.6;4.6888
1;2;1;1;3;1000;4257.5;4.5601
1;2;1;1;6;10;4075.8;4.742
1;2;1;1;6;100;4100.6;4.8188
1;2;1;1;6;1000;4122.1;4.6654
1;2;1;1;12;10;3955.6;4.8848
1;2;1;1;12;100;3924;4.8058
1;2;1;1;12;1000;4267.6;5.3365
1;2;1;2;1;10;4792.8;4.4127
1;2;1;2;1;100;4802.5;4.3792
1;2;1;2;1;1000;4775.6;4.2854
1;2;1;2;3;10;4146.8;4.6404
1;2;1;2;3;100;4258.5;4.6938
1;2;1;2;3;1000;3984.9;4.6135
1;2;1;2;6;10;4166.2;4.6842
1;2;1;2;6;100;4113.8;7.3239
1;2;1;2;6;1000;4088.6;4.7191
1;2;1;2;12;10;4229.9;4.6703
1;2;1;2;12;100;4133.6;4.8437
1;2;1;2;12;1000;4098.5;4.7506
1;2;1;3;1;10;4645.9;4.251
1;2;1;3;1;100;4655.7;4.295
1;2;1;3;1;1000;4710.1;4.2084
1;2;1;3;3;10;5186.6;3.7197
1;2;1;3;3;100;5400.1;3.714
1;2;1;3;3;1000;5350.4;3.7956
1;2;1;3;6;10;4971.7;3.9013
1;2;1;3;6;100;5019.4;3.9929
1;2;1;3;6;1000;5171.8;3.9803
1;2;1;3;12;10;4973.1;3.9408
1;2;1;3;12;100;4959.9;3.9865
1;2;1;3;12;1000;4943.9;3.9771
1;2;1;6;1;10;4746.7;4.0753
1;2;1;6;1;100;4752.2;4.1051
1;2;1;6;1;1000;4705.4;4.395
1;2;1;6;3;10;5171.2;3.8101
1;2;1;6;3;100;5353.9;3.7656
1;2;1;6;3;1000;5156.8;3.7782
1;2;1;6;6;10;5083.4;3.9164
1;2;1;6;6;100;4893.2;3.8786
1;2;1;6;6;1000;5198.4;3.8956
1;2;1;6;12;10;4862.5;4.0115
1;2;1;6;12;100;4865.2;3.9855
1;2;1;6;12;1000;5005.2;4.0256
1;2;2;1;1;10;3463.2;5.7478
1;2;2;1;1;100;3540.6;5.7538
1;2;2;1;1;1000;3620.8;5.6302
1;2;2;1;3;10;3706.6;5.3713
1;2;2;1;3;100;3664.1;5.3532
1;2;2;1;3;1000;3667.8;5.3866
1;2;2;1;6;10;3666.8;5.4404
1;2;2;1;6;100;3549.6;5.5331
1;2;2;1;6;1000;3495.6;5.4591
1;2;2;1;12;10;3345.7;5.5294
1;2;2;1;12;100;3425.4;5.7195
1;2;2;1;12;1000;3344.7;5.6994
1;2;2;2;1;10;3785.7;5.1449
1;2;2;2;1;100;4072.2;5.0772
1;2;2;2;1;1000;4090.2;5.0329
1;2;2;2;3;10;3851.6;8.0346
1;2;2;2;3;100;3726.6;5.2255
1;2;2;2;3;1000;3875.7;5.6994
1;2;2;2;6;10;3858.7;5.2703
1;2;2;2;6;100;3709.8;5.1917
1;2;2;2;6;1000;3688.9;5.2892
1;2;2;2;12;10;3757.8;5.4603
1;2;2;2;12;100;3571.4;5.3918
1;2;2;2;12;1000;3655.6;5.4408
1;2;2;3;1;10;4005;4.9936
1;2;2;3;1;100;3909.1;5.1669
1;2;2;3;1;1000;3755.2;5.0013
1;2;2;3;3;10;4257.7;4.6776
1;2;2;3;3;100;4296.8;4.6903
1;2;2;3;3;1000;4361.8;4.8357
1;2;2;3;6;10;4146.8;4.7142
1;2;2;3;6;100;4213.1;4.6922
1;2;2;3;6;1000;4011.7;4.7038
1;2;2;3;12;10;4099.2;4.7827
1;2;2;3;12;100;4044.7;4.7799
1;2;2;3;12;1000;4168.1;4.881
1;2;2;6;1;10;3900.4;5.1089
1;2;2;6;1;100;3922.9;5.1955
1;2;2;6;1;1000;3870.9;5.2723
1;2;2;6;3;10;4060.4;4.6608
1;2;2;6;3;100;4134.2;4.6526
1;2;2;6;3;1000;4203.9;4.6987
1;2;2;6;6;10;4063.8;7.2747
1;2;2;6;6;100;3964.2;4.7526
1;2;2;6;6;1000;4000.5;4.9654
1;2;2;6;12;10;3987.3;4.811
1;2;2;6;12;100;3994.7;4.8628
1;2;2;6;12;1000;4087.8;4.8619
1;2;3;1;1;10;2959.4;6.6938
1;2;3;1;1;100;2947.2;6.8108
1;2;3;1;1;1000;3000.6;6.8904
1;2;3;1;3;10;3184.7;6.3564
1;2;3;1;3;100;2882.2;6.2956
1;2;3;1;3;1000;3135.7;6.3516
1;2;3;1;6;10;3009.9;6.4327
1;2;3;1;6;100;3032.8;6.3747
1;2;3;1;6;1000;2950.2;6.4323
1;2;3;1;12;10;2981.9;6.5086
1;2;3;1;12;100;2947.1;6.5052
1;2;3;1;12;1000;3081.6;6.3391
1;2;3;2;1;10;3600.4;5.7949
1;2;3;2;1;100;3171.1;5.8898
1;2;3;2;1;1000;3539.2;5.6573
1;2;3;2;3;10;3298.7;6.0386
1;2;3;2;3;100;3235.4;5.9911
1;2;3;2;3;1000;3320.2;6.0537
1;2;3;2;6;10;3256.7;6.169
1;2;3;2;6;100;3313.9;6.0906
1;2;3;2;6;1000;3234.3;6.2077
1;2;3;2;12;10;3092.6;6.3154
1;2;3;2;12;100;3082.9;6.1788
1;2;3;2;12;1000;3082.2;6.1445
1;2;3;3;1;10;3512.6;5.6987
1;2;3;3;1;100;3491.9;8.758
1;2;3;3;1;1000;3484;5.9531
1;2;3;3;3;10;3649.1;5.4912
1;2;3;3;3;100;3653.6;5.4287
1;2;3;3;3;1000;3572.2;5.417
1;2;3;3;6;10;3655.5;5.5417
1;2;3;3;6;100;3521.9;5.7447
1;2;3;3;6;1000;3526.5;5.5943
1;2;3;3;12;10;3395.8;5.7847
1;2;3;3;12;100;3327;5.7758
1;2;3;3;12;1000;3506.1;5.7225
1;2;3;6;1;10;3330.8;5.7722
1;2;3;6;1;100;3375.1;6.0006
1;2;3;6;1;1000;3323;5.9893
1;2;3;6;3;10;3512.2;5.4395
1;2;3;6;3;100;3648.6;5.4186
1;2;3;6;3;1000;3627.4;5.4572
1;2;3;6;6;10;3388.6;5.7252
1;2;3;6;6;100;3444.8;5.8065
1;2;3;6;6;1000;3343.2;5.6969
1;2;3;6;12;10;3349;5.7844
1;2;3;6;12;100;3488.3;5.7968
1;2;3;6;12;1000;3199.3;8.4719
1;2;10;1;1;10;1812.1;11.411
1;2;10;1;1;100;1781.2;11.49
1;2;10;1;1;1000;1666.2;11.414
1;2;10;1;3;10;1851.5;11.015
1;2;10;1;3;100;1776.2;10.956
1;2;10;1;3;1000;1803.3;10.979
1;2;10;1;6;10;1761.1;11.009
1;2;10;1;6;100;1748.6;11.043
1;2;10;1;6;1000;1761.5;11.07
1;2;10;1;12;10;1776.1;10.833
1;2;10;1;12;100;1853.1;10.989
1;2;10;1;12;1000;1729.5;10.983
1;2;10;2;1;10;1803.8;11.011
1;2;10;2;1;100;1819.5;11.001
1;2;10;2;1;1000;1800.4;10.946
1;2;10;2;3;10;1754.5;10.721
1;2;10;2;3;100;1786.2;10.792
1;2;10;2;3;1000;1850;10.912
1;2;10;2;6;10;1792.6;10.799
1;2;10;2;6;100;1771.8;10.892
1;2;10;2;6;1000;1662.2;10.917
1;2;10;2;12;10;1838.8;10.877
1;2;10;2;12;100;1722.8;10.844
1;2;10;2;12;1000;1722.9;11.699
1;2;10;3;1;10;1673.9;11.096
1;2;10;3;1;100;1778.8;11.025
1;2;10;3;1;1000;1651.5;11.084
1;2;10;3;3;10;1812.5;10.692
1;2;10;3;3;100;1821.2;10.765
1;2;10;3;3;1000;1772.3;10.748
1;2;10;3;6;10;1828.4;10.66
1;2;10;3;6;100;1837.8;11.031
1;2;10;3;6;1000;1748.9;10.858
1;2;10;3;12;10;1807.3;10.796
1;2;10;3;12;100;1808.8;10.85
1;2;10;3;12;1000;1733.8;10.784
1;2;10;6;1;10;1782.1;11.27
1;2;10;6;1;100;1751.8;11.016
1;2;10;6;1;1000;1795.8;11.074
1;2;10;6;3;10;1826.5;10.794
1;2;10;6;3;100;1846.8;10.736
1;2;10;6;3;1000;1789.1;10.851
1;2;10;6;6;10;1811.1;10.745
1;2;10;6;6;100;1769.7;10.821
1;2;10;6;6;1000;1767.9;10.74
1;2;10;6;12;10;1774.1;10.789
1;2;10;6;12;100;1817;10.719
1;2;10;6;12;1000;1800.1;10.693
1;2;100;1;1;10;197.5;101.57
1;2;100;1;1;100;181.94;100.52
1;2;100;1;1;1000;174.76;100.62
1;2;100;1;3;10;204.44;101.12
1;2;100;1;3;100;198.5;100.47
1;2;100;1;3;1000;183.53;100.52
1;2;100;1;6;10;197.38;100.54
1;2;100;1;6;100;188.31;100.65
1;2;100;1;6;1000;172.56;100.47
1;2;100;1;12;10;181.53;101.55
1;2;100;1;12;100;196.24;100.5
1;2;100;1;12;1000;193;101.1
1;2;100;2;1;10;187.47;100.6
1;2;100;2;1;100;179;100.54
1;2;100;2;1;1000;182.88;100.52
1;2;100;2;3;10;185.94;100.49
1;2;100;2;3;100;182.29;100.48
1;2;100;2;3;1000;197.62;100.4
1;2;100;2;6;10;177.18;101.09
1;2;100;2;6;100;178.56;100.52
1;2;100;2;6;1000;191.31;100.53
1;2;100;2;12;10;211.12;101.09
1;2;100;2;12;100;192.18;100.51
1;2;100;2;12;1000;188.5;100.52
1;2;100;3;1;10;172.71;100.59
1;2;100;3;1;100;190.06;100.43
1;2;100;3;1;1000;182.71;100.55
1;2;100;3;3;10;186.62;100.63
1;2;100;3;3;100;186.12;153.3
1;2;100;3;3;1000;191;100.52
1;2;100;3;6;10;199;100.95
1;2;100;3;6;100;196.06;100.67
1;2;100;3;6;1000;184.19;101.13
1;2;100;3;12;10;175.88;100.54
1;2;100;3;12;100;171.06;100.71
1;2;100;3;12;1000;181.88;100.68
1;2;100;6;1;10;195;100.57
1;2;100;6;1;100;197.65;101.22
1;2;100;6;1;1000;211.31;100.54
1;2;100;6;3;10;203.82;100.92
1;2;100;6;3;100;179.88;101.07
1;2;100;6;3;1000;193.06;101.41
1;2;100;6;6;10;194.19;100.24
1;2;100;6;6;100;175.24;100.53
1;2;100;6;6;1000;182;100.19
1;2;100;6;12;10;195.76;100.52
1;2;100;6;12;100;164.12;101.28
1;2;100;6;12;1000;201.25;100.68
1;10;1;1;1;10;9086.7;11.309
1;10;1;1;1;100;8811.5;11.215
1;10;1;1;1;1000;9306.6;11.335
1;10;1;1;3;10;11886;8.4214
1;10;1;1;3;100;12208;8.3948
1;10;1;1;3;1000;12078;8.5082
1;10;1;1;6;10;11598;8.9675
1;10;1;1;6;100;11508;9.0342
1;10;1;1;6;1000;10764;9.9221
1;10;1;1;12;10;10747;9.4325
1;10;1;1;12;100;10754;9.2795
1;10;1;1;12;1000;10576;9.7994
1;10;1;2;1;10;10796;9.4223
1;10;1;2;1;100;11618;9.5084
1;10;1;2;1;1000;11260;9.5654
1;10;1;2;3;10;13232;7.9853
1;10;1;2;3;100;13066;9.0089
1;10;1;2;3;1000;13513;7.7715
1;10;1;2;6;10;12074;8.3359
1;10;1;2;6;100;12266;8.3452
1;10;1;2;6;1000;12545;8.4146
1;10;1;2;12;10;10691;9.1968
1;10;1;2;12;100;11582;8.6787
1;10;1;2;12;1000;11698;10.006
1;10;1;3;1;10;9232.4;10.982
1;10;1;3;1;100;9009.1;11.194
1;10;1;3;1;1000;8964.1;11.161
1;10;1;3;3;10;13260;7.6618
1;10;1;3;3;100;12827;9.579
1;10;1;3;3;1000;13494;7.8369
1;10;1;3;6;10;13540;8.0656
1;10;1;3;6;100;13519;7.825
1;10;1;3;6;1000;13699;7.8794
1;10;1;3;12;10;12951;7.4564
1;10;1;3;12;100;12830;7.8115
1;10;1;3;12;1000;12855;8.731
1;10;1;6;1;10;9442.4;10.631
1;10;1;6;1;100;9113.3;10.992
1;10;1;6;1;1000;9324.8;11.073
1;10;1;6;3;10;12625;8.4994
1;10;1;6;3;100;13520;8.3045
1;10;1;6;3;1000;13582;9.08
1;10;1;6;6;10;14299;7.907
1;10;1;6;6;100;13755;8.5256
1;10;1;6;6;1000;13591;8.2106
1;10;1;6;12;10;13208;8.9026
1;10;1;6;12;100;13569;8.7592
1;10;1;6;12;1000;12519;9.7051
1;10;2;1;1;10;8630.2;11.869
1;10;2;1;1;100;8744;11.807
1;10;2;1;1;1000;8622.8;14.008
1;10;2;1;3;10;12539;8.272
1;10;2;1;3;100;12582;8.2688
1;10;2;1;3;1000;12208;8.7481
1;10;2;1;6;10;12075;8.6295
1;10;2;1;6;100;11948;8.5266
1;10;2;1;6;1000;11642;9.7487
1;10;2;1;12;10;11232;9.0167
1;10;2;1;12;100;11478;10.154
1;10;2;1;12;1000;10974;9.0157
1;10;2;2;1;10;10639;10.396
1;10;2;2;1;100;10829;9.8081
1;10;2;2;1;1000;10534;10.148
1;10;2;2;3;10;12802;8.135
1;10;2;2;3;100;12341;8.0115
1;10;2;2;3;1000;12781;8.1943
1;10;2;2;6;10;11900;8.5226
1;10;2;2;6;100;11824;9.386
1;10;2;2;6;1000;11728;8.3824
1;10;2;2;12;10;11063;9.7568
1;10;2;2;12;100;11581;9.1237
1;10;2;2;12;1000;11108;9.9783
1;10;2;3;1;10;8581.1;11.739
1;10;2;3;1;100;9024;12.555
1;10;2;3;1;1000;9338.5;12.357
1;10;2;3;3;10;12416;8.1344
1;10;2;3;3;100;12566;8.0767
1;10;2;3;3;1000;12765;8.3268
1;10;2;3;6;10;12751;8.9429
1;10;2;3;6;100;12461;8.9942
1;10;2;3;6;1000;13284;8.2758
1;10;2;3;12;10;12004;8.6121
1;10;2;3;12;100;11904;8.5375
1;10;2;3;12;1000;11916;8.669
1;10;2;6;1;10;9442.4;10.988
1;10;2;6;1;100;9274;11.501
1;10;2;6;1;1000;8784.4;10.812
1;10;2;6;3;10;11863;8.7688
1;10;2;6;3;100;12015;8.9097
1;10;2;6;3;1000;12226;8.6542
1;10;2;6;6;10;12255;8.6841
1;10;2;6;6;100;11448;8.8574
1;10;2;6;6;1000;12882;8.6797
1;10;2;6;12;10;11603;8.6892
1;10;2;6;12;100;11500;8.9078
1;10;2;6;12;1000;12502;9.7277
1;10;3;1;1;10;8033.9;12.625
1;10;3;1;1;100;8122.3;12.434
1;10;3;1;1;1000;8156.6;12.956
1;10;3;1;3;10;11474;9.0591
1;10;3;1;3;100;11325;8.7962
1;10;3;1;3;1000;11364;8.9627
1;10;3;1;6;10;11200;9.2579
1;10;3;1;6;100;11098;9.149
1;10;3;1;6;1000;10879;10.051
1;10;3;1;12;10;10662;9.534
1;10;3;1;12;100;10498;9.5298
1;10;3;1;12;1000;10902;9.3961
1;10;3;2;1;10;10230;10.198
1;10;3;2;1;100;9970.2;10.413
1;10;3;2;1;1000;10102;10.782
1;10;3;2;3;10;12481;8.2019
1;10;3;2;3;100;11904;8.2459
1;10;3;2;3;1000;12015;9.4949
1;10;3;2;6;10;11974;9.8717
1;10;3;2;6;100;11771;8.5872
1;10;3;2;6;1000;11785;9.6342
1;10;3;2;12;10;11422;9.1031
1;10;3;2;12;100;11036;9.3806
1;10;3;2;12;1000;11439;9.102
1;10;3;3;1;10;8475.6;12.088
1;10;3;3;1;100;8017.6;12.117
1;10;3;3;1;1000;8698.6;13.028
1;10;3;3;3;10;11488;8.8931
1;10;3;3;3;100;11971;8.7506
1;10;3;3;3;1000;11102;8.8929
1;10;3;3;6;10;11310;8.7552
1;10;3;3;6;100;11614;8.7782
1;10;3;3;6;1000;11290;8.8658
1;10;3;3;12;10;10905;8.9316
1;10;3;3;12;100;11417;9.0692
1;10;3;3;12;1000;10712;9.1431
1;10;3;6;1;10;8717.1;11.37
1;10;3;6;1;100;8735;11.617
1;10;3;6;1;1000;8546.1;12.038
1;10;3;6;3;10;11570;8.7924
1;10;3;6;3;100;11375;9.2258
1;10;3;6;3;1000;11191;9.2177
1;10;3;6;6;10;11812;9.1573
1;10;3;6;6;100;11232;9.4936
1;10;3;6;6;1000;11394;9.6819
1;10;3;6;12;10;11066;10.005
1;10;3;6;12;100;11012;9.417
1;10;3;6;12;1000;10709;9.6064
1;10;10;1;1;10;5964.3;18.788
1;10;10;1;1;100;6091.4;17.192
1;10;10;1;1;1000;6027.7;17.464
1;10;10;1;3;10;7597.6;13.388
1;10;10;1;3;100;7632.9;13.349
1;10;10;1;3;1000;7538.6;13.502
1;10;10;1;6;10;7585.1;13.401
1;10;10;1;6;100;7716.2;13.276
1;10;10;1;6;1000;7512.5;15.344
1;10;10;1;12;10;7139.5;13.53
1;10;10;1;12;100;7210.4;14.087
1;10;10;1;12;1000;7086.8;14.151
1;10;10;2;1;10;6757;15.053
1;10;10;2;1;100;6743.1;16.725
1;10;10;2;1;1000;6790.6;16.664
1;10;10;2;3;10;8413.4;11.763
1;10;10;2;3;100;8407.6;11.927
1;10;10;2;3;1000;8248.2;12.2
1;10;10;2;6;10;8030.2;12.179
1;10;10;2;6;100;8321.8;11.913
1;10;10;2;6;1000;8351.2;12.193
1;10;10;2;12;10;7716.2;12.247
1;10;10;2;12;100;7922.1;13.308
1;10;10;2;12;1000;7975;12.346
1;10;10;3;1;10;5807.9;17.256
1;10;10;3;1;100;5929.2;16.334
1;10;10;3;1;1000;6039.3;16.693
1;10;10;3;3;10;7336;13.635
1;10;10;3;3;100;7172.8;13.692
1;10;10;3;3;1000;7513.1;13.7
1;10;10;3;6;10;7966.5;12.653
1;10;10;3;6;100;7174.1;12.983
1;10;10;3;6;1000;7784.9;13.092
1;10;10;3;12;10;7160.4;13.665
1;10;10;3;12;100;7362.3;13.743
1;10;10;3;12;1000;7365.4;13.637
1;10;10;6;1;10;6058.1;16.455
1;10;10;6;1;100;5938.5;16.251
1;10;10;6;1;1000;6107.1;17.871
1;10;10;6;3;10;7293.1;14.083
1;10;10;6;3;100;7527.1;13.819
1;10;10;6;3;1000;7233.7;13.804
1;10;10;6;6;10;7778.5;13.904
1;10;10;6;6;100;7710.1;13.792
1;10;10;6;6;1000;7602.9;14.348
1;10;10;6;12;10;7616.6;14.95
1;10;10;6;12;100;7335.6;13.324
1;10;10;6;12;1000;7237.4;15.064
1;10;100;1;1;10;956;101.14
1;10;100;1;1;100;903.06;100.88
1;10;100;1;1;1000;878.19;100.73
1;10;100;1;3;10;932.59;100.89
1;10;100;1;3;100;926.82;101.2
1;10;100;1;3;1000;912.88;112.1
1;10;100;1;6;10;904.12;100.78
1;10;100;1;6;100;918.65;100.39
1;10;100;1;6;1000;923.94;100.7
1;10;100;1;12;10;954.69;100.55
1;10;100;1;12;100;927.94;100.83
1;10;100;1;12;1000;941.47;101.3
1;10;100;2;1;10;906.76;100.72
1;10;100;2;1;100;927.65;110.25
1;10;100;2;1;1000;903;111.22
1;10;100;2;3;10;921.69;101.22
1;10;100;2;3;100;963.62;100.9
1;10;100;2;3;1000;993.94;101.07
1;10;100;2;6;10;920.56;101.34
1;10;100;2;6;100;941.47;101.03
1;10;100;2;6;1000;937.18;112.8
1;10;100;2;12;10;985.56;101.58
1;10;100;2;12;100;927.38;100.92
1;10;100;2;12;1000;945.56;100.64
1;10;100;3;1;10;948.29;100.1
1;10;100;3;1;100;922;100.29
1;10;100;3;1;1000;896.38;112.39
1;10;100;3;3;10;948.56;100.63
1;10;100;3;3;100;891.19;100.89
1;10;100;3;3;1000;891.71;100.54
1;10;100;3;6;10;919.29;99.636
1;10;100;3;6;100;916.5;100.54
1;10;100;3;6;1000;900.82;99.949
1;10;100;3;12;10;925.71;101
1;10;100;3;12;100;914.06;100.74
1;10;100;3;12;1000;918.35;100.4
1;10;100;6;1;10;943.29;100.23
1;10;100;6;1;100;945.12;100.52
1;10;100;6;1;1000;960.06;119.01
1;10;100;6;3;10;929;109.93
1;10;100;6;3;100;930.24;99.152
1;10;100;6;3;1000;942.06;110.2
1;10;100;6;6;10;948.47;98.764
1;10;100;6;6;100;887.65;98.596
1;10;100;6;6;1000;895.62;100.84
1;10;100;6;12;10;932.53;100.41
1;10;100;6;12;100;886.12;99.147
1;10;100;6;12;1000;904.29;98.501
1;100;1;1;1;10;9149.9;120.25
1;100;1;1;1;100;9322;111.63
1;100;1;1;1;1000;9029.2;120.11
1;100;1;1;3;10;12376;89
1;100;1;1;3;100;12015;87.489
1;100;1;1;3;1000;12675;84.245
1;100;1;1;6;10;13757;79.122
1;100;1;1;6;100;13669;77.813
1;100;1;1;6;1000;13000;86.103
1;100;1;1;12;10;15199;71.096
1;100;1;1;12;100;15001;69.527
1;100;1;1;12;1000;15036;70.55
1;100;1;2;1;10;8051.2;132.39
1;100;1;2;1;100;8333.7;134.75
1;100;1;2;1;1000;8328.4;130.98
1;100;1;2;3;10;14085;73.065
1;100;1;2;3;100;14193;73.835
1;100;1;2;3;1000;13954;71.676
1;100;1;2;6;10;16810;65.039
1;100;1;2;6;100;17251;63.288
1;100;1;2;6;1000;17394;58.673
1;100;1;2;12;10;21658;49.909
1;100;1;2;12;100;19990;53.99
1;100;1;2;12;1000;20302;53.029
1;100;1;3;1;10;8530.7;124.3
1;100;1;3;1;100;8397.5;118.77
1;100;1;3;1;1000;8037.4;131.27
1;100;1;3;3;10;12212;89.609
1;100;1;3;3;100;12501;87.581
1;100;1;3;3;1000;12145;91.652
1;100;1;3;6;10;13252;76.981
1;100;1;3;6;100;12713;83.93
1;100;1;3;6;1000;13117;78.834
1;100;1;3;12;10;13403;73.699
1;100;1;3;12;100;12873;75.626
1;100;1;3;12;1000;13450;79.929
1;100;1;6;1;10;8200.5;121.51
1;100;1;6;1;100;8425.4;115.62
1;100;1;6;1;1000;8520.8;116.83
1;100;1;6;3;10;12871;85.062
1;100;1;6;3;100;12677;89.475
1;100;1;6;3;1000;12570;92.724
1;100;1;6;6;10;13227;88.285
1;100;1;6;6;100;13657;88.642
1;100;1;6;6;1000;13543;79.706
1;100;1;6;12;10;15066;70.458
1;100;1;6;12;100;13929;82.49
1;100;1;6;12;1000;14318;75.42
1;100;2;1;1;10;8957.1;118.26
1;100;2;1;1;100;9168.9;112.23
1;100;2;1;1;1000;9002.1;118.21
1;100;2;1;3;10;13008;85.4
1;100;2;1;3;100;13593;79.113
1;100;2;1;3;1000;12068;84.045
1;100;2;1;6;10;14203;76.439
1;100;2;1;6;100;14631;73.489
1;100;2;1;6;1000;13395;81.28
1;100;2;1;12;10;14933;71.058
1;100;2;1;12;100;15432;68.169
1;100;2;1;12;1000;15115;70.434
1;100;2;2;1;10;8599.6;126.27
1;100;2;2;1;100;8325.9;129.4
1;100;2;2;1;1000;8185.6;131.93
1;100;2;2;3;10;14337;73.867
1;100;2;2;3;100;14667;69.573
1;100;2;2;3;1000;13626;77.249
1;100;2;2;6;10;17878;60.602
1;100;2;2;6;100;17609;59.594
1;100;2;2;6;1000;17755;63.241
1;100;2;2;12;10;20514;55.708
1;100;2;2;12;100;22059;49.377
1;100;2;2;12;1000;21161;56.16
1;100;2;3;1;10;8640.6;114.99
1;100;2;3;1;100;8482.5;117.99
1;100;2;3;1;1000;8625.1;118.07
1;100;2;3;3;10;13446;76.493
1;100;2;3;3;100;13178;83.58
1;100;2;3;3;1000;13087;82.415
1;100;2;3;6;10;13596;77.449
1;100;2;3;6;100;13295;78.682
1;100;2;3;6;1000;13664;75.72
1;100;2;3;12;10;13682;74.442
1;100;2;3;12;100;14441;74.897
1;100;2;3;12;1000;14043;75.714
1;100;2;6;1;10;8835.2;110.66
1;100;2;6;1;100;8856.9;109.53
1;100;2;6;1;1000;8643.2;125.27
1;100;2;6;3;10;12480;83.458
1;100;2;6;3;100;13236;84.443
1;100;2;6;3;1000;12850;82.038
1;100;2;6;6;10;13910;76.766
1;100;2;6;6;100;14124;78.504
1;100;2;6;6;1000;14169;74.479
1;100;2;6;12;10;14892;71.85
1;100;2;6;12;100;14937;75.264
1;100;2;6;12;1000;14380;74.841
1;100;3;1;1;10;9265.7;112.11
1;100;3;1;1;100;9346.5;108.16
1;100;3;1;1;1000;9000.9;119.16
1;100;3;1;3;10;12821;78.327
1;100;3;1;3;100;14109;75.554
1;100;3;1;3;1000;12858;81.794
1;100;3;1;6;10;14524;76.45
1;100;3;1;6;100;14411;80.33
1;100;3;1;6;1000;14643;73.933
1;100;3;1;12;10;15994;64.588
1;100;3;1;12;100;15352;67.05
1;100;3;1;12;1000;15168;72.333
1;100;3;2;1;10;8122.2;121.74
1;100;3;2;1;100;8521;128.17
1;100;3;2;1;1000;8410.2;125.33
1;100;3;2;3;10;14415;75.491
1;100;3;2;3;100;15219;76.698
1;100;3;2;3;1000;14310;75.643
1;100;3;2;6;10;18658;59.748
1;100;3;2;6;100;17635;61.849
1;100;3;2;6;1000;17674;61.292
1;100;3;2;12;10;21565;52.223
1;100;3;2;12;100;21352;52.066
1;100;3;2;12;1000;21688;50.396
1;100;3;3;1;10;8822.6;121.2
1;100;3;3;1;100;8443.6;123.62
1;100;3;3;1;1000;8619.3;117.75
1;100;3;3;3;10;13553;82.262
1;100;3;3;3;100;12454;80.868
1;100;3;3;3;1000;12446;81.787
1;100;3;3;6;10;13554;78.273
1;100;3;3;6;100;13659;75.746
1;100;3;3;6;1000;13887;72.259
1;100;3;3;12;10;14358;70.889
1;100;3;3;12;100;14202;74.225
1;100;3;3;12;1000;14271;75.084
1;100;3;6;1;10;8436.6;115.94
1;100;3;6;1;100;8716.1;110.85
1;100;3;6;1;1000;8639.5;115.35
1;100;3;6;3;10;13350;78.361
1;100;3;6;3;100;13079;81.517
1;100;3;6;3;1000;13198;79.352
1;100;3;6;6;10;13602;73.666
1;100;3;6;6;100;13955;76.556
1;100;3;6;6;1000;13875;77.118
1;100;3;6;12;10;14267;76.236
1;100;3;6;12;100;15747;70.311
1;100;3;6;12;1000;15640;69.748
1;100;10;1;1;10;9115.9;109.6
1;100;10;1;1;100;9395.8;110.38
1;100;10;1;1;1000;9043.3;116.93
1;100;10;1;3;10;13820;80.154
1;100;10;1;3;100;13138;77.247
1;100;10;1;3;1000;13787;81.861
1;100;10;1;6;10;14436;72.385
1;100;10;1;6;100;15508;73.736
1;100;10;1;6;1000;14638;77.496
1;100;10;1;12;10;15608;66.569
1;100;10;1;12;100;15259;71.367
1;100;10;1;12;1000;15945;67.393
1;100;10;2;1;10;8624.4;120.24
1;100;10;2;1;100;8651.7;123.16
1;100;10;2;1;1000;8627.7;134.91
1;100;10;2;3;10;14558;66.595
1;100;10;2;3;100;15426;67.209
1;100;10;2;3;1000;15298;67.252
1;100;10;2;6;10;17656;61.74
1;100;10;2;6;100;18907;55.058
1;100;10;2;6;1000;18575;60.76
1;100;10;2;12;10;21563;50.19
1;100;10;2;12;100;22829;45.261
1;100;10;2;12;1000;22207;51.913
1;100;10;3;1;10;8476.8;114.62
1;100;10;3;1;100;8477.5;111.84
1;100;10;3;1;1000;8829.5;117.66
1;100;10;3;3;10;13661;78.554
1;100;10;3;3;100;13082;81.377
1;100;10;3;3;1000;12996;81.667
1;100;10;3;6;10;14825;71.633
1;100;10;3;6;100;14107;71.127
1;100;10;3;6;1000;14830;72.388
1;100;10;3;12;10;14991;67.503
1;100;10;3;12;100;14945;67.506
1;100;10;3;12;1000;15737;66.309
1;100;10;6;1;10;9057.9;103.14
1;100;10;6;1;100;9105.5;114.96
1;100;10;6;1;1000;8649.6;108.4
1;100;10;6;3;10;14008;72.553
1;100;10;6;3;100;14262;79.749
1;100;10;6;3;1000;14028;75.397
1;100;10;6;6;10;14758;70.796
1;100;10;6;6;100;15261;73.653
1;100;10;6;6;1000;15281;69.949
1;100;10;6;12;10;17348;60.871
1;100;10;6;12;100;15917;65.319
1;100;10;6;12;1000;15974;68.183
1;100;100;1;1;10;7323.1;137.15
1;100;100;1;1;100;7602.1;138.14
1;100;100;1;1;1000;7511.2;140.3
1;100;100;1;3;10;9130.2;113.51
1;100;100;1;3;100;8942.5;113.52
1;100;100;1;3;1000;8755.9;112.77
1;100;100;1;6;10;8981.9;116.77
1;100;100;1;6;100;8750.6;114.22
1;100;100;1;6;1000;8624.5;112.34
1;100;100;1;12;10;8875.2;113.05
1;100;100;1;12;100;9090.4;110.19
1;100;100;1;12;1000;8643.9;121
1;100;100;2;1;10;8096.6;129.51
1;100;100;2;1;100;7955;132.73
1;100;100;2;1;1000;7745.8;131.22
1;100;100;2;3;10;9187.3;109.86
1;100;100;2;3;100;9176.5;111.8
1;100;100;2;3;1000;9113.5;110.72
1;100;100;2;6;10;9181.2;113.32
1;100;100;2;6;100;9028.8;109.88
1;100;100;2;6;1000;8956.9;109.85
1;100;100;2;12;10;8716.2;111.49
1;100;100;2;12;100;9232.1;110.51
1;100;100;2;12;1000;9390.8;113.99
1;100;100;3;1;10;7631.1;125.66
1;100;100;3;1;100;7585.8;126.07
1;100;100;3;1;1000;7319.2;130.16
1;100;100;3;3;10;8360.2;116.38
1;100;100;3;3;100;8526;114.26
1;100;100;3;3;1000;8514.6;115.33
1;100;100;3;6;10;8790.9;115.08
1;100;100;3;6;100;8613.4;118.61
1;100;100;3;6;1000;8695.9;112.57
1;100;100;3;12;10;8197.6;113.05
1;100;100;3;12;100;8565.8;119.72
1;100;100;3;12;1000;8590.9;117.66
1;100;100;6;1;10;7353.7;125.48
1;100;100;6;1;100;7521.7;127.95
1;100;100;6;1;1000;7581.6;128.94
1;100;100;6;3;10;8533.4;118.61
1;100;100;6;3;100;8179.8;117.4
1;100;100;6;3;1000;8142.2;120.44
1;100;100;6;6;10;8495.9;118.43
1;100;100;6;6;100;8034.7;114.85
1;100;100;6;6;1000;8333.8;116.83
1;100;100;6;12;10;8185.5;118.99
1;100;100;6;12;100;8308.1;120.9
1;100;100;6;12;1000;7929.9;118.29
1;1000;1;1;1;10;10000;1043.7
1;1000;1;1;1;100;9800.2;1046.9
1;1000;1;1;1;1000;9953.5;1105.4
1;1000;1;1;3;10;14417;733.88
1;1000;1;1;3;100;14672;723.56
1;1000;1;1;3;1000;14451;727.19
1;1000;1;1;6;10;15415;689.6
1;1000;1;1;6;100;15885;668.82
1;1000;1;1;6;1000;15807;675.76
1;1000;1;1;12;10;17746;622.82
1;1000;1;1;12;100;16416;660.07
1;1000;1;1;12;1000;16418;679.93
1;1000;1;2;1;10;8161.5;1277.9
1;1000;1;2;1;100;8632.8;1236.8
1;1000;1;2;1;1000;8406.1;1311.4
1;1000;1;2;3;10;16152;725.45
1;1000;1;2;3;100;15989;697.72
1;1000;1;2;3;1000;16704;618.57
1;1000;1;2;6;10;18532;576.86
1;1000;1;2;6;100;17970;667.47
1;1000;1;2;6;1000;18603;539.19
1;1000;1;2;12;10;19936;587.15
1;1000;1;2;12;100;20579;505.82
1;1000;1;2;12;1000;20237;495.61
1;1000;1;3;1;10;10062;1006.6
1;1000;1;3;1;100;10194;1017.5
1;1000;1;3;1;1000;9436.2;1070.7
1;1000;1;3;3;10;15921;672.56
1;1000;1;3;3;100;16430;634.55
1;1000;1;3;3;1000;15047;657.49
1;1000;1;3;6;10;17219;622.16
1;1000;1;3;6;100;16753;643.52
1;1000;1;3;6;1000;16500;617.14
1;1000;1;3;12;10;15225;655.6
1;1000;1;3;12;100;16945;599.38
1;1000;1;3;12;1000;15563;646.54
1;1000;1;6;1;10;10425;1027.3
1;1000;1;6;1;100;9852.4;984.73
1;1000;1;6;1;1000;10081;1091
1;1000;1;6;3;10;17097;649.36
1;1000;1;6;3;100;16474;668.17
1;1000;1;6;3;1000;17428;639.89
1;1000;1;6;6;10;17677;576.14
1;1000;1;6;6;100;18497;565.29
1;1000;1;6;6;1000;18240;633.45
1;1000;1;6;12;10;18424;537.7
1;1000;1;6;12;100;18505;550.61
1;1000;1;6;12;1000;18311;506.64
1;1000;2;1;1;10;9830.8;1011.2
1;1000;2;1;1;100;10398;1095.2
1;1000;2;1;1;1000;10301;1152.4
1;1000;2;1;3;10;14464;735.82
1;1000;2;1;3;100;14476;678.35
1;1000;2;1;3;1000;15063;755.28
1;1000;2;1;6;10;15908;646.97
1;1000;2;1;6;100;16180;664.95
1;1000;2;1;6;1000;15142;688.25
1;1000;2;1;12;10;16644;621.36
1;1000;2;1;12;100;16138;703.09
1;1000;2;1;12;1000;16928;608.04
1;1000;2;2;1;10;9335.1;1171.9
1;1000;2;2;1;100;9296.2;1192.6
1;1000;2;2;1;1000;8888.2;1249.7
1;1000;2;2;3;10;15548;740.25
1;1000;2;2;3;100;17036;671.88
1;1000;2;2;3;1000;16903;693.1
1;1000;2;2;6;10;18478;623.41
1;1000;2;2;6;100;18690;562.76
1;1000;2;2;6;1000;18021;593.68
1;1000;2;2;12;10;20572;518.32
1;1000;2;2;12;100;21211;506.8
1;1000;2;2;12;1000;21434;532.47
1;1000;2;3;1;10;10216;1011.7
1;1000;2;3;1;100;9421.1;1005.4
1;1000;2;3;1;1000;10212;1138.5
1;1000;2;3;3;10;15377;655.39
1;1000;2;3;3;100;16337;664.83
1;1000;2;3;3;1000;16473;677.76
1;1000;2;3;6;10;15742;658.42
1;1000;2;3;6;100;17085;612.44
1;1000;2;3;6;1000;16986;626.28
1;1000;2;3;12;10;17593;596.66
1;1000;2;3;12;100;17478;557.7
1;1000;2;3;12;1000;17502;601.38
1;1000;2;6;1;10;9857.3;1076
1;1000;2;6;1;100;10057;982.76
1;1000;2;6;1;1000;10030;1072.3
1;1000;2;6;3;10;16541;674.03
1;1000;2;6;3;100;16818;614.57
1;1000;2;6;3;1000;17018;658.04
1;1000;2;6;6;10;17569;567.78
1;1000;2;6;6;100;17471;662.01
1;1000;2;6;6;1000;18641;495.29
1;1000;2;6;12;10;19350;503.75
1;1000;2;6;12;100;19763;525.11
1;1000;2;6;12;1000;18625;516.54
1;1000;3;1;1;10;10089;1129.7
1;1000;3;1;1;100;10260;987.96
1;1000;3;1;1;1000;10009;994.83
1;1000;3;1;3;10;15091;693.63
1;1000;3;1;3;100;14681;692.87
1;1000;3;1;3;1000;15341;772.29
1;1000;3;1;6;10;16690;645.79
1;1000;3;1;6;100;16369;648.21
1;1000;3;1;6;1000;16574;690.01
1;1000;3;1;12;10;16807;598.67
1;1000;3;1;12;100;16873;651.44
1;1000;3;1;12;1000;18072;599.35
1;1000;3;2;1;10;9241.5;1146.3
1;1000;3;2;1;100;8807.8;1168.6
1;1000;3;2;1;1000;8767.5;1155.7
1;1000;3;2;3;10;16523;751.47
1;1000;3;2;3;100;16098;757.18
1;1000;3;2;3;1000;17085;670.02
1;1000;3;2;6;10;18289;544.72
1;1000;3;2;6;100;17805;646.41
1;1000;3;2;6;1000;18836;573.42
1;1000;3;2;12;10;21050;502.86
1;1000;3;2;12;100;21237;469.32
1;1000;3;2;12;1000;20797;561.37
1;1000;3;3;1;10;10335;989.83
1;1000;3;3;1;100;10207;1120.8
1;1000;3;3;1;1000;10743;972.15
1;1000;3;3;3;10;16946;625.5
1;1000;3;3;3;100;16392;654.63
1;1000;3;3;3;1000;16199;627.11
1;1000;3;3;6;10;16698;602.18
1;1000;3;3;6;100;17352;614.02
1;1000;3;3;6;1000;16839;593.98
1;1000;3;3;12;10;17964;565.14
1;1000;3;3;12;100;17802;588.66
1;1000;3;3;12;1000;17458;591.41
1;1000;3;6;1;10;10349;982.66
1;1000;3;6;1;100;10269;997.47
1;1000;3;6;1;1000;10424;1064.9
1;1000;3;6;3;10;17120;650.79
1;1000;3;6;3;100;17836;585.96
1;1000;3;6;3;1000;16839;600.89
1;1000;3;6;6;10;17166;550.8
1;1000;3;6;6;100;18384;579.64
1;1000;3;6;6;1000;17725;522.26
1;1000;3;6;12;10;19065;555.14
1;1000;3;6;12;100;19330;554.26
1;1000;3;6;12;1000;19399;553.41
1;1000;10;1;1;10;9782.5;1102
1;1000;10;1;1;100;10805;988.72
1;1000;10;1;1;1000;10501;1074.9
1;1000;10;1;3;10;15829;647.77
1;1000;10;1;3;100;15844;669.19
1;1000;10;1;3;1000;16117;703.65
1;1000;10;1;6;10;17078;679.14
1;1000;10;1;6;100;16906;613.48
1;1000;10;1;6;1000;17608;617.39
1;1000;10;1;12;10;17225;612.78
1;1000;10;1;12;100;17269;601.23
1;1000;10;1;12;1000;18651;555.35
1;1000;10;2;1;10;9389.5;1109.1
1;1000;10;2;1;100;9850.3;1090.1
1;1000;10;2;1;1000;9648;1049
1;1000;10;2;3;10;17376;636.19
1;1000;10;2;3;100;16810;735.57
1;1000;10;2;3;1000;16930;707.1
1;1000;10;2;6;10;18710;568.79
1;1000;10;2;6;100;18515;591.05
1;1000;10;2;6;1000;19163;584.09
1;1000;10;2;12;10;20045;574.9
1;1000;10;2;12;100;21364;494.87
1;1000;10;2;12;1000;20505;545.25
1;1000;10;3;1;10;10148;1024.5
1;1000;10;3;1;100;10286;996.58
1;1000;10;3;1;1000;10045;1048.1
1;1000;10;3;3;10;17302;620.6
1;1000;10;3;3;100;16175;665.13
1;1000;10;3;3;1000;17330;661.16
1;1000;10;3;6;10;16842;596.15
1;1000;10;3;6;100;16758;614.8
1;1000;10;3;6;1000;17803;586.16
1;1000;10;3;12;10;17780;572.63
1;1000;10;3;12;100;17978;613.16
1;1000;10;3;12;1000;17959;556.88
1;1000;10;6;1;10;10472;986.55
1;1000;10;6;1;100;10510;1038
1;1000;10;6;1;1000;10915;1001.9
1;1000;10;6;3;10;17570;640.85
1;1000;10;6;3;100;17546;646.56
1;1000;10;6;3;1000;17488;577.01
1;1000;10;6;6;10;18788;571.35
1;1000;10;6;6;100;18291;539.18
1;1000;10;6;6;1000;17697;521.59
1;1000;10;6;12;10;19471;576.58
1;1000;10;6;12;100;19966;487.25
1;1000;10;6;12;1000;19672;509.83
1;1000;100;1;1;10;10096;1039.4
1;1000;100;1;1;100;10450;1072.2
1;1000;100;1;1;1000;10460;953.41
1;1000;100;1;3;10;15929;666.6
1;1000;100;1;3;100;15714;654.24
1;1000;100;1;3;1000;15684;704.63
1;1000;100;1;6;10;15791;681.77
1;1000;100;1;6;100;17064;611.22
1;1000;100;1;6;1000;15491;705.55
1;1000;100;1;12;10;17145;601.56
1;1000;100;1;12;100;16292;583.63
1;1000;100;1;12;1000;16825;624.3
1;1000;100;2;1;10;9670.4;1099.6
1;1000;100;2;1;100;9707.6;1130.1
1;1000;100;2;1;1000;9313.5;1111.3
1;1000;100;2;3;10;16328;671.29
1;1000;100;2;3;100;16068;666.26
1;1000;100;2;3;1000;16109;712.08
1;1000;100;2;6;10;18061;603.18
1;1000;100;2;6;100;18427;562.36
1;1000;100;2;6;1000;18028;589.08
1;1000;100;2;12;10;20496;527.55
1;1000;100;2;12;100;20259;530.12
1;1000;100;2;12;1000;20479;496.04
1;1000;100;3;1;10;10612;943.22
1;1000;100;3;1;100;10447;1040.9
1;1000;100;3;1;1000;11045;905.19
1;1000;100;3;3;10;15950;622.96
1;1000;100;3;3;100;14042;661.72
1;1000;100;3;3;1000;15274;619.64
1;1000;100;3;6;10;16137;582.32
1;1000;100;3;6;100;15755;593.15
1;1000;100;3;6;1000;16661;575.91
1;1000;100;3;12;10;14301;621.46
1;1000;100;3;12;100;16519;590.85
1;1000;100;3;12;1000;16456;581.89
1;1000;100;6;1;10;9963.5;934.54
1;1000;100;6;1;100;10341;950.42
1;1000;100;6;1;1000;10333;937.36
1;1000;100;6;3;10;15668;629.59
1;1000;100;6;3;100;16949;608.73
1;1000;100;6;3;1000;16507;618.66
1;1000;100;6;6;10;17024;595.7
1;1000;100;6;6;100;17353;604.36
1;1000;100;6;6;1000;16209;524.38
1;1000;100;6;12;10;17606;481.6
1;1000;100;6;12;100;16969;506.55
1;1000;100;6;12;1000;17373;548.48
1;10000;1;1;1;10;4631.6;19747
1;10000;1;1;1;100;4468.2;19553
1;10000;1;1;1;1000;4803.6;19739
1;10000;1;1;3;10;22472;5856.1
1;10000;1;1;3;100;19002;5642.2
1;10000;1;1;3;1000;20448;6237.6
1;10000;1;1;6;10;24775;5008.1
1;10000;1;1;6;100;23148;4993.6
1;10000;1;1;6;1000;21412;5223.5
1;10000;1;1;12;10;27850;4862
1;10000;1;1;12;100;22580;7899.1
1;10000;1;1;12;1000;24060;6112.7
1;10000;1;2;1;10;4192.2;24847
1;10000;1;2;1;100;3972.4;24971
1;10000;1;2;1;1000;4170.9;24836
1;10000;1;2;3;10;10592;10031
1;10000;1;2;3;100;9995.2;10803
1;10000;1;2;3;1000;12011;11463
1;10000;1;2;6;10;29862;4050.5
1;10000;1;2;6;100;26911;3708
1;10000;1;2;6;1000;24230;4887.5
1;10000;1;2;12;10;24384;6635.5
1;10000;1;2;12;100;26472;3682.6
1;10000;1;2;12;1000;33971;5435.4
1;10000;1;3;1;10;4592.7;17309
1;10000;1;3;1;100;4450.7;17216
1;10000;1;3;1;1000;4657.4;17029
1;10000;1;3;3;10;15173;5623.9
1;10000;1;3;3;100;15469;6438.3
1;10000;1;3;3;1000;15749;5655.3
1;10000;1;3;6;10;17079;5766.1
1;10000;1;3;6;100;14258;6449.8
1;10000;1;3;6;1000;17102;5884.8
1;10000;1;3;12;10;16030;5433.5
1;10000;1;3;12;100;15671;5539.5
1;10000;1;3;12;1000;18988;4942.6
1;10000;1;6;1;10;4787.2;15858
1;10000;1;6;1;100;4629.2;15578
1;10000;1;6;1;1000;4693.5;15657
1;10000;1;6;3;10;25052;4164.3
1;10000;1;6;3;100;23375;4411.7
1;10000;1;6;3;1000;20454;4471.8
1;10000;1;6;6;10;26162;3693.2
1;10000;1;6;6;100;27296;3178.4
1;10000;1;6;6;1000;29459;3223.9
1;10000;1;6;12;10;28005;3364.2
1;10000;1;6;12;100;25437;3766.1
1;10000;1;6;12;1000;29458;3217.9
1;10000;2;1;1;10;4653.4;20451
1;10000;2;1;1;100;4709.9;21263
1;10000;2;1;1;1000;4485.5;20379
1;10000;2;1;3;10;19486;6119.1
1;10000;2;1;3;100;19317;6786.4
1;10000;2;1;3;1000;20645;6232.7
1;10000;2;1;6;10;20430;6802.9
1;10000;2;1;6;100;22681;5669.4
1;10000;2;1;6;1000;23749;5784
1;10000;2;1;12;10;23914;5184.9
1;10000;2;1;12;100;23129;5102.5
1;10000;2;1;12;1000;23922;5618.9
1;10000;2;2;1;10;4225.9;24713
1;10000;2;2;1;100;4063.8;25828
1;10000;2;2;1;1000;4170.6;23676
1;10000;2;2;3;10;12250;9212.4
1;10000;2;2;3;100;11641;9773.1
1;10000;2;2;3;1000;10133;10884
1;10000;2;2;6;10;25254;5677.1
1;10000;2;2;6;100;26036;5115.1
1;10000;2;2;6;1000;28764;3834
1;10000;2;2;12;10;27035;5257.6
1;10000;2;2;12;100;32175;4220
1;10000;2;2;12;1000;28688;6924.2
1;10000;2;3;1;10;4590.1;17336
1;10000;2;3;1;100;4633.6;17058
1;10000;2;3;1;1000;4829.5;16291
1;10000;2;3;3;10;17418;5680.3
1;10000;2;3;3;100;18572;5270
1;10000;2;3;3;1000;15275;5804.5
1;10000;2;3;6;10;15816;5350.4
1;10000;2;3;6;100;15552;5860.4
1;10000;2;3;6;1000;15696;6067.6
1;10000;2;3;12;10;16140;5648.8
1;10000;2;3;12;100;15246;6215.9
1;10000;2;3;12;1000;16602;5420.4
1;10000;2;6;1;10;4227.9;14943
1;10000;2;6;1;100;4650.4;15524
1;10000;2;6;1;1000;4308.2;21255
1;10000;2;6;3;10;22805;4338
1;10000;2;6;3;100;25056;3622.2
1;10000;2;6;3;1000;25933;4129.4
1;10000;2;6;6;10;26797;3672.4
1;10000;2;6;6;100;27172;3530.9
1;10000;2;6;6;1000;28176;3257.9
1;10000;2;6;12;10;24470;3584.8
1;10000;2;6;12;100;23618;4340.8
1;10000;2;6;12;1000;24830;3536.9
1;10000;3;1;1;10;4502.5;23852
1;10000;3;1;1;100;4683.6;19620
1;10000;3;1;1;1000;4233.3;22289
1;10000;3;1;3;10;20730;5949.1
1;10000;3;1;3;100;21339;7300
1;10000;3;1;3;1000;19661;5035.3
1;10000;3;1;6;10;24172;4794
1;10000;3;1;6;100;21790;5131.8
1;10000;3;1;6;1000;23780;6111.8
1;10000;3;1;12;10;21928;6781.8
1;10000;3;1;12;100;24820;4775.4
1;10000;3;1;12;1000;22749;6080.4
1;10000;3;2;1;10;4284.8;23264
1;10000;3;2;1;100;3983.3;24345
1;10000;3;2;1;1000;3895.5;26230
1;10000;3;2;3;10;9615.9;12779
1;10000;3;2;3;100;11380;8880.4
1;10000;3;2;3;1000;12837;8636
1;10000;3;2;6;10;30370;5047.4
1;10000;3;2;6;100;25639;3444.5
1;10000;3;2;6;1000;28424;3937.3
1;10000;3;2;12;10;26900;5601.9
1;10000;3;2;12;100;29550;2741.5
1;10000;3;2;12;1000;32007;2827.5
1;10000;3;3;1;10;4568.8;16640
1;10000;3;3;1;100;4752.2;16551
1;10000;3;3;1;1000;4747.8;16817
1;10000;3;3;3;10;17405;5584.1
1;10000;3;3;3;100;16163;5726.2
1;10000;3;3;3;1000;17252;5314
1;10000;3;3;6;10;17258;5589.1
1;10000;3;3;6;100;17580;5417.1
1;10000;3;3;6;1000;16441;6182.3
1;10000;3;3;12;10;19305;5022.5
1;10000;3;3;12;100;16795;4769.2
1;10000;3;3;12;1000;18608;5013.2
1;10000;3;6;1;10;4687.3;14997
1;10000;3;6;1;100;4696.6;15130
1;10000;3;6;1;1000;4924.7;14717
1;10000;3;6;3;10;21813;4382.1
1;10000;3;6;3;100;26180;3900.3
1;10000;3;6;3;1000;24602;3838.8
1;10000;3;6;6;10;28366;3396.2
1;10000;3;6;6;100;26820;3404.7
1;10000;3;6;6;1000;27473;3390.3
1;10000;3;6;12;10;27027;3479.9
1;10000;3;6;12;100;24198;3675.2
1;10000;3;6;12;1000;26178;3510
1;10000;10;1;1;10;4639.9;19083
1;10000;10;1;1;100;4676.4;20498
1;10000;10;1;1;1000;4787.6;20394
1;10000;10;1;3;10;21951;5030.1
1;10000;10;1;3;100;23453;4775.2
1;10000;10;1;3;1000;22235;5242.7
1;10000;10;1;6;10;23316;4834.8
1;10000;10;1;6;100;26956;4444.7
1;10000;10;1;6;1000;23859;4919.3
1;10000;10;1;12;10;25690;4360.7
1;10000;10;1;12;100;25865;4134
1;10000;10;1;12;1000;24084;4686.1
1;10000;10;2;1;10;3976.5;25448
1;10000;10;2;1;100;4123.5;23569
1;10000;10;2;1;1000;4095.2;22830
1;10000;10;2;3;10;14208;8761.9
1;10000;10;2;3;100;12155;10940
1;10000;10;2;3;1000;14090;8707.6
1;10000;10;2;6;10;25071;4593.9
1;10000;10;2;6;100;26578;3580.1
1;10000;10;2;6;1000;22757;5417.8
1;10000;10;2;12;10;28202;5073.8
1;10000;10;2;12;100;33784;3656.1
1;10000;10;2;12;1000;30330;3231.1
1;10000;10;3;1;10;4746;16018
1;10000;10;3;1;100;4852.2;16304
1;10000;10;3;1;1000;4641.1;16436
1;10000;10;3;3;10;16442;5743
1;10000;10;3;3;100;18371;4942.5
1;10000;10;3;3;1000;18386;4887.6
1;10000;10;3;6;10;17719;4969.2
1;10000;10;3;6;100;15193;5655.2
1;10000;10;3;6;1000;16778;5063.9
1;10000;10;3;12;10;14903;6001.4
1;10000;10;3;12;100;19200;4676.6
1;10000;10;3;12;1000;17535;5667.5
1;10000;10;6;1;10;4846.9;15050
1;10000;10;6;1;100;4990.5;13983
1;10000;10;6;1;1000;4635.1;14703
1;10000;10;6;3;10;24828;4014.8
1;10000;10;6;3;100;23124;3958.4
1;10000;10;6;3;1000;24619;4037.7
1;10000;10;6;6;10;29777;3289.8
1;10000;10;6;6;100;26511;3436.7
1;10000;10;6;6;1000;27056;3343.3
1;10000;10;6;12;10;30105;3265.8
1;10000;10;6;12;100;29012;3176.2
1;10000;10;6;12;1000;25701;3638.5
1;10000;100;1;1;10;4889.5;19558
1;10000;100;1;1;100;4751.6;18569
1;10000;100;1;1;1000;4551.6;21035
1;10000;100;1;3;10;23657;5185.3
1;10000;100;1;3;100;22903;4899.1
1;10000;100;1;3;1000;23048;4845.5
1;10000;100;1;6;10;23365;5164
1;10000;100;1;6;100;22731;4766.5
1;10000;100;1;6;1000;23721;4824.1
1;10000;100;1;12;10;24732;4091.9
1;10000;100;1;12;100;24956;4522.4
1;10000;100;1;12;1000;24881;4629.7
1;10000;100;2;1;10;4632;21780
1;10000;100;2;1;100;4503.3;22977
1;10000;100;2;1;1000;4491.2;22250
1;10000;100;2;3;10;16565;6104.1
1;10000;100;2;3;100;15264;7672.7
1;10000;100;2;3;1000;15070;8090.6
1;10000;100;2;6;10;31930;2843.5
1;10000;100;2;6;100;32110;3326.7
1;10000;100;2;6;1000;28252;3136.8
1;10000;100;2;12;10;34370;2575
1;10000;100;2;12;100;32480;2772.1
1;10000;100;2;12;1000;33816;3448.8
1;10000;100;3;1;10;4272.9;21247
1;10000;100;3;1;100;4613.3;16456
1;10000;100;3;1;1000;4506;21005
1;10000;100;3;3;10;15185;5758.4
1;10000;100;3;3;100;16340;5262.8
1;10000;100;3;3;1000;17104;5054
1;10000;100;3;6;10;15938;5080.3
1;10000;100;3;6;100;17633;4895.7
1;10000;100;3;6;1000;14651;5789.3
1;10000;100;3;12;10;15075;6398.1
1;10000;100;3;12;100;13414;5616.6
1;10000;100;3;12;1000;16393;5484.8
1;10000;100;6;1;10;5727.3;12257
1;10000;100;6;1;100;5497.5;13031
1;10000;100;6;1;1000;5775.5;11095
1;10000;100;6;3;10;24479;3557.7
1;10000;100;6;3;100;25881;3437.7
1;10000;100;6;3;1000;23745;4154.3
1;10000;100;6;6;10;25915;3932.5
1;10000;100;6;6;100;29652;3484.9
1;10000;100;6;6;1000;26987;3079.1
1;10000;100;6;12;10;28084;3362.6
1;10000;100;6;12;100;25501;3805.5
1;10000;100;6;12;1000;26571;3600.4
3;1;1;1;1;10;5770.8;5.4148
3;1;1;1;1;100;6108.5;7.2331
3;1;1;1;1;1000;6002.3;7.71
3;1;1;1;3;10;5813.7;4.9987
3;1;1;1;3;100;6061;5.1038
3;1;1;1;3;1000;6124.2;5.0414
3;1;1;1;6;10;5860.8;5.2636
3;1;1;1;6;100;5863.8;5.4057
3;1;1;1;6;1000;5926.8;5.2244
3;1;1;1;12;10;5677.1;5.309
3;1;1;1;12;100;5479.2;5.5404
3;1;1;1;12;1000;5576.8;5.4039
3;1;1;2;1;10;6340.8;4.9199
3;1;1;2;1;100;6618.6;4.7191
3;1;1;2;1;1000;5819.4;4.8937
3;1;1;2;3;10;6488.7;4.8038
3;1;1;2;3;100;6571.9;4.8682
3;1;1;2;3;1000;6470.9;4.7764
3;1;1;2;6;10;6285.4;4.9516
3;1;1;2;6;100;6341.5;4.9414
3;1;1;2;6;1000;6373.7;4.9821
3;1;1;2;12;10;6114.4;4.9748
3;1;1;2;12;100;5997.6;5.0148
3;1;1;2;12;1000;5948.4;4.9641
3;1;1;3;1;10;7487.1;4.2071
3;1;1;3;1;100;7720.8;4.1567
3;1;1;3;1;1000;7492.5;4.3038
3;1;1;3;3;10;7379.9;4.1551
3;1;1;3;3;100;7452.7;4.0717
3;1;1;3;3;1000;6965.5;4.2692
3;1;1;3;6;10;6417.5;4.5288
3;1;1;3;6;100;6769.9;4.4154
3;1;1;3;6;1000;7035.8;4.5469
3;1;1;3;12;10;6328.6;4.4697
3;1;1;3;12;100;6489.2;4.4846
3;1;1;3;12;1000;6714.8;4.4296
3;1;1;6;1;10;7297.4;4.2617
3;1;1;6;1;100;7529.9;4.3301
3;1;1;6;1;1000;7163.1;5.6832
3;1;1;6;3;10;6977.6;4.3121
3;1;1;6;3;100;7277.2;4.1577
3;1;1;6;3;1000;6838.8;4.3409
3;1;1;6;6;10;6775;4.4675
3;1;1;6;6;100;6734.8;4.6191
3;1;1;6;6;1000;6383.2;4.4677
3;1;1;6;12;10;6425.1;4.5494
3;1;1;6;12;100;6748.4;4.4242
3;1;1;6;12;1000;6566.4;4.674
3;1;2;1;1;10;5380;5.5565
3;1;2;1;1;100;5634.7;5.6191
3;1;2;1;1;1000;5481.5;5.7238
3;1;2;1;3;10;5554.5;5.5897
3;1;2;1;3;100;5484.5;5.6365
3;1;2;1;3;1000;5454.2;5.669
3;1;2;1;6;10;5060.2;5.5673
3;1;2;1;6;100;5565.8;5.6468
3;1;2;1;6;1000;5421.3;5.6573
3;1;2;1;12;10;5300.6;5.8474
3;1;2;1;12;100;4962.8;5.8396
3;1;2;1;12;1000;5241.5;5.834
3;1;2;2;1;10;6037.1;5.1589
3;1;2;2;1;100;5852.8;5.2943
3;1;2;2;1;1000;5503.4;5.4987
3;1;2;2;3;10;5931.1;6.9981
3;1;2;2;3;100;5779.8;5.5866
3;1;2;2;3;1000;5771.9;5.1739
3;1;2;2;6;10;5632.8;5.3879
3;1;2;2;6;100;5566.4;5.4165
3;1;2;2;6;1000;5479.6;7.5855
3;1;2;2;12;10;5507.5;5.4484
3;1;2;2;12;100;5513.8;5.3884
3;1;2;2;12;1000;5432.5;5.493
3;1;2;3;1;10;6552.4;4.6893
3;1;2;3;1;100;6291.9;5.0025
3;1;2;3;1;1000;6741.9;4.6619
3;1;2;3;3;10;6123.9;4.8335
3;1;2;3;3;100;5860.8;4.7523
3;1;2;3;3;1000;6214.9;4.8604
3;1;2;3;6;10;6217.8;4.8766
3;1;2;3;6;100;5751.9;4.7603
3;1;2;3;6;1000;6180.6;4.8295
3;1;2;3;12;10;5953.2;5.0359
3;1;2;3;12;100;5664.7;4.9911
3;1;2;3;12;1000;5679.2;4.9916
3;1;2;6;1;10;6495.3;4.6863
3;1;2;6;1;100;6713.8;4.7662
3;1;2;6;1;1000;6437.5;4.7194
3;1;2;6;3;10;6546.4;4.8803
3;1;2;6;3;100;6232.2;4.7823
3;1;2;6;3;1000;6379.7;4.8199
3;1;2;6;6;10;6121.9;4.9153
3;1;2;6;6;100;6036.6;4.8592
3;1;2;6;6;1000;5894.2;5.0136
3;1;2;6;12;10;5817.6;5.1089
3;1;2;6;12;100;5857.9;4.9244
3;1;2;6;12;1000;5838.9;4.9803
3;1;3;1;1;10;4843.5;6.1373
3;1;3;1;1;100;4975.8;6.2231
3;1;3;1;1;1000;4822.6;6.2969
3;1;3;1;3;10;4764.2;6.2961
3;1;3;1;3;100;4918.1;6.1899
3;1;3;1;3;1000;4898.8;6.1766
3;1;3;1;6;10;4821.8;6.2605
3;1;3;1;6;100;4418.4;6.2729
3;1;3;1;6;1000;4762.8;6.3936
3;1;3;1;12;10;4621.1;6.4503
3;1;3;1;12;100;4523.5;6.5791
3;1;3;1;12;1000;4488.4;6.4333
3;1;3;2;1;10;5421.2;5.7801
3;1;3;2;1;100;5443;5.8861
3;1;3;2;1;1000;5308.1;5.6064
3;1;3;2;3;10;5249.2;5.7763
3;1;3;2;3;100;5310.1;5.6516
3;1;3;2;3;1000;5271.5;5.7084
3;1;3;2;6;10;5012.3;5.926
3;1;3;2;6;100;5132.3;5.9182
3;1;3;2;6;1000;5090.1;5.9734
3;1;3;2;12;10;5081.9;6.0266
3;1;3;2;12;100;5025.1;5.8535
3;1;3;2;12;1000;4990.5;5.8606
3;1;3;3;1;10;6061.7;5.0852
3;1;3;3;1;100;6061.1;5.1266
3;1;3;3;1;1000;5975.8;5.1297
3;1;3;3;3;10;5864.2;5.2855
3;1;3;3;3;100;5833.4;5.2981
3;1;3;3;3;1000;5747.1;5.1899
3;1;3;3;6;10;5471.4;5.2786
3;1;3;3;6;100;5499.9;5.4104
3;1;3;3;6;1000;5789.9;5.3729
3;1;3;3;12;10;5415.9;5.4968
3;1;3;3;12;100;5376.6;5.5381
3;1;3;3;12;1000;5374.5;7.4877
3;1;3;6;1;10;6035.2;5.1567
3;1;3;6;1;100;5890.5;5.1373
3;1;3;6;1;1000;5881.9;5.2794
3;1;3;6;3;10;5736.4;5.372
3;1;3;6;3;100;5740.4;5.3665
3;1;3;6;3;1000;5416.5;5.4151
3;1;3;6;6;10;5394.9;5.3568
3;1;3;6;6;100;5366.5;5.5506
3;1;3;6;6;1000;5286.7;5.4555
3;1;3;6;12;10;5219.7;5.498
3;1;3;6;12;100;5310.1;5.4658
3;1;3;6;12;1000;5321.8;5.4474
3;1;10;1;1;10;2636.5;11.438
3;1;10;1;1;100;2755.2;11.137
3;1;10;1;1;1000;2691.8;11.165
3;1;10;1;3;10;2582.7;10.756
3;1;10;1;3;100;2746.8;11.099
3;1;10;1;3;1000;2758.2;10.766
3;1;10;1;6;10;2747;10.763
3;1;10;1;6;100;2617.5;10.826
3;1;10;1;6;1000;2631.1;10.754
3;1;10;1;12;10;2712.2;10.864
3;1;10;1;12;100;2734.3;10.761
3;1;10;1;12;1000;2659.1;10.982
3;1;10;2;1;10;2705.8;11.098
3;1;10;2;1;100;2589.2;10.923
3;1;10;2;1;1000;2610;11.111
3;1;10;2;3;10;2784.9;10.687
3;1;10;2;3;100;2727.6;10.639
3;1;10;2;3;1000;2775.2;10.619
3;1;10;2;6;10;2698.2;10.687
3;1;10;2;6;100;2586.6;10.643
3;1;10;2;6;1000;2656.3;10.727
3;1;10;2;12;10;2744.8;10.568
3;1;10;2;12;100;2706.5;10.699
3;1;10;2;12;1000;2660.5;10.705
3;1;10;3;1;10;2700.4;10.974
3;1;10;3;1;100;2702.2;11.396
3;1;10;3;1;1000;2719.2;10.869
3;1;10;3;3;10;2738.5;10.522
3;1;10;3;3;100;2797.6;10.533
3;1;10;3;3;1000;2707.5;10.601
3;1;10;3;6;10;2726.7;10.659
3;1;10;3;6;100;2739.9;10.869
3;1;10;3;6;1000;2717.1;10.636
3;1;10;3;12;10;2643.8;10.813
3;1;10;3;12;100;2697.9;10.615
3;1;10;3;12;1000;2682.6;10.622
3;1;10;6;1;10;2739.9;10.901
3;1;10;6;1;100;2747.9;10.848
3;1;10;6;1;1000;2701.2;10.876
3;1;10;6;3;10;2692.2;10.655
3;1;10;6;3;100;2730.5;10.55
3;1;10;6;3;1000;2675.8;10.608
3;1;10;6;6;10;2714.1;10.566
3;1;10;6;6;100;2652.1;10.634
3;1;10;6;6;1000;2662.9;10.571
3;1;10;6;12;10;2732.1;10.576
3;1;10;6;12;100;2619.8;10.681
3;1;10;6;12;1000;2704.1;10.58
3;1;100;1;1;10;270.69;100.4
3;1;100;1;1;100;265.12;100.35
3;1;100;1;1;1000;283.35;100.4
3;1;100;1;3;10;289.81;100.44
3;1;100;1;3;100;268.59;100.74
3;1;100;1;3;1000;285.44;100.4
3;1;100;1;6;10;279.41;100.41
3;1;100;1;6;100;282.5;100.36
3;1;100;1;6;1000;271.62;100.74
3;1;100;1;12;10;271.24;100.4
3;1;100;1;12;100;284.18;100.4
3;1;100;1;12;1000;287.19;134.78
3;1;100;2;1;10;290.12;100.36
3;1;100;2;1;100;285.06;100.4
3;1;100;2;1;1000;272.44;100.35
3;1;100;2;3;10;280.71;99.994
3;1;100;2;3;100;255.19;100.31
3;1;100;2;3;1000;271.18;100.3
3;1;100;2;6;10;272.06;100.42
3;1;100;2;6;100;269.06;100.31
3;1;100;2;6;1000;279;100.87
3;1;100;2;12;10;297.18;100.3
3;1;100;2;12;100;277.76;100.31
3;1;100;2;12;1000;270.81;100.4
3;1;100;3;1;10;267.56;100.31
3;1;100;3;1;100;282.53;100.76
3;1;100;3;1;1000;296.19;100.44
3;1;100;3;3;10;269.69;100.4
3;1;100;3;3;100;269.31;100.38
3;1;100;3;3;1000;273.71;100.35
3;1;100;3;6;10;279.65;100.85
3;1;100;3;6;100;283.41;100.55
3;1;100;3;6;1000;266.56;100.4
3;1;100;3;12;10;262.18;100.35
3;1;100;3;12;100;264.24;103.33
3;1;100;3;12;1000;300.47;100.75
3;1;100;6;1;10;308.59;100.4
3;1;100;6;1;100;268.71;100.4
3;1;100;6;1;1000;279.38;100.8
3;1;100;6;3;10;292.5;102.9
3;1;100;6;3;100;285.56;100.43
3;1;100;6;3;1000;278.47;100.38
3;1;100;6;6;10;276.47;100.4
3;1;100;6;6;100;268.88;100.4
3;1;100;6;6;1000;278.94;100.41
3;1;100;6;12;10;285.56;100.32
3;1;100;6;12;100;269;100.86
3;1;100;6;12;1000;302.5;100.35
3;2;1;1;1;10;7951;7.8849
3;2;1;1;1;100;7867.2;9.4442
3;2;1;1;1;1000;7472.9;10.218
3;2;1;1;3;10;9406.9;8.1706
3;2;1;1;3;100;8855.3;7.0491
3;2;1;1;3;1000;9193.6;8.3435
3;2;1;1;6;10;8458.3;7.3474
3;2;1;1;6;100;9352.1;6.9732
3;2;1;1;6;1000;9002.4;7.0587
3;2;1;1;12;10;8390.6;7.5369
3;2;1;1;12;100;8658;7.8253
3;2;1;1;12;1000;8600.6;7.4323
3;2;1;2;1;10;9388.9;7.2082
3;2;1;2;1;100;9488.2;6.9346
3;2;1;2;1;1000;9341.8;6.9256
3;2;1;2;3;10;9388.1;6.9166
3;2;1;2;3;100;9438.4;6.643
3;2;1;2;3;1000;9574.2;6.665
3;2;1;2;6;10;9114.4;7.1776
3;2;1;2;6;100;9043.4;7.0372
3;2;1;2;6;1000;8878;7.3745
3;2;1;2;12;10;8528.5;7.4949
3;2;1;2;12;100;8652.8;7.1084
3;2;1;2;12;1000;8641.8;7.2758
3;2;1;3;1;10;10547;6.2538
3;2;1;3;1;100;10890;5.9394
3;2;1;3;1;1000;10849;6.2557
3;2;1;3;3;10;10600;5.8378
3;2;1;3;3;100;10301;6.2196
3;2;1;3;3;1000;10364;5.9359
3;2;1;3;6;10;9803.6;7.5768
3;2;1;3;6;100;9768.2;6.6561
3;2;1;3;6;1000;9996.9;6.5873
3;2;1;3;12;10;9112.6;6.4838
3;2;1;3;12;100;9034.7;6.4506
3;2;1;3;12;1000;8884.8;6.651
3;2;1;6;1;10;10347;6.3955
3;2;1;6;1;100;10361;6.3785
3;2;1;6;1;1000;10557;6.4019
3;2;1;6;3;10;10257;6.0287
3;2;1;6;3;100;10280;5.9478
3;2;1;6;3;1000;10393;5.9745
3;2;1;6;6;10;9655.8;8.0189
3;2;1;6;6;100;9576.1;6.2878
3;2;1;6;6;1000;9745.4;6.5994
3;2;1;6;12;10;8745.1;6.7162
3;2;1;6;12;100;9400.8;6.5297
3;2;1;6;12;1000;9331.5;8.519
3;2;2;1;1;10;8042.7;7.8616
3;2;2;1;1;100;7724.9;8.2988
3;2;2;1;1;1000;7700.5;8.5994
3;2;2;1;3;10;9023.1;7.2063
3;2;2;1;3;100;9193.4;7.1191
3;2;2;1;3;1000;8929.1;6.8013
3;2;2;1;6;10;8675.5;7.2244
3;2;2;1;6;100;8830.3;8.3594
3;2;2;1;6;1000;8499.1;7.127
3;2;2;1;12;10;8446.1;7.5077
3;2;2;1;12;100;8278.9;7.4769
3;2;2;1;12;1000;8168.4;9.2127
3;2;2;2;1;10;8687.5;7.3369
3;2;2;2;1;100;8526.4;7.0354
3;2;2;2;1;1000;9192.9;7.1296
3;2;2;2;3;10;9232.9;6.709
3;2;2;2;3;100;9294.1;6.6824
3;2;2;2;3;1000;9183.6;6.7809
3;2;2;2;6;10;8574.2;7.0113
3;2;2;2;6;100;8973.4;8.4791
3;2;2;2;6;1000;8936.2;7.1955
3;2;2;2;12;10;8662.8;7.1437
3;2;2;2;12;100;8351.8;7.421
3;2;2;2;12;1000;8814.8;8.781
3;2;2;3;1;10;10023;6.4866
3;2;2;3;1;100;9853.1;6.5872
3;2;2;3;1;1000;10198;6.4614
3;2;2;3;3;10;10024;5.9437
3;2;2;3;3;100;10172;6.1076
3;2;2;3;3;1000;10325;6.1271
3;2;2;3;6;10;9678.6;6.5096
3;2;2;3;6;100;9706.9;6.3791
3;2;2;3;6;1000;9568.4;6.527
3;2;2;3;12;10;9100.4;6.8601
3;2;2;3;12;100;8718.1;6.5013
3;2;2;3;12;1000;9138.8;7.1114
3;2;2;6;1;10;9639.5;6.5732
3;2;2;6;1;100;9704;6.717
3;2;2;6;1;1000;9234.4;6.6367
3;2;2;6;3;10;9807.7;6.1893
3;2;2;6;3;100;10118;6.0268
3;2;2;6;3;1000;9661.5;6.1179
3;2;2;6;6;10;9652.4;6.5038
3;2;2;6;6;100;9509.9;6.6981
3;2;2;6;6;1000;8857.5;7.6609
3;2;2;6;12;10;9239.1;6.6878
3;2;2;6;12;100;9316.8;6.5884
3;2;2;6;12;1000;8996.9;6.8026
3;2;3;1;1;10;7575.9;8.3107
3;2;3;1;1;100;7462.9;8.4381
3;2;3;1;1;1000;7403.9;8.5637
3;2;3;1;3;10;8579.8;7.4255
3;2;3;1;3;100;8643.5;7.2392
3;2;3;1;3;1000;7828.4;8.6548
3;2;3;1;6;10;8296.9;7.65
3;2;3;1;6;100;8341.2;7.5625
3;2;3;1;6;1000;8349.3;7.7424
3;2;3;1;12;10;7979.2;7.5935
3;2;3;1;12;100;8144.1;7.7584
3;2;3;1;12;1000;7739.5;7.9854
3;2;3;2;1;10;8493.1;7.4675
3;2;3;2;1;100;8265.2;7.7424
3;2;3;2;1;1000;8095;7.7419
3;2;3;2;3;10;8817.4;7.2647
3;2;3;2;3;100;8955.7;6.9497
3;2;3;2;3;1000;8681.6;6.9468
3;2;3;2;6;10;8331.9;7.4981
3;2;3;2;6;100;8219.9;7.1394
3;2;3;2;6;1000;8357.8;7.1731
3;2;3;2;12;10;8183.4;7.5076
3;2;3;2;12;100;8363.9;7.4968
3;2;3;2;12;1000;7882.8;7.65
3;2;3;3;1;10;9097.2;6.7808
3;2;3;3;1;100;8847.9;6.7994
3;2;3;3;1;1000;9590.8;6.5686
3;2;3;3;3;10;9561.8;6.3656
3;2;3;3;3;100;9373.5;6.2167
3;2;3;3;3;1000;9253.8;6.3083
3;2;3;3;6;10;8558.1;7.1684
3;2;3;3;6;100;9171.4;6.6071
3;2;3;3;6;1000;9370.8;6.8108
3;2;3;3;12;10;8880.7;8.2494
3;2;3;3;12;100;8837.2;7.086
3;2;3;3;12;1000;8679.2;7.3353
3;2;3;6;1;10;8850.1;7.1537
3;2;3;6;1;100;8813.3;6.7917
3;2;3;6;1;1000;9035.8;7.15
3;2;3;6;3;10;9458;6.4182
3;2;3;6;3;100;9121.1;6.3325
3;2;3;6;3;1000;9191.1;6.5071
3;2;3;6;6;10;8649.6;6.8908
3;2;3;6;6;100;8707.1;6.9804
3;2;3;6;6;1000;9288.6;9.407
3;2;3;6;12;10;8141.4;7.1667
3;2;3;6;12;100;8555.1;7.1535
3;2;3;6;12;1000;8286.7;7.1109
3;2;10;1;1;10;5121.2;12.116
3;2;10;1;1;100;5066.5;14.373
3;2;10;1;1;1000;4933.6;12.297
3;2;10;1;3;10;5401.2;11.624
3;2;10;1;3;100;5444.2;11.627
3;2;10;1;3;1000;5256.1;11.264
3;2;10;1;6;10;5406.8;11.35
3;2;10;1;6;100;5418.5;11.285
3;2;10;1;6;1000;5407.1;11.404
3;2;10;1;12;10;5277.8;11.581
3;2;10;1;12;100;5336.5;11.628
3;2;10;1;12;1000;5195.1;11.529
3;2;10;2;1;10;5082.9;11.825
3;2;10;2;1;100;5070.1;11.941
3;2;10;2;1;1000;5091.5;11.787
3;2;10;2;3;10;5337;11.008
3;2;10;2;3;100;5128.5;11.108
3;2;10;2;3;1000;5230.4;11.161
3;2;10;2;6;10;5303.8;11.062
3;2;10;2;6;100;5393.1;11.093
3;2;10;2;6;1000;5316.3;11.055
3;2;10;2;12;10;4922.1;12.962
3;2;10;2;12;100;5440.6;11.169
3;2;10;2;12;1000;5344.5;11.184
3;2;10;3;1;10;5109.6;11.765
3;2;10;3;1;100;5168.1;11.847
3;2;10;3;1;1000;5059.9;11.801
3;2;10;3;3;10;5200.7;11.066
3;2;10;3;3;100;5404.4;10.865
3;2;10;3;3;1000;5160.1;13.026
3;2;10;3;6;10;5341.9;10.943
3;2;10;3;6;100;5359.2;10.959
3;2;10;3;6;1000;5410.1;12.597
3;2;10;3;12;10;4625.5;10.891
3;2;10;3;12;100;5285.6;10.961
3;2;10;3;12;1000;4736.2;11.088
3;2;10;6;1;10;5071.8;11.794
3;2;10;6;1;100;4770.8;11.829
3;2;10;6;1;1000;4918;12.01
3;2;10;6;3;10;5368.9;11.008
3;2;10;6;3;100;5282.3;10.919
3;2;10;6;3;1000;5440.3;10.989
3;2;10;6;6;10;5319.2;10.946
3;2;10;6;6;100;5372.1;11.047
3;2;10;6;6;1000;5208.4;10.929
3;2;10;6;12;10;5069.1;11.159
3;2;10;6;12;100;5369.9;10.927
3;2;10;6;12;1000;5127.2;10.89
3;2;100;1;1;10;557.71;100.49
3;2;100;1;1;100;555.71;100.63
3;2;100;1;1;1000;568.35;100.4
3;2;100;1;3;10;558.81;100.33
3;2;100;1;3;100;595.41;133.52
3;2;100;1;3;1000;574.65;100.57
3;2;100;1;6;10;596.29;100.98
3;2;100;1;6;100;543.31;119.03
3;2;100;1;6;1000;572.88;100.65
3;2;100;1;12;10;583.62;100.4
3;2;100;1;12;100;557.41;100.4
3;2;100;1;12;1000;555.65;100.28
3;2;100;2;1;10;523.24;101.03
3;2;100;2;1;100;545.18;118.87
3;2;100;2;1;1000;573.41;100.27
3;2;100;2;3;10;567.19;100.41
3;2;100;2;3;100;552.88;101.41
3;2;100;2;3;1000;549.71;100.64
3;2;100;2;6;10;577.44;100.6
3;2;100;2;6;100;596.35;100.29
3;2;100;2;6;1000;570;101.25
3;2;100;2;12;10;535.94;100.4
3;2;100;2;12;100;563.71;101.56
3;2;100;2;12;1000;551.82;100.63
3;2;100;3;1;10;559.06;100.67
3;2;100;3;1;100;549.81;117.8
3;2;100;3;1;1000;584.12;115.08
3;2;100;3;3;10;568.06;100.09
3;2;100;3;3;100;596.94;118.94
3;2;100;3;3;1000;535.88;100.47
3;2;100;3;6;10;542.65;100.46
3;2;100;3;6;100;540.81;101.42
3;2;100;3;6;1000;560.44;100.27
3;2;100;3;12;10;541;100.4
3;2;100;3;12;100;559.88;99.995
3;2;100;3;12;1000;567.5;100.72
3;2;100;6;1;10;551.47;100.65
3;2;100;6;1;100;558;119.85
3;2;100;6;1;1000;545.31;100.43
3;2;100;6;3;10;533.56;100.14
3;2;100;6;3;100;549.35;100.95
3;2;100;6;3;1000;565;100.43
3;2;100;6;6;10;524.06;101.23
3;2;100;6;6;100;544.94;100.67
3;2;100;6;6;1000;583.38;100.45
3;2;100;6;12;10;542.53;100.5
3;2;100;6;12;100;552.06;100.41
3;2;100;6;12;1000;584;100.48
3;10;1;1;1;10;7892.8;41.488
3;10;1;1;1;100;8022.4;42.027
3;10;1;1;1;1000;7526.9;43.943
3;10;1;1;3;10;13177;25.39
3;10;1;1;3;100;12556;25.986
3;10;1;1;3;1000;12852;26.631
3;10;1;1;6;10;14515;22.395
3;10;1;1;6;100;14193;23.232
3;10;1;1;6;1000;14692;23.557
3;10;1;1;12;10;13264;24.517
3;10;1;1;12;100;14043;25.283
3;10;1;1;12;1000;14403;23.974
3;10;1;2;1;10;9385.9;34.322
3;10;1;2;1;100;8524.6;40.996
3;10;1;2;1;1000;8872.8;37.609
3;10;1;2;3;10;14063;23.759
3;10;1;2;3;100;14196;24.363
3;10;1;2;3;1000;14441;23.766
3;10;1;2;6;10;15069;22.873
3;10;1;2;6;100;15178;22.12
3;10;1;2;6;1000;15053;23.721
3;10;1;2;12;10;14161;23.266
3;10;1;2;12;100;14701;21.372
3;10;1;2;12;1000;15122;24.173
3;10;1;3;1;10;9219.1;36.016
3;10;1;3;1;100;8941.8;36.228
3;10;1;3;1;1000;9094.8;37.557
3;10;1;3;3;10;15905;20.501
3;10;1;3;3;100;15676;19.806
3;10;1;3;3;1000;16256;20.179
3;10;1;3;6;10;17252;20.145
3;10;1;3;6;100;17216;20.42
3;10;1;3;6;1000;17469;20.229
3;10;1;3;12;10;16592;20.736
3;10;1;3;12;100;16762;19.128
3;10;1;3;12;1000;16782;20.054
3;10;1;6;1;10;9197.8;34.976
3;10;1;6;1;100;9402.1;38.992
3;10;1;6;1;1000;8703.1;37.518
3;10;1;6;3;10;14716;22.838
3;10;1;6;3;100;15514;20.473
3;10;1;6;3;1000;15261;22.212
3;10;1;6;6;10;16831;20.43
3;10;1;6;6;100;17105;19.786
3;10;1;6;6;1000;17355;19.776
3;10;1;6;12;10;16202;20.267
3;10;1;6;12;100;16265;20.807
3;10;1;6;12;1000;16052;21.604
3;10;2;1;1;10;8392.6;39.798
3;10;2;1;1;100;8253.4;40.239
3;10;2;1;1;1000;8154.2;39.956
3;10;2;1;3;10;13647;24.878
3;10;2;1;3;100;13399;24.934
3;10;2;1;3;1000;12746;26.022
3;10;2;1;6;10;14705;22.07
3;10;2;1;6;100;15174;22.503
3;10;2;1;6;1000;15381;21.69
3;10;2;1;12;10;14261;22.832
3;10;2;1;12;100;13529;24.297
3;10;2;1;12;1000;15218;22.717
3;10;2;2;1;10;9106.2;35.342
3;10;2;2;1;100;9260;35.582
3;10;2;2;1;1000;9176.9;37.332
3;10;2;2;3;10;15242;22.956
3;10;2;2;3;100;15201;22.912
3;10;2;2;3;1000;15291;22.017
3;10;2;2;6;10;15221;21.754
3;10;2;2;6;100;15714;20.461
3;10;2;2;6;1000;15990;21.209
3;10;2;2;12;10;14325;24.31
3;10;2;2;12;100;15113;22.869
3;10;2;2;12;1000;14450;22.406
3;10;2;3;1;10;9694.6;33.463
3;10;2;3;1;100;9919.1;34.41
3;10;2;3;1;1000;9198.6;36.842
3;10;2;3;3;10;16736;18.992
3;10;2;3;3;100;17217;18.105
3;10;2;3;3;1000;17469;19.238
3;10;2;3;6;10;17954;18.567
3;10;2;3;6;100;18617;17.469
3;10;2;3;6;1000;18188;18.287
3;10;2;3;12;10;17671;19.528
3;10;2;3;12;100;17137;19.298
3;10;2;3;12;1000;17284;20.218
3;10;2;6;1;10;9453.9;33.941
3;10;2;6;1;100;9966;35.303
3;10;2;6;1;1000;9291.5;35.604
3;10;2;6;3;10;15116;20.369
3;10;2;6;3;100;16122;19.908
3;10;2;6;3;1000;16857;19.206
3;10;2;6;6;10;17747;18.569
3;10;2;6;6;100;17916;17.572
3;10;2;6;6;1000;17953;18.623
3;10;2;6;12;10;16905;19.775
3;10;2;6;12;100;16789;19.122
3;10;2;6;12;1000;16422;18.599
3;10;3;1;1;10;7851.5;39.496
3;10;3;1;1;100;8032.4;38.603
3;10;3;1;1;1000;8405.8;40.327
3;10;3;1;3;10;13705;23.201
3;10;3;1;3;100;13437;24.684
3;10;3;1;3;1000;14078;24.294
3;10;3;1;6;10;14340;22.416
3;10;3;1;6;100;15527;21.048
3;10;3;1;6;1000;15944;21.262
3;10;3;1;12;10;14544;24.151
3;10;3;1;12;100;14661;23.241
3;10;3;1;12;1000;14482;21.979
3;10;3;2;1;10;9736.4;33.768
3;10;3;2;1;100;9195.7;36.105
3;10;3;2;1;1000;9327.8;35.899
3;10;3;2;3;10;16123;23.157
3;10;3;2;3;100;16343;20.41
3;10;3;2;3;1000;15814;21.404
3;10;3;2;6;10;16046;19.923
3;10;3;2;6;100;15582;20.344
3;10;3;2;6;1000;16603;20.022
3;10;3;2;12;10;15746;21.799
3;10;3;2;12;100;15903;21.781
3;10;3;2;12;1000;15688;20.663
3;10;3;3;1;10;10279;32.304
3;10;3;3;1;100;10457;31.661
3;10;3;3;1;1000;10332;32.992
3;10;3;3;3;10;18356;19.573
3;10;3;3;3;100;18397;17.665
3;10;3;3;3;1000;17960;18.077
3;10;3;3;6;10;19542;18.181
3;10;3;3;6;100;19190;18.797
3;10;3;3;6;1000;19597;18.542
3;10;3;3;12;10;18199;17.336
3;10;3;3;12;100;17866;19.95
3;10;3;3;12;1000;18545;20.634
3;10;3;6;1;10;10253;31.51
3;10;3;6;1;100;10314;32.317
3;10;3;6;1;1000;9626.9;32.966
3;10;3;6;3;10;17771;20.246
3;10;3;6;3;100;16992;19.744
3;10;3;6;3;1000;17324;19.184
3;10;3;6;6;10;19217;17.841
3;10;3;6;6;100;18337;17.844
3;10;3;6;6;1000;18976;17.954
3;10;3;6;12;10;17814;18.043
3;10;3;6;12;100;17726;18.875
3;10;3;6;12;1000;17176;19.064
3;10;10;1;1;10;8880.3;34.592
3;10;10;1;1;100;8434.9;35.645
3;10;10;1;1;1000;8537.5;38.229
3;10;10;1;3;10;14137;25.584
3;10;10;1;3;100;13729;23.86
3;10;10;1;3;1000;14220;23.717
3;10;10;1;6;10;14349;21.385
3;10;10;1;6;100;14167;21.348
3;10;10;1;6;1000;15100;21.381
3;10;10;1;12;10;14178;22.543
3;10;10;1;12;100;14364;21.79
3;10;10;1;12;1000;14822;23.094
3;10;10;2;1;10;9781.2;33.888
3;10;10;2;1;100;9911.5;32.764
3;10;10;2;1;1000;9512.4;34.986
3;10;10;2;3;10;16637;19.291
3;10;10;2;3;100;16561;19.485
3;10;10;2;3;1000;15977;19.345
3;10;10;2;6;10;17298;18.884
3;10;10;2;6;100;17413;19.657
3;10;10;2;6;1000;17321;19.558
3;10;10;2;12;10;16022;19.378
3;10;10;2;12;100;16792;19.56
3;10;10;2;12;1000;16174;21.096
3;10;10;3;1;10;10133;32.113
3;10;10;3;1;100;9353.6;31.251
3;10;10;3;1;1000;9982.4;34.406
3;10;10;3;3;10;16954;18.486
3;10;10;3;3;100;16589;19.298
3;10;10;3;3;1000;16532;20.115
3;10;10;3;6;10;17831;18.063
3;10;10;3;6;100;17720;17.553
3;10;10;3;6;1000;17778;19.997
3;10;10;3;12;10;16802;19.471
3;10;10;3;12;100;16150;20.742
3;10;10;3;12;1000;17148;19.262
3;10;10;6;1;10;10376;30.223
3;10;10;6;1;100;10539;29.851
3;10;10;6;1;1000;10199;31.346
3;10;10;6;3;10;16119;19.558
3;10;10;6;3;100;16409;19.046
3;10;10;6;3;1000;16524;19.721
3;10;10;6;6;10;17804;18.601
3;10;10;6;6;100;17655;18.473
3;10;10;6;6;1000;17980;19.031
3;10;10;6;12;10;16572;19.901
3;10;10;6;12;100;16916;18.654
3;10;10;6;12;1000;17056;20.045
3;10;100;1;1;10;2827.6;108.59
3;10;100;1;1;100;2715.9;102.91
3;10;100;1;1;1000;2872;104.44
3;10;100;1;3;10;2795.4;103
3;10;100;1;3;100;2777.6;106.54
3;10;100;1;3;1000;2782.5;103.82
3;10;100;1;6;10;2834.6;103.1
3;10;100;1;6;100;2811;104.8
3;10;100;1;6;1000;2687.9;108.3
3;10;100;1;12;10;2730.8;103.2
3;10;100;1;12;100;2720.1;101.51
3;10;100;1;12;1000;2753.8;106.93
3;10;100;2;1;10;2696.4;104.65
3;10;100;2;1;100;2845.3;107
3;10;100;2;1;1000;2688.7;104.96
3;10;100;2;3;10;2811.2;101.81
3;10;100;2;3;100;2734;105.72
3;10;100;2;3;1000;2822.9;106.62
3;10;100;2;6;10;2737.8;100.67
3;10;100;2;6;100;2835.9;101.6
3;10;100;2;6;1000;2707.8;106.15
3;10;100;2;12;10;2675.2;105.53
3;10;100;2;12;100;2687.2;105.54
3;10;100;2;12;1000;2690.1;101.44
3;10;100;3;1;10;2637.8;103.27
3;10;100;3;1;100;2703.5;102.62
3;10;100;3;1;1000;2790.7;107.7
3;10;100;3;3;10;2794.5;102.49
3;10;100;3;3;100;2744.4;102.4
3;10;100;3;3;1000;2658.8;101.44
3;10;100;3;6;10;2840.9;104.49
3;10;100;3;6;100;2885.6;101.04
3;10;100;3;6;1000;2854.1;106.3
3;10;100;3;12;10;2811.1;104.78
3;10;100;3;12;100;2848.4;101.11
3;10;100;3;12;1000;2819.1;108.71
3;10;100;6;1;10;2738.7;103.97
3;10;100;6;1;100;2870.2;103.1
3;10;100;6;1;1000;2845.5;110.91
3;10;100;6;3;10;2664.8;104.3
3;10;100;6;3;100;2658.9;101.7
3;10;100;6;3;1000;2762.1;102.17
3;10;100;6;6;10;2793.8;104.32
3;10;100;6;6;100;2787.4;102.16
3;10;100;6;6;1000;2754.4;100.98
3;10;100;6;12;10;2783.2;103.93
3;10;100;6;12;100;2770.3;101.23
3;10;100;6;12;1000;2797.8;107.84
3;100;1;1;1;10;8119.6;399.59
3;100;1;1;1;100;8096.3;396.76
3;100;1;1;1;1000;7827.4;398.01
3;100;1;1;3;10;11500;274.16
3;100;1;1;3;100;12261;280.99
3;100;1;1;3;1000;12532;272.51
3;100;1;1;6;10;12248;259.01
3;100;1;1;6;100;11572;273.84
3;100;1;1;6;1000;12075;282.9
3;100;1;1;12;10;12424;268.52
3;100;1;1;12;100;12714;244.84
3;100;1;1;12;1000;12330;253.41
3;100;1;2;1;10;8080.2;390
3;100;1;2;1;100;8113.7;392.92
3;100;1;2;1;1000;8285.1;403.91
3;100;1;2;3;10;12340;266.03
3;100;1;2;3;100;12189;274.84
3;100;1;2;3;1000;11894;273.92
3;100;1;2;6;10;14093;249.78
3;100;1;2;6;100;14272;240.21
3;100;1;2;6;1000;14528;243.2
3;100;1;2;12;10;15175;230.42
3;100;1;2;12;100;16080;238.66
3;100;1;2;12;1000;16079;208.62
3;100;1;3;1;10;8557.7;402.69
3;100;1;3;1;100;8305.3;407.46
3;100;1;3;1;1000;8278.6;371.9
3;100;1;3;3;10;13458;249.02
3;100;1;3;3;100;12925;250.68
3;100;1;3;3;1000;13841;246.7
3;100;1;3;6;10;15006;241.31
3;100;1;3;6;100;15000;233.21
3;100;1;3;6;1000;15226;234.26
3;100;1;3;12;10;18615;204.57
3;100;1;3;12;100;18348;190.01
3;100;1;3;12;1000;18359;218.25
3;100;1;6;1;10;8001.1;408.74
3;100;1;6;1;100;8175.4;399.04
3;100;1;6;1;1000;8571.9;370.94
3;100;1;6;3;10;13250;247.96
3;100;1;6;3;100;13632;250.11
3;100;1;6;3;1000;13712;243.56
3;100;1;6;6;10;15377;234.79
3;100;1;6;6;100;15611;217.54
3;100;1;6;6;1000;15425;230.87
3;100;1;6;12;10;18811;221.71
3;100;1;6;12;100;18483;175.62
3;100;1;6;12;1000;18977;191.05
3;100;2;1;1;10;8422;402.81
3;100;2;1;1;100;8511.5;374.26
3;100;2;1;1;1000;8289.6;399.93
3;100;2;1;3;10;12305;264.7
3;100;2;1;3;100;12450;268.52
3;100;2;1;3;1000;12397;265.74
3;100;2;1;6;10;13188;265.64
3;100;2;1;6;100;12358;264.02
3;100;2;1;6;1000;13221;251.12
3;100;2;1;12;10;13017;246.74
3;100;2;1;12;100;13918;230.95
3;100;2;1;12;1000;13080;256.78
3;100;2;2;1;10;8320.7;392.48
3;100;2;2;1;100;8711.8;372.82
3;100;2;2;1;1000;8598.7;369.51
3;100;2;2;3;10;12976;258.91
3;100;2;2;3;100;12939;258.17
3;100;2;2;3;1000;13379;263.98
3;100;2;2;6;10;14859;226.83
3;100;2;2;6;100;13933;243.98
3;100;2;2;6;1000;14294;238.94
3;100;2;2;12;10;16253;205.9
3;100;2;2;12;100;16293;232.25
3;100;2;2;12;1000;16400;230.42
3;100;2;3;1;10;9133.2;373.01
3;100;2;3;1;100;8494.1;348.55
3;100;2;3;1;1000;8913.9;383.82
3;100;2;3;3;10;14646;226.95
3;100;2;3;3;100;14624;232.6
3;100;2;3;3;1000;14463;240.85
3;100;2;3;6;10;15855;211.65
3;100;2;3;6;100;15707;223.69
3;100;2;3;6;1000;15727;215.44
3;100;2;3;12;10;18633;195.62
3;100;2;3;12;100;19129;195.75
3;100;2;3;12;1000;17971;193.83
3;100;2;6;1;10;9140.9;338.91
3;100;2;6;1;100;9302.8;343.88
3;100;2;6;1;1000;9067.5;379.01
3;100;2;6;3;10;14767;219.84
3;100;2;6;3;100;14540;236.06
3;100;2;6;3;1000;14295;228.39
3;100;2;6;6;10;16179;212.59
3;100;2;6;6;100;15886;231.28
3;100;2;6;6;1000;16276;209.18
3;100;2;6;12;10;19723;183.57
3;100;2;6;12;100;18959;186.44
3;100;2;6;12;1000;19095;180.13
3;100;3;1;1;10;8726.6;370.71
3;100;3;1;1;100;8550.3;390.97
3;100;3;1;1;1000;8441.9;374.92
3;100;3;1;3;10;12756;271.11
3;100;3;1;3;100;12871;257.63
3;100;3;1;3;1000;13558;243.99
3;100;3;1;6;10;13501;238.65
3;100;3;1;6;100;12736;258.31
3;100;3;1;6;1000;12834;252.64
3;100;3;1;12;10;13645;233.13
3;100;3;1;12;100;14035;232.42
3;100;3;1;12;1000;14535;235.72
3;100;3;2;1;10;8978.4;354.03
3;100;3;2;1;100;9270;373.52
3;100;3;2;1;1000;9497.8;360.22
3;100;3;2;3;10;13637;250.74
3;100;3;2;3;100;13316;246.23
3;100;3;2;3;1000;13541;259.49
3;100;3;2;6;10;14832;225.3
3;100;3;2;6;100;14523;242.43
3;100;3;2;6;1000;15318;237.49
3;100;3;2;12;10;16453;211.63
3;100;3;2;12;100;16456;209.17
3;100;3;2;12;1000;14917;215.19
3;100;3;3;1;10;9365.6;353.49
3;100;3;3;1;100;9123.4;345.37
3;100;3;3;1;1000;9206.4;375.47
3;100;3;3;3;10;14329;219.78
3;100;3;3;3;100;14584;222.56
3;100;3;3;3;1000;14868;228.29
3;100;3;3;6;10;16485;212.1
3;100;3;3;6;100;16616;209.67
3;100;3;3;6;1000;16042;223
3;100;3;3;12;10;19333;197.36
3;100;3;3;12;100;18205;200.28
3;100;3;3;12;1000;19350;192.9
3;100;3;6;1;10;9239.6;367.84
3;100;3;6;1;100;9276.2;375.98
3;100;3;6;1;1000;8889.9;363.6
3;100;3;6;3;10;15093;222.72
3;100;3;6;3;100;15108;218.63
3;100;3;6;3;1000;14370;229.66
3;100;3;6;6;10;16186;200.25
3;100;3;6;6;100;16438;205.47
3;100;3;6;6;1000;17263;200.67
3;100;3;6;12;10;19718;183.95
3;100;3;6;12;100;19318;178.49
3;100;3;6;12;1000;19946;182.83
3;100;10;1;1;10;8839.5;357.96
3;100;10;1;1;100;8888.2;374.82
3;100;10;1;1;1000;9216.2;367.29
3;100;10;1;3;10;13072;240.69
3;100;10;1;3;100;13513;237.6
3;100;10;1;3;1000;13233;251.04
3;100;10;1;6;10;12968;254.97
3;100;10;1;6;100;13436;233.34
3;100;10;1;6;1000;13716;239.9
3;100;10;1;12;10;14634;218.18
3;100;10;1;12;100;14466;230.83
3;100;10;1;12;1000;14545;228.48
3;100;10;2;1;10;9886.2;337.39
3;100;10;2;1;100;9741.1;337.2
3;100;10;2;1;1000;9555.4;350.97
3;100;10;2;3;10;13937;231.71
3;100;10;2;3;100;14526;225.86
3;100;10;2;3;1000;14304;236.95
3;100;10;2;6;10;15543;216.92
3;100;10;2;6;100;15790;201.45
3;100;10;2;6;1000;15788;236.1
3;100;10;2;12;10;17045;202.14
3;100;10;2;12;100;17857;199.07
3;100;10;2;12;1000;16600;204.24
3;100;10;3;1;10;9954.8;317.04
3;100;10;3;1;100;10319;338.03
3;100;10;3;1;1000;9738.9;321.08
3;100;10;3;3;10;15166;208.55
3;100;10;3;3;100;15294;205.26
3;100;10;3;3;1000;15304;222.1
3;100;10;3;6;10;16086;188.01
3;100;10;3;6;100;16701;191.22
3;100;10;3;6;1000;16990;194.8
3;100;10;3;12;10;19910;170.42
3;100;10;3;12;100;20093;185.04
3;100;10;3;12;1000;19945;173.19
3;100;10;6;1;10;9831.8;322.92
3;100;10;6;1;100;9715.5;357.19
3;100;10;6;1;1000;9958.3;326.8
3;100;10;6;3;10;16084;191.6
3;100;10;6;3;100;16041;198.58
3;100;10;6;3;1000;16291;196.11
3;100;10;6;6;10;17004;193.19
3;100;10;6;6;100;17546;196.67
3;100;10;6;6;1000;17601;199.29
3;100;10;6;12;10;21037;159.59
3;100;10;6;12;100;21007;165.79
3;100;10;6;12;1000;20998;168.73
3;100;100;1;1;10;9061.8;335.44
3;100;100;1;1;100;9081.2;329.78
3;100;100;1;1;1000;9185.5;361.7
3;100;100;1;3;10;12554;249.77
3;100;100;1;3;100;12884;249.19
3;100;100;1;3;1000;13021;252.03
3;100;100;1;6;10;12852;250.01
3;100;100;1;6;100;13959;235.33
3;100;100;1;6;1000;12740;246.25
3;100;100;1;12;10;12987;248.82
3;100;100;1;12;100;13383;228.81
3;100;100;1;12;1000;13370;237.43
3;100;100;2;1;10;8862.2;327.84
3;100;100;2;1;100;9226.1;339.72
3;100;100;2;1;1000;9977.7;344.37
3;100;100;2;3;10;14443;225.27
3;100;100;2;3;100;13656;234.81
3;100;100;2;3;1000;14497;228.3
3;100;100;2;6;10;16066;197.37
3;100;100;2;6;100;14197;202.89
3;100;100;2;6;1000;15923;198.05
3;100;100;2;12;10;18186;190.52
3;100;100;2;12;100;18448;179.31
3;100;100;2;12;1000;18329;172.13
3;100;100;3;1;10;9459.4;356.42
3;100;100;3;1;100;9354.9;332.36
3;100;100;3;1;1000;9709.3;358.98
3;100;100;3;3;10;14292;226.47
3;100;100;3;3;100;14293;217.49
3;100;100;3;3;1000;14397;220.25
3;100;100;3;6;10;16905;195.86
3;100;100;3;6;100;17322;202.83
3;100;100;3;6;1000;17270;189.22
3;100;100;3;12;10;19962;172.63
3;100;100;3;12;100;20337;165.4
3;100;100;3;12;1000;19353;170.01
3;100;100;6;1;10;9999.8;318.11
3;100;100;6;1;100;9407.6;326.17
3;100;100;6;1;1000;8932.7;345.62
3;100;100;6;3;10;15386;205.74
3;100;100;6;3;100;15124;212.57
3;100;100;6;3;1000;14969;217.03
3;100;100;6;6;10;16331;194.03
3;100;100;6;6;100;17336;178.47
3;100;100;6;6;1000;16539;187.98
3;100;100;6;12;10;20708;171.23
3;100;100;6;12;100;19619;160.14
3;100;100;6;12;1000;19998;171.2
3;1000;1;1;1;10;4672.5;7510.5
3;1000;1;1;1;100;4128.2;7856.5
3;1000;1;1;1;1000;4134.1;8543.3
3;1000;1;1;3;10;16867;2789.5
3;1000;1;1;3;100;18036;2829.4
3;1000;1;1;3;1000;18501;1767.7
3;1000;1;1;6;10;16384;3038.3
3;1000;1;1;6;100;16049;2769.8
3;1000;1;1;6;1000;17380;2638.9
3;1000;1;1;12;10;17926;2076.2
3;1000;1;1;12;100;16708;2693.6
3;1000;1;1;12;1000;18105;2127.1
3;1000;1;2;1;10;4003;7874.1
3;1000;1;2;1;100;4024.4;8259.6
3;1000;1;2;1;1000;4185.7;8232.1
3;1000;1;2;3;10;14152;2443.8
3;1000;1;2;3;100;13709;3187.3
3;1000;1;2;3;1000;12534;3159.7
3;1000;1;2;6;10;20644;1721.4
3;1000;1;2;6;100;21944;1606.5
3;1000;1;2;6;1000;19997;1967.6
3;1000;1;2;12;10;27248;1424.7
3;1000;1;2;12;100;27725;1529.5
3;1000;1;2;12;1000;27203;1455.4
3;1000;1;3;1;10;3322.6;13315
3;1000;1;3;1;100;3330.5;13236
3;1000;1;3;1;1000;3622.7;13778
3;1000;1;3;3;10;15995;3156.8
3;1000;1;3;3;100;9823.9;4822.1
3;1000;1;3;3;1000;19418;2031
3;1000;1;3;6;10;24275;1832.4
3;1000;1;3;6;100;26119;1598.7
3;1000;1;3;6;1000;23623;1646.3
3;1000;1;3;12;10;27863;1647.7
3;1000;1;3;12;100;24155;1584.5
3;1000;1;3;12;1000;23499;1727.9
3;1000;1;6;1;10;2757.2;14435
3;1000;1;6;1;100;2858.8;14081
3;1000;1;6;1;1000;2715;14031
3;1000;1;6;3;10;17928;2523.8
3;1000;1;6;3;100;16896;2415.2
3;1000;1;6;3;1000;16539;2653.7
3;1000;1;6;6;10;26355;2031.3
3;1000;1;6;6;100;27893;1427.4
3;1000;1;6;6;1000;27557;1640.1
3;1000;1;6;12;10;32363;1623.8
3;1000;1;6;12;100;21353;3734.2
3;1000;1;6;12;1000;31277;2805.9
3;1000;2;1;1;10;4152.2;7643
3;1000;2;1;1;100;4535;7344
3;1000;2;1;1;1000;4007.2;7253.8
3;1000;2;1;3;10;19158;2260.4
3;1000;2;1;3;100;18042;2369.3
3;1000;2;1;3;1000;18347;2314.2
3;1000;2;1;6;10;16396;2706.7
3;1000;2;1;6;100;17621;2939.5
3;1000;2;1;6;1000;18798;2492.9
3;1000;2;1;12;10;19062;2629.6
3;1000;2;1;12;100;20939;1648.4
3;1000;2;1;12;1000;16866;2826.7
3;1000;2;2;1;10;4076.8;7426.6
3;1000;2;2;1;100;3947.6;7872.2
3;1000;2;2;1;1000;4168.3;8191.1
3;1000;2;2;3;10;18294;2241.7
3;1000;2;2;3;100;15730;2060.2
3;1000;2;2;3;1000;14609;2648.7
3;1000;2;2;6;10;22851;1542.8
3;1000;2;2;6;100;20861;1638.2
3;1000;2;2;6;1000;21641;1715.7
3;1000;2;2;12;10;28472;1259.5
3;1000;2;2;12;100;27178;1342.8
3;1000;2;2;12;1000;29392;1407.5
3;1000;2;3;1;10;3625.2;13867
3;1000;2;3;1;100;3384.7;14031
3;1000;2;3;1;1000;3481.2;13390
3;1000;2;3;3;10;18106;2618.9
3;1000;2;3;3;100;17235;3230.1
3;1000;2;3;3;1000;18842;2444.5
3;1000;2;3;6;10;23567;1647.3
3;1000;2;3;6;100;26438;1651.8
3;1000;2;3;6;1000;24733;1489.7
3;1000;2;3;12;10;26130;1549.6
3;1000;2;3;12;100;24009;1934.2
3;1000;2;3;12;1000;28318;1481.7
3;1000;2;6;1;10;2839.4;15685
3;1000;2;6;1;100;2877.5;14481
3;1000;2;6;1;1000;3108.6;12866
3;1000;2;6;3;10;19381;2945.7
3;1000;2;6;3;100;18689;2434.2
3;1000;2;6;3;1000;17459;2886.9
3;1000;2;6;6;10;25300;1974.8
3;1000;2;6;6;100;25884;1765.3
3;1000;2;6;6;1000;25029;1860.6
3;1000;2;6;12;10;29900;2527.7
3;1000;2;6;12;100;32836;1837.9
3;1000;2;6;12;1000;27758;1376.7
3;1000;3;1;1;10;4860.2;7344.5
3;1000;3;1;1;100;4985.2;6743.2
3;1000;3;1;1;1000;4392.4;7590.9
3;1000;3;1;3;10;16985;2784
3;1000;3;1;3;100;17857;1816.1
3;1000;3;1;3;1000;19472;2559.3
3;1000;3;1;6;10;19328;1791.5
3;1000;3;1;6;100;17930;1741.7
3;1000;3;1;6;1000;17060;2458.7
3;1000;3;1;12;10;20538;2715.2
3;1000;3;1;12;100;18165;2410
3;1000;3;1;12;1000;19619;1853.9
3;1000;3;2;1;10;4272.9;7668.9
3;1000;3;2;1;100;4209;7795.6
3;1000;3;2;1;1000;4347.9;7708
3;1000;3;2;3;10;14583;2522.6
3;1000;3;2;3;100;16991;2309.4
3;1000;3;2;3;1000;17338;2745.5
3;1000;3;2;6;10;24206;1521.4
3;1000;3;2;6;100;23193;1677
3;1000;3;2;6;1000;21422;1648.2
3;1000;3;2;12;10;27020;1294.2
3;1000;3;2;12;100;29596;1204.1
3;1000;3;2;12;1000;31031;1283.9
3;1000;3;3;1;10;3557.9;13958
3;1000;3;3;1;100;3601.9;13193
3;1000;3;3;1;1000;3575.8;12850
3;1000;3;3;3;10;15658;2797.2
3;1000;3;3;3;100;20717;2858.1
3;1000;3;3;3;1000;14698;3335.2
3;1000;3;3;6;10;27409;1519
3;1000;3;3;6;100;26698;1709.4
3;1000;3;3;6;1000;25482;1484.9
3;1000;3;3;12;10;30469;1842.2
3;1000;3;3;12;100;30615;1289
3;1000;3;3;12;1000;27051;1468.7
3;1000;3;6;1;10;3030.8;11652
3;1000;3;6;1;100;2783.7;14247
3;1000;3;6;1;1000;2736.2;13883
3;1000;3;6;3;10;15639;3792.6
3;1000;3;6;3;100;15189;3452.3
3;1000;3;6;3;1000;23126;1911.3
3;1000;3;6;6;10;26857;1929.2
3;1000;3;6;6;100;28621;1518.7
3;1000;3;6;6;1000;29139;1474.7
3;1000;3;6;12;10;32896;1619.5
3;1000;3;6;12;100;33560;1857.8
3;1000;3;6;12;1000;34560;1875.4
3;1000;10;1;1;10;8856.6;4074
3;1000;10;1;1;100;9763.2;3970.5
3;1000;10;1;1;1000;8994.1;4827.2
3;1000;10;1;3;10;18370;2145.7
3;1000;10;1;3;100;18063;1979.8
3;1000;10;1;3;1000;19547;2091.6
3;1000;10;1;6;10;21150;1955
3;1000;10;1;6;100;20254;2393.2
3;1000;10;1;6;1000;20160;2127.8
3;1000;10;1;12;10;21289;2020.8
3;1000;10;1;12;100;20123;1860.2
3;1000;10;1;12;1000;20045;1956.5
3;1000;10;2;1;10;4826;6619.1
3;1000;10;2;1;100;5177.1;5845.8
3;1000;10;2;1;1000;5067;7067.1
3;1000;10;2;3;10;17863;2534.9
3;1000;10;2;3;100;15041;2382.2
3;1000;10;2;3;1000;14747;1804.1
3;1000;10;2;6;10;24686;1501.6
3;1000;10;2;6;100;21731;1506.9
3;1000;10;2;6;1000;22164;1390.6
3;1000;10;2;12;10;29523;1307.2
3;1000;10;2;12;100;27615;1422.1
3;1000;10;2;12;1000;28685;1233.2
3;1000;10;3;1;10;3571.1;12984
3;1000;10;3;1;100;3449.5;12635
3;1000;10;3;1;1000;3668.5;12102
3;1000;10;3;3;10;21384;1824.8
3;1000;10;3;3;100;21479;2083
3;1000;10;3;3;1000;21251;2045.8
3;1000;10;3;6;10;27527;1310.4
3;1000;10;3;6;100;25544;1605.3
3;1000;10;3;6;1000;29962;1204.8
3;1000;10;3;12;10;31020;1478.4
3;1000;10;3;12;100;30424;1436.4
3;1000;10;3;12;1000;32588;1289.7
3;1000;10;6;1;10;2915.4;15093
3;1000;10;6;1;100;3089.5;13339
3;1000;10;6;1;1000;2650.9;14945
3;1000;10;6;3;10;22012;2057.7
3;1000;10;6;3;100;17711;4075.1
3;1000;10;6;3;1000;22158;1985.8
3;1000;10;6;6;10;28324;1375.1
3;1000;10;6;6;100;29598;1529.5
3;1000;10;6;6;1000;27851;1230.8
3;1000;10;6;12;10;22965;1481.3
3;1000;10;6;12;100;33045;1483.8
3;1000;10;6;12;1000;32655;1667
3;1000;100;1;1;10;9762.6;3718.5
3;1000;100;1;1;100;11588;3740.2
3;1000;100;1;1;1000;10782;3254.5
3;1000;100;1;3;10;20304;1814.3
3;1000;100;1;3;100;20151;1650.5
3;1000;100;1;3;1000;18721;1652.8
3;1000;100;1;6;10;18093;1906.3
3;1000;100;1;6;100;20474;1810.7
3;1000;100;1;6;1000;21451;1692
3;1000;100;1;12;10;19440;1793.8
3;1000;100;1;12;100;18917;2278.7
3;1000;100;1;12;1000;19805;1756.6
3;1000;100;2;1;10;10065;3870.6
3;1000;100;2;1;100;9256.9;4262.4
3;1000;100;2;1;1000;10074;3546.1
3;1000;100;2;3;10;18389;2017.4
3;1000;100;2;3;100;17799;1920
3;1000;100;2;3;1000;21545;1740.6
3;1000;100;2;6;10;24459;1295.7
3;1000;100;2;6;100;22183;1420.5
3;1000;100;2;6;1000;25607;1586.6
3;1000;100;2;12;10;30911;1191.2
3;1000;100;2;12;100;29354;1255.9
3;1000;100;2;12;1000;30962;1087.6
3;1000;100;3;1;10;3639;12280
3;1000;100;3;1;100;3519.5;12121
3;1000;100;3;1;1000;3562.4;11938
3;1000;100;3;3;10;22105;2250.4
3;1000;100;3;3;100;21768;1974.6
3;1000;100;3;3;1000;22998;1588.3
3;1000;100;3;6;10;26170;1403.4
3;1000;100;3;6;100;28346;1324.6
3;1000;100;3;6;1000;27980;1263.4
3;1000;100;3;12;10;34740;1130.6
3;1000;100;3;12;100;28750;1426.5
3;1000;100;3;12;1000;31114;1422.6
3;1000;100;6;1;10;2899.3;13393
3;1000;100;6;1;100;3157.1;13224
3;1000;100;6;1;1000;3161.9;10781
3;1000;100;6;3;10;20680;1926.7
3;1000;100;6;3;100;21966;1743.3
3;1000;100;6;3;1000;23443;2061.2
3;1000;100;6;6;10;29648;1252.7
3;1000;100;6;6;100;29970;1166.4
3;1000;100;6;6;1000;27904;1499.4
3;1000;100;6;12;10;28957;1266.4
3;1000;100;6;12;100;30942;1756.7
3;1000;100;6;12;1000;31664;1884.5
3;10000;1;1;1;10;4989.1;40806
3;10000;1;1;1;100;7331.8;44668
3;10000;1;1;1;1000;6394.2;41792
3;10000;1;1;3;10;6087.4;35698
3;10000;1;1;3;100;7248.5;34617
3;10000;1;1;3;1000;6551;40081
3;10000;1;1;6;10;7012.3;35799
3;10000;1;1;6;100;6332.8;42547
3;10000;1;1;6;1000;6015.3;41408
3;10000;1;1;12;10;5847.4;34969
3;10000;1;1;12;100;5983.2;37236
3;10000;1;1;12;1000;6389.8;42442
3;10000;1;2;1;10;7992;37441
3;10000;1;2;1;100;6489;34021
3;10000;1;2;1;1000;6324.8;43433
3;10000;1;2;3;10;8362.9;31867
3;10000;1;2;3;100;7282.5;37480
3;10000;1;2;3;1000;7334.2;30654
3;10000;1;2;6;10;11433;21646
3;10000;1;2;6;100;10425;23302
3;10000;1;2;6;1000;11521;27535
3;10000;1;2;12;10;13930;18562
3;10000;1;2;12;100;10928;23265
3;10000;1;2;12;1000;16118;15677
3;10000;1;3;1;10;6389;52019
3;10000;1;3;1;100;6339.1;49677
3;10000;1;3;1;1000;7428.4;40679
3;10000;1;3;3;10;7434.9;34413
3;10000;1;3;3;100;6975.1;36668
3;10000;1;3;3;1000;8206.2;28561
3;10000;1;3;6;10;9812.8;27925
3;10000;1;3;6;100;10860;29905
3;10000;1;3;6;1000;10787;27077
3;10000;1;3;12;10;12205;29063
3;10000;1;3;12;100;18710;33561
3;10000;1;3;12;1000;16260;30580
3;10000;1;6;1;10;5489.1;42849
3;10000;1;6;1;100;5494.1;47411
3;10000;1;6;1;1000;4565.4;45644
3;10000;1;6;3;10;6113.5;34340
3;10000;1;6;3;100;5958.7;44613
3;10000;1;6;3;1000;6091.7;46191
3;10000;1;6;6;10;9596.8;30588
3;10000;1;6;6;100;8176.9;38983
3;10000;1;6;6;1000;8193.5;40227
3;10000;1;6;12;10;6830.5;53402
3;10000;1;6;12;100;7685.7;33113
3;10000;1;6;12;1000;12225;34931
3;10000;2;1;1;10;5358.2;38451
3;10000;2;1;1;100;5375.2;43932
3;10000;2;1;1;1000;6100.5;44219
3;10000;2;1;3;10;6045.4;41076
3;10000;2;1;3;100;6486.3;38526
3;10000;2;1;3;1000;7091.8;37571
3;10000;2;1;6;10;5997.6;37193
3;10000;2;1;6;100;6583.8;41529
3;10000;2;1;6;1000;6931.9;38349
3;10000;2;1;12;10;5732.6;38475
3;10000;2;1;12;100;6210.5;42021
3;10000;2;1;12;1000;6637.1;39212
3;10000;2;2;1;10;5085.8;36056
3;10000;2;2;1;100;6484;33875
3;10000;2;2;1;1000;6754.8;39107
3;10000;2;2;3;10;9940.8;32528
3;10000;2;2;3;100;7761.7;29295
3;10000;2;2;3;1000;7830.2;35420
3;10000;2;2;6;10;13591;19364
3;10000;2;2;6;100;11336;22504
3;10000;2;2;6;1000;11723;27173
3;10000;2;2;12;10;14431;24969
3;10000;2;2;12;100;11864;26472
3;10000;2;2;12;1000;12421;30292
3;10000;2;3;1;10;7310.6;39255
3;10000;2;3;1;100;6021;38824
3;10000;2;3;1;1000;7239.8;45002
3;10000;2;3;3;10;7593.9;32098
3;10000;2;3;3;100;7105.4;40581
3;10000;2;3;3;1000;7450.4;49528
3;10000;2;3;6;10;11113;33641
3;10000;2;3;6;100;16417;34616
3;10000;2;3;6;1000;11105;30305
3;10000;2;3;12;10;13363;36838
3;10000;2;3;12;100;13225;36923
3;10000;2;3;12;1000;20743;30039
3;10000;2;6;1;10;9077;50320
3;10000;2;6;1;100;7593.4;38748
3;10000;2;6;1;1000;5755.9;46164
3;10000;2;6;3;10;10594;29633
3;10000;2;6;3;100;6342.9;41218
3;10000;2;6;3;1000;11324;31200
3;10000;2;6;6;10;8469;38482
3;10000;2;6;6;100;7977.6;39887
3;10000;2;6;6;1000;8110.5;36233
3;10000;2;6;12;10;10114;30932
3;10000;2;6;12;100;8706.8;25140
3;10000;2;6;12;1000;10663;33111
3;10000;3;1;1;10;6729.5;36668
3;10000;3;1;1;100;7306.8;31208
3;10000;3;1;1;1000;7271.9;43616
3;10000;3;1;3;10;7475.9;34213
3;10000;3;1;3;100;5490.7;44007
3;10000;3;1;3;1000;6666.1;39746
3;10000;3;1;6;10;6832.1;31764
3;10000;3;1;6;100;6037.5;43301
3;10000;3;1;6;1000;4806.7;41984
3;10000;3;1;12;10;6333.9;36689
3;10000;3;1;12;100;5273.1;37575
3;10000;3;1;12;1000;5848.1;38749
3;10000;3;2;1;10;6533.5;40177
3;10000;3;2;1;100;6902.9;37672
3;10000;3;2;1;1000;5801.7;40928
3;10000;3;2;3;10;7489;27821
3;10000;3;2;3;100;7380.1;38415
3;10000;3;2;3;1000;7952.1;30888
3;10000;3;2;6;10;11127;20067
3;10000;3;2;6;100;10439;32196
3;10000;3;2;6;1000;10317;26137
3;10000;3;2;12;10;14325;22456
3;10000;3;2;12;100;12589;26171
3;10000;3;2;12;1000;14176;23414
3;10000;3;3;1;10;6063.9;43013
3;10000;3;3;1;100;5942.5;43188
3;10000;3;3;1;1000;5004.2;49673
3;10000;3;3;3;10;7868.8;35063
3;10000;3;3;3;100;8207.6;27054
3;10000;3;3;3;1000;7712.8;33324
3;10000;3;3;6;10;16093;20988
3;10000;3;3;6;100;10019;39546
3;10000;3;3;6;1000;16066;31267
3;10000;3;3;12;10;14891;34273
3;10000;3;3;12;100;17980;35113
3;10000;3;3;12;1000;15147;34726
3;10000;3;6;1;10;7034.4;47430
3;10000;3;6;1;100;4442.8;42230
3;10000;3;6;1;1000;4457.9;46122
3;10000;3;6;3;10;10553;30533
3;10000;3;6;3;100;6051.9;43666
3;10000;3;6;3;1000;6295.6;48163
3;10000;3;6;6;10;8407.4;47615
3;10000;3;6;6;100;8156;31993
3;10000;3;6;6;1000;12271;26787
3;10000;3;6;12;10;8706.2;27235
3;10000;3;6;12;100;8908.6;21874
3;10000;3;6;12;1000;6312.9;42610
3;10000;10;1;1;10;5612.1;42927
3;10000;10;1;1;100;6644.4;42341
3;10000;10;1;1;1000;6411.9;45791
3;10000;10;1;3;10;6923.3;37625
3;10000;10;1;3;100;7240.8;36884
3;10000;10;1;3;1000;6352.8;40238
3;10000;10;1;6;10;7132.8;35362
3;10000;10;1;6;100;5771.9;41060
3;10000;10;1;6;1000;6175.2;39713
3;10000;10;1;12;10;6686.9;39021
3;10000;10;1;12;100;5576.2;42837
3;10000;10;1;12;1000;6158.2;42122
3;10000;10;2;1;10;5367.4;38896
3;10000;10;2;1;100;7597.2;43331
3;10000;10;2;1;1000;10064;36267
3;10000;10;2;3;10;8041.7;34569
3;10000;10;2;3;100;8113.2;31929
3;10000;10;2;3;1000;7395.2;36527
3;10000;10;2;6;10;10634;23429
3;10000;10;2;6;100;9956.6;30171
3;10000;10;2;6;1000;13870;22131
3;10000;10;2;12;10;14594;19881
3;10000;10;2;12;100;14445;19113
3;10000;10;2;12;1000;15671;22782
3;10000;10;3;1;10;6357.2;36821
3;10000;10;3;1;100;7366;39848
3;10000;10;3;1;1000;5952.1;44880
3;10000;10;3;3;10;8242.2;36974
3;10000;10;3;3;100;7624.1;41516
3;10000;10;3;3;1000;9393.2;24558
3;10000;10;3;6;10;10880;33033
3;10000;10;3;6;100;11940;32476
3;10000;10;3;6;1000;10998;33709
3;10000;10;3;12;10;17417;28436
3;10000;10;3;12;100;16678;34327
3;10000;10;3;12;1000;18251;32981
3;10000;10;6;1;10;5908.3;50901
3;10000;10;6;1;100;7718.5;55209
3;10000;10;6;1;1000;5365.4;49336
3;10000;10;6;3;10;6390.7;43258
3;10000;10;6;3;100;6814.4;33087
3;10000;10;6;3;1000;6215.4;44556
3;10000;10;6;6;10;9083.8;27057
3;10000;10;6;6;100;8760.9;44389
3;10000;10;6;6;1000;9146.3;37016
3;10000;10;6;12;10;10448;31612
3;10000;10;6;12;100;11693;21603
3;10000;10;6;12;1000;10689;32262
3;10000;100;1;1;10;6632.8;38592
3;10000;100;1;1;100;7773;40931
3;10000;100;1;1;1000;5909.8;42038
3;10000;100;1;3;10;7681.1;39303
3;10000;100;1;3;100;6870.3;35683
3;10000;100;1;3;1000;7794.6;35971
3;10000;100;1;6;10;6563.4;38088
3;10000;100;1;6;100;7088.2;35198
3;10000;100;1;6;1000;6375.2;36657
3;10000;100;1;12;10;6211.3;41615
3;10000;100;1;12;100;6087.4;37819
3;10000;100;1;12;1000;7674.8;39340
3;10000;100;2;1;10;6044;36854
3;10000;100;2;1;100;6704.2;40528
3;10000;100;2;1;1000;7626.3;43148
3;10000;100;2;3;10;7581.8;34078
3;10000;100;2;3;100;10100;28496
3;10000;100;2;3;1000;10839;24624
3;10000;100;2;6;10;10922;28380
3;10000;100;2;6;100;12411;27171
3;10000;100;2;6;1000;13053;20972
3;10000;100;2;12;10;14502;24119
3;10000;100;2;12;100;12530;28225
3;10000;100;2;12;1000;13819;22515
3;10000;100;3;1;10;8344.3;37770
3;10000;100;3;1;100;7432.5;46113
3;10000;100;3;1;1000;9763.8;38220
3;10000;100;3;3;10;8344.5;26407
3;10000;100;3;3;100;8276.3;39989
3;10000;100;3;3;1000;7901.4;39333
3;10000;100;3;6;10;11359;30532
3;10000;100;3;6;100;15315;24913
3;10000;100;3;6;1000;12381;31823
3;10000;100;3;12;10;20461;28983
3;10000;100;3;12;100;13752;20933
3;10000;100;3;12;1000;23206;30084
3;10000;100;6;1;10;6431.6;31469
3;10000;100;6;1;100;7595.9;43257
3;10000;100;6;1;1000;6035.8;39811
3;10000;100;6;3;10;6905.5;44046
3;10000;100;6;3;100;6806.2;38487
3;10000;100;6;3;1000;6353.1;35625
3;10000;100;6;6;10;10591;29566
3;10000;100;6;6;100;8849.4;38920
3;10000;100;6;6;1000;8816;34806
3;10000;100;6;12;10;8418.4;25576
3;10000;100;6;12;100;14990;31696
3;10000;100;6;12;1000;17536;27218