0.020000,31,2.403179,0.347752,25
0.200000,17,4.456425,0.039589,16
0.120000,20,4.974260,0.048867,17
0.040000,42,2.237785,0.300718,35
0.300000,18,6.194893,0.032460,16
0.080000,28,3.180960,0.087069,18
0.010000,35,1.125888,0.214580,29
0.160000,24,3.252872,0.079188,19
0.020000,37,0.633198,0.188766,25
0.200000,25,3.616665,0.078095,18
0.120000,27,3.765410,0.120587,22
0.040000,30,1.275588,0.194968,28
0.300000,15,7.281637,0.005648,15
0.080000,20,3.401074,0.056254,18
0.010000,60,0.346367,0.641793,60
0.160000,20,4.743700,0.057491,18
0.020000,73,0.247526,0.777838,66
0.200000,18,7.256365,0.042062,17
0.120000,25,4.519321,0.084726,19
0.040000,40,0.651022,0.199623,24
0.300000,21,4.134102,0.051293,17
0.080000,29,2.477461,0.144326,25
0.010000,36,0.796424,0.258607,32
0.160000,25,3.104915,0.075438,18
0.020000,36,2.880820,0.210552,28
0.200000,19,5.664027,0.052534,19
0.120000,37,2.894502,0.287363,34
0.040000,34,1.322626,0.214188,29
0.300000,17,8.647625,0.028842,16
0.080000,37,1.037705,0.277353,34
0.010000,51,0.771214,0.443489,45
0.160000,23,3.420607,0.058746,17
0.020000,23,5.500961,0.104401,22
0.200000,17,9.651642,0.029485,17
0.120000,32,2.202974,0.182695,27
0.040000,42,0.920892,0.375010,41
0.300000,19,8.492432,0.035723,16
0.080000,34,3.190073,0.151998,22
0.010000,44,0.181946,0.150246,42
0.160000,18,6.256832,0.045276,17
0.020000,85,0.035918,0.973641,85
0.200000,21,4.330052,0.073876,19
0.120000,23,6.937754,0.076231,19
0.040000,29,1.029029,0.092694,18
0.300000,17,7.635267,0.029255,16
0.080000,27,4.715542,0.123688,22
0.010000,54,1.069442,0.531424,51
0.160000,22,6.463312,0.068404,19
0.020000,54,1.316394,0.535719,50
0.200000,19,5.767925,0.037991,16
0.120000,31,2.028750,0.144755,23
0.040000,39,1.181171,0.323536,37
0.300000,16,5.420655,0.011329,16
0.080000,29,1.527853,0.136849,23
0.010000,48,0.706466,0.406425,43
0.160000,22,4.228710,0.091678,21
0.020000,38,0.932761,0.256081,30
0.200000,20,5.779355,0.066134,19
0.120000,27,3.684631,0.101207,20
0.040000,33,2.096144,0.201938,28
0.300000,17,4.150748,0.029972,16
0.080000,27,2.676344,0.121262,21
0.010000,30,3.136769,0.139872,23
0.160000,24,4.467376,0.079405,18
0.020000,49,0.954377,0.438458,46
0.200000,18,4.168926,0.040888,17
0.120000,25,3.027689,0.116997,22
0.040000,39,2.262476,0.236738,29
0.300000,15,11.250584,0.004595,15
0.080000,31,2.204871,0.155824,24
0.010000,49,0.676743,0.412052,42
0.160000,18,6.693276,0.041148,18
0.020000,44,1.173116,0.153395,41
0.200000,22,5.248332,0.067168,18
0.120000,19,4.969209,0.053344,19
0.040000,34,2.267206,0.178165,25
0.300000,21,7.652514,0.054669,17
0.080000,22,4.827777,0.067824,18
0.010000,37,0.713754,0.258250,31
0.160000,17,5.913346,0.033287,16
0.020000,42,2.251886,0.251058,40
0.200000,16,6.356455,0.016484,16
0.120000,32,3.137824,0.189373,28
0.040000,30,3.741425,0.161352,25
0.300000,16,6.645086,0.017076,16
0.080000,32,3.637637,0.158442,24
0.010000,92,0.379817,1.066464,92
0.160000,30,2.222610,0.128078,21
0.020000,49,1.366509,0.411174,44
0.200000,17,6.740716,0.036009,16
0.120000,35,2.748395,0.197436,25
0.040000,51,1.034611,0.345091,35
0.300000,19,6.104549,0.053832,18
0.080000,46,2.107087,0.381526,41
0.010000,35,1.140039,0.181317,25
0.160000,16,5.345107,0.016360,16
0.020000,47,0.493748,0.400424,43
0.200000,21,3.822098,0.044339,16
0.120000,21,4.140793,0.070178,19
0.040000,44,0.876460,0.334319,37
0.300000,20,7.029299,0.040258,16
0.080000,34,1.899064,0.166205,24
0.010000,64,0.928698,0.676022,62
0.160000,21,3.169240,0.050996,17
0.020000,41,1.007837,0.297873,34
0.200000,15,10.810578,0.004305,15
0.120000,20,7.118277,0.046897,17
0.040000,53,1.403667,0.482816,48
0.300000,16,6.303406,0.017108,16
0.080000,32,1.544781,0.169376,25
0.010000,36,0.912781,0.223862,29
0.160000,25,3.779396,0.114973,22
0.020000,45,0.469332,0.340564,37
0.200000,21,5.153660,0.070114,19
0.120000,23,4.887846,0.103592,23
0.040000,50,0.835042,0.479800,49
0.300000,17,4.656986,0.028669,16
0.080000,22,5.009163,0.059912,17
0.010000,55,0.624146,0.532378,53
0.160000,24,4.200555,0.072825,18
0.020000,75,0.279722,0.814625,75
0.200000,19,3.825067,0.035751,16
0.120000,26,6.966334,0.078935,18
0.040000,48,0.689375,0.393478,43
0.300000,18,5.581340,0.032682,16
0.080000,33,2.827577,0.195333,28
0.010000,48,0.930812,0.415642,43
0.160000,16,5.882585,0.017053,16
0.020000,72,0.216261,0.808672,72
0.200000,19,5.378855,0.056639,18
0.120000,22,5.324372,0.058111,17
0.040000,31,1.946362,0.208114,31
0.300000,17,3.902694,0.028988,16
0.080000,39,2.413447,0.291603,36
0.010000,51,0.160492,0.480279,49
0.160000,19,4.628486,0.045949,17
0.020000,36,1.021358,0.252248,31
0.200000,24,4.066385,0.077759,19
0.120000,44,1.069031,0.331161,38
0.040000,32,1.369339,0.148842,23
0.300000,16,9.701622,0.021063,16
0.080000,27,2.509963,0.075855,20
0.010000,40,1.016264,0.113082,33
0.160000,21,4.439482,0.061140,18
0.020000,42,0.320864,0.362190,38
0.200000,17,5.208213,0.021171,15
0.120000,20,6.574448,0.059308,19
0.040000,26,2.443368,0.100503,23
0.300000,17,7.534749,0.028999,16
0.080000,26,2.486308,0.108098,21
0.010000,42,2.090213,0.350119,42
0.160000,23,6.108815,0.069818,18
0.020000,76,0.340809,0.844320,76
0.200000,18,6.037841,0.041027,17
0.120000,19,5.658772,0.053143,18
0.040000,42,1.216289,0.268438,31
0.300000,18,5.529462,0.033092,16
0.080000,28,3.256894,0.119505,21
0.010000,35,3.309169,0.249405,32
0.160000,17,7.401570,0.028610,17
0.020000,40,0.485436,0.305390,35
0.200000,19,7.408241,0.027167,15
0.120000,31,3.280410,0.166857,25
0.040000,28,1.493186,0.128463,22
0.300000,16,5.434661,0.019825,16
0.080000,30,3.245304,0.150628,24
0.010000,51,0.960565,0.466742,47
0.160000,27,6.022594,0.130033,23
0.020000,41,1.777748,0.365164,41
0.200000,20,4.325273,0.039625,16
0.120000,22,5.407900,0.064669,18
0.040000,29,1.581223,0.141221,23
0.300000,15,10.322249,0.004794,15
0.080000,35,2.108715,0.249257,31
0.010000,36,1.221306,0.222100,28
0.160000,19,3.675976,0.054722,18
0.020000,61,0.302200,0.616836,61
0.200000,20,4.607107,0.030348,15
0.120000,18,6.841325,0.041726,17
0.040000,41,2.031523,0.359608,40
0.300000,16,4.064531,0.017237,15
0.080000,32,3.691083,0.225774,30
0.010000,39,2.408436,0.313770,37
0.160000,21,7.880474,0.062842,18
0.020000,22,6.164261,0.100424,21
0.200000,19,6.314886,0.044130,17
0.120000,26,1.459447,0.088388,19
0.040000,44,1.018689,0.350198,39
0.300000,22,4.073122,0.061627,17
0.080000,32,2.169070,0.143440,22
0.010000,60,0.598776,0.615163,58
0.160000,20,6.313479,0.031165,20
0.020000,56,0.768662,0.516925,51
0.200000,23,5.076363,0.086419,19
0.120000,20,3.887675,0.038769,16
0.040000,40,0.961939,0.250294,30
0.300000,16,7.383742,0.020104,16
0.080000,29,1.497916,0.091248,18
0.010000,60,0.229920,0.623502,59
0.160000,16,7.431829,0.016822,16
0.020000,42,1.954309,0.380855,42
0.200000,17,4.981514,0.029217,16
0.120000,20,4.539229,0.057575,18
0.040000,36,3.111693,0.216465,28
0.300000,17,8.463945,0.033197,16
0.080000,26,2.688866,0.094258,19
0.010000,54,0.613572,0.528306,54
0.160000,23,4.293565,0.068161,18
0.020000,43,0.997405,0.367646,41
0.200000,17,6.763075,0.031729,17
0.120000,20,3.300214,0.048019,17
0.040000,35,0.561329,0.152255,22
0.300000,17,6.960866,0.029649,16
0.080000,26,2.792157,0.088476,19
0.010000,48,0.780872,0.372468,39
0.160000,18,6.982922,0.035564,18
0.020000,40,0.201980,0.289497,35
0.200000,20,5.654515,0.065504,19
0.120000,23,4.786465,0.090408,20
0.040000,33,2.192963,0.174182,25
0.300000,16,6.853504,0.016446,16
0.080000,23,3.011935,0.066584,18
0.010000,44,2.100399,0.311575,35
0.160000,20,5.972452,0.040464,16
0.020000,40,1.357062,0.292214,34
0.200000,18,6.839745,0.032991,16
0.120000,25,1.407388,0.096578,20
0.040000,38,2.309292,0.221266,28
0.300000,16,6.127811,0.017033,16
0.080000,22,3.960962,0.075380,19
0.010000,59,0.664872,0.599752,58
0.160000,20,10.158585,0.040097,16
0.020000,40,0.939030,0.257489,31
0.200000,20,6.068278,0.093825,15
0.120000,28,3.617414,0.176094,27
0.040000,51,0.973981,0.473254,51
0.300000,16,5.877704,0.164213,16
0.080000,27,2.442249,0.109807,21
0.010000,41,1.805816,0.313104,37
0.160000,20,8.316850,0.052065,17
0.020000,33,0.974948,0.162235,24
0.200000,19,6.075527,0.036140,16
0.120000,26,2.263655,0.106492,21
0.040000,34,2.386905,0.194379,27
0.300000,15,7.191209,0.004420,15
0.080000,28,2.991152,0.142763,24
0.010000,74,0.069041,0.820727,74
0.160000,18,8.869653,0.023708,15
0.020000,35,1.977063,0.204395,27
0.200000,18,6.783093,0.045445,18
0.120000,20,4.787104,0.040454,16
0.040000,54,0.980785,0.452167,44
0.300000,16,7.432803,0.016227,16
0.080000,29,3.044262,0.108501,20
0.010000,54,0.174091,0.561081,53
0.160000,21,4.450412,0.071384,19
0.020000,53,0.783641,0.511665,52
0.200000,23,3.521906,0.070683,18
0.120000,29,3.435572,0.107661,19
0.040000,38,1.333227,0.231848,29
0.300000,19,4.992123,0.044301,17
0.080000,31,3.598768,0.142935,23
0.010000,59,1.383549,0.056937,53
0.160000,19,7.318330,0.044766,17
0.020000,54,0.674129,0.528385,53
0.200000,22,9.191552,0.047979,16
0.120000,27,7.352526,0.111889,20
0.040000,29,2.422220,0.129153,22
0.300000,17,5.303614,0.023776,17
0.080000,67,0.789478,0.707963,66
0.010000,40,1.080054,0.333186,40
0.160000,18,5.929830,0.041714,17
0.020000,50,0.374009,0.467996,48
0.200000,17,7.899341,0.028644,16
0.120000,22,3.640049,0.072550,19
0.040000,52,1.841440,0.506066,52
0.300000,20,6.731450,0.057452,18
0.080000,27,2.255478,0.075449,17
0.010000,46,1.963457,0.405774,42
0.160000,23,2.162317,0.074394,18
0.020000,40,1.752905,0.255440,30
0.200000,15,8.271970,0.004523,15
0.120000,21,3.825428,0.083974,20
0.040000,49,2.228048,0.434064,43
0.300000,17,11.424651,0.023439,16
0.080000,34,3.238723,0.224135,31
0.010000,54,0.134632,0.538728,54
0.160000,31,3.913215,0.186195,28
0.020000,58,0.359852,0.002375,58
0.200000,19,5.460761,0.055961,18
0.120000,21,5.104569,0.077126,19
0.040000,37,2.141848,0.202067,26
0.300000,17,8.571034,0.029249,16
0.080000,26,3.178679,0.131184,23
0.010000,77,0.502816,0.832411,71
0.160000,22,2.325662,0.064440,18
0.020000,39,1.471329,0.304820,36
0.200000,21,5.693081,0.060781,18
0.120000,25,4.088936,0.140182,24
0.040000,28,5.257975,0.156656,28
0.300000,15,7.549031,0.004686,15
0.080000,29,3.674083,0.133922,23
0.010000,39,1.463694,0.276440,33
0.160000,22,3.024664,0.066568,18
0.020000,32,0.765998,0.192210,27
0.200000,20,5.239653,0.061106,18
0.120000,31,2.471317,0.189113,28
0.040000,62,1.096424,0.506739,59
0.300000,15,6.289516,0.004618,15
0.080000,29,3.305445,0.180643,28
0.010000,35,4.829637,0.222000,30
0.160000,24,4.767540,0.113362,24
0.020000,43,0.463518,0.332098,38
0.200000,17,7.442960,0.019929,15
0.120000,21,3.314378,0.068613,19
0.040000,34,1.480538,0.149974,22
0.300000,18,6.705762,0.036640,18
0.080000,28,3.950430,0.164712,28
0.010000,57,0.780323,0.304273,57
0.160000,19,5.548154,0.036643,16
0.020000,53,1.519236,0.405189,40
0.200000,20,4.657803,0.056613,18
0.120000,28,3.556346,0.129168,22
0.040000,37,2.112537,0.024170,34
0.300000,19,5.924803,0.036305,16
0.080000,30,3.967057,0.172719,26
0.010000,39,0.968357,0.265197,32
0.160000,24,3.250696,0.083354,19
0.020000,65,2.026984,0.660433,63
0.200000,18,4.469125,0.028378,15
0.120000,20,4.272285,0.068161,20
0.040000,38,1.296645,0.313106,37
0.300000,19,5.074731,0.029437,16
0.080000,35,2.816064,0.208204,27
0.010000,73,0.173937,0.807412,73
0.160000,18,6.096497,0.041276,18
0.020000,47,0.697625,0.369534,39
0.200000,22,5.309569,0.045827,16
0.120000,27,3.057743,0.125915,23
0.040000,37,0.993746,0.232772,29
0.300000,17,5.577066,0.028420,17
0.080000,32,2.304726,0.170416,26
0.010000,40,1.253077,0.335982,39
0.160000,19,3.470627,0.052521,18
0.020000,45,1.013035,0.350455,38
0.200000,19,5.235222,0.035960,16
0.120000,23,3.542228,0.077109,19
0.040000,27,2.154458,0.107229,21
0.300000,17,6.710536,0.029011,17
0.080000,25,2.126222,0.075168,18
0.010000,48,1.187206,0.422440,45
0.160000,46,2.569796,0.376437,41
0.020000,42,1.007267,0.345423,42
0.200000,17,6.210033,0.028341,17
0.120000,22,2.779761,0.091992,22
0.040000,46,1.603706,0.372394,39
0.300000,16,7.044010,0.017661,15
0.080000,29,4.069870,0.168199,27
0.010000,43,0.934567,0.358593,40
0.160000,23,6.155827,0.077329,19
0.020000,47,0.873261,0.362612,38
0.200000,27,2.007894,0.116997,22
0.120000,21,8.011308,0.045466,16
0.040000,43,1.599387,0.311052,36
0.300000,23,5.936803,0.041093,15
0.080000,27,1.902157,0.114443,21
0.010000,47,1.343273,0.424275,45
0.160000,23,2.063958,0.067778,18
0.020000,28,0.869353,0.106526,20
0.200000,19,5.701944,0.044467,17
0.120000,30,2.975873,0.145202,23
0.040000,27,3.392058,0.015739,26
0.300000,16,4.089012,0.017032,15
0.080000,33,1.732349,0.242564,32
0.010000,59,0.270151,0.605399,58
0.160000,21,4.088083,0.083122,21
0.020000,32,2.378868,0.186115,27
0.200000,25,3.466089,0.117539,21
0.120000,22,2.507435,0.046779,16
0.040000,45,1.614346,0.361577,39
0.300000,16,9.066787,0.017088,15
0.080000,33,1.789759,0.128054,21
0.010000,98,0.126773,1.182253,96
0.160000,21,5.777432,0.078293,20
0.020000,34,3.173565,0.226874,30
0.200000,19,5.593096,0.044593,17
0.120000,24,3.962053,0.111932,21
0.040000,39,0.982658,0.256191,31
0.300000,24,5.075781,0.068622,18
0.080000,31,1.655319,0.118680,20
0.010000,55,3.123722,0.082707,54
0.160000,26,5.241786,0.119485,22
0.020000,29,1.703456,0.165633,26
0.200000,19,4.252576,0.053778,18
0.120000,23,3.355528,0.059896,17
0.040000,37,0.463592,0.266059,31
0.300000,21,7.110049,0.035636,15
0.080000,37,2.443332,0.267382,33
0.010000,49,0.737496,0.430485,45
0.160000,18,6.842489,0.032780,16
0.020000,45,2.060359,0.362197,39
0.200000,18,7.539902,0.041895,17
0.120000,23,7.628717,0.060481,17
0.040000,34,1.693214,0.190317,27
0.300000,15,6.565217,0.004204,15
0.080000,29,1.742014,0.147407,24
0.010000,40,1.811091,0.213760,26
0.160000,21,7.558819,0.074138,19
0.020000,62,1.114110,0.591381,55
0.200000,19,4.870074,0.056585,18
0.120000,25,4.110429,0.083757,19
0.040000,40,2.626603,0.286101,33
0.300000,15,5.585733,0.005204,15
0.080000,22,3.177399,0.095639,21
0.010000,40,0.484417,0.292329,35
0.160000,24,5.288839,0.071374,18
0.020000,43,1.101793,0.376536,42
0.200000,23,7.992270,0.084336,19
0.120000,33,2.236149,0.187185,27
0.040000,43,1.227039,0.330877,38
0.300000,18,6.782153,0.035630,16
0.080000,30,2.259911,0.184778,26
0.010000,56,1.432834,0.558477,55
0.160000,18,6.031826,0.032824,16
0.020000,48,0.481487,0.432945,45
0.200000,19,6.067994,0.060366,18
0.120000,25,3.361516,0.100170,21
0.040000,47,1.663291,0.344943,38
0.300000,16,5.115429,0.020129,16
0.080000,20,3.489986,0.057076,18
0.010000,57,0.449000,0.593759,55
0.160000,29,3.139597,0.157875,25
0.020000,41,1.162823,0.091497,39
0.200000,23,3.196183,0.099620,21
0.120000,28,4.083999,0.144336,24
0.040000,58,1.002354,0.552026,53
0.300000,17,3.548605,0.029339,16
0.080000,33,6.440054,0.209702,29
0.010000,105,0.385084,1.331940,105
0.160000,29,3.457396,0.101624,19
0.020000,56,0.504913,0.520841,51
0.200000,15,10.773212,0.004864,15
0.120000,21,2.415704,0.060641,18
0.040000,36,1.750926,0.229867,29
0.300000,16,6.235055,0.016752,16
0.080000,20,4.181571,0.048104,17
0.010000,45,1.693884,0.285870,38
0.160000,17,6.513134,0.020444,15
0.020000,33,1.565647,0.217681,29
0.200000,20,5.044696,0.041832,16
0.120000,23,6.297017,0.043474,15
0.040000,45,1.152235,0.392663,44
0.300000,18,4.910013,0.032418,16
0.080000,25,2.132688,0.095804,20
0.010000,54,0.515545,0.563108,54
0.160000,21,4.605530,0.059500,18
0.020000,35,0.647132,0.190332,26
0.200000,18,7.806857,0.032790,16
0.120000,23,5.090603,0.081229,19
0.040000,50,1.510661,0.441666,48
0.300000,17,6.559915,0.021266,15
0.080000,29,2.178653,0.154632,25
0.010000,36,2.541539,0.235288,31
0.160000,22,6.009916,0.079677,19
0.020000,35,0.928355,0.246633,32
0.200000,18,6.198889,0.033945,16
0.120000,51,1.383369,0.463812,48
0.040000,34,2.329274,0.179830,25
0.300000,17,4.572736,0.029157,16
0.080000,26,1.988908,0.129894,23
0.010000,47,1.195855,0.429680,47
0.160000,25,3.649291,0.127047,23
0.020000,33,2.180035,0.154434,23
0.200000,20,5.567673,0.030986,15
0.120000,22,3.384348,0.065064,18
0.040000,33,2.677494,0.218544,30
0.300000,15,5.813508,0.004691,15
0.080000,30,3.200990,0.155459,25
0.010000,28,2.136553,0.169020,28
0.160000,24,3.653272,0.073422,18
0.020000,32,1.291516,0.190971,27
0.200000,19,7.697034,0.045152,17
0.120000,23,3.830821,0.062783,17
0.040000,39,0.369660,0.304868,34
0.300000,15,4.598625,0.004924,15
0.080000,24,7.080470,0.083672,19
0.010000,20,5.592636,0.012352,20
0.160000,17,9.674534,0.029549,16
0.020000,52,0.250053,0.499079,49
0.200000,18,7.773630,0.046234,18
0.120000,27,2.631250,0.100977,20
0.040000,50,0.762449,0.443723,46
0.300000,15,7.448804,0.004470,15
0.080000,24,2.711568,0.073546,18
0.010000,29,4.885305,0.037831,27
0.160000,24,8.669404,0.070026,17
0.020000,45,1.617069,0.394993,45
0.200000,19,7.421697,0.052639,19
0.120000,20,7.313156,0.048920,17
0.040000,46,1.103161,0.325634,33
0.300000,17,7.201822,0.029776,16
0.080000,26,1.967405,0.123479,23
0.010000,54,0.899729,0.497731,48
0.160000,20,5.989807,0.052062,17
0.020000,58,0.350824,0.510249,58
0.200000,24,4.192745,0.053992,16
0.120000,30,0.670834,0.182771,28
0.040000,39,0.608741,0.254381,30
0.300000,16,6.975076,0.017311,16
0.080000,35,1.170575,0.200471,27
0.010000,41,1.044614,0.324963,39
0.160000,19,5.496665,0.044307,17
0.020000,42,1.601983,0.360544,41
0.200000,17,7.311999,0.030691,16
0.120000,23,2.149400,0.108091,21
0.040000,48,1.790209,0.482559,46
0.300000,16,6.089752,0.011196,16
0.080000,25,5.694747,0.124521,23
0.010000,48,0.116300,0.430978,44
0.160000,20,9.204775,0.049030,17
0.020000,33,0.488814,0.145814,22
0.200000,20,7.657719,0.043051,16
0.120000,20,5.297559,0.056640,18
0.040000,34,1.362231,0.044256,33
0.300000,16,7.208811,0.017348,15
0.080000,26,3.680238,0.110450,21
0.010000,34,1.327628,0.044564,32
0.160000,24,5.479290,0.061311,17
0.020000,38,0.612899,0.294022,36
0.200000,24,4.361248,0.090979,20
0.120000,27,1.637512,0.114875,21
0.040000,31,3.509993,0.153917,24
0.300000,16,4.294955,0.016497,16
0.080000,21,4.667579,0.050725,17
0.010000,56,1.659151,0.583910,55
0.160000,19,6.526442,0.045125,17
0.020000,41,3.016928,0.326554,39
0.200000,20,4.404188,0.039578,16
0.120000,27,3.270766,0.085472,18
0.040000,35,2.131100,0.259458,33
0.300000,17,6.006495,0.020500,15
0.080000,24,6.313774,0.098919,21
0.010000,36,0.805568,0.276126,34
0.160000,19,3.326173,0.036439,16
0.020000,94,0.099940,1.148635,94
0.200000,17,5.503563,0.023473,17
0.120000,28,1.469996,0.097507,19
0.040000,32,1.839819,0.169704,25
0.300000,18,3.570099,0.032810,16
0.080000,34,2.099613,0.154704,23
0.010000,48,0.417078,0.381238,40
0.160000,17,7.534780,0.029195,16
0.020000,49,0.460109,0.441643,47
0.200000,20,5.705209,0.059140,20
0.120000,26,3.108727,0.090668,19
0.040000,41,1.954866,0.327689,38
0.300000,16,6.426154,0.016818,16
0.080000,44,2.451364,0.090425,40
0.010000,35,1.682432,0.246623,31
0.160000,23,4.692971,0.078101,19
0.020000,37,1.948394,0.259471,32
0.200000,19,4.186274,0.038886,16
0.120000,22,5.189736,0.076415,19
0.040000,37,2.680265,0.223222,29
0.300000,17,10.153087,0.021648,15
0.080000,36,0.943201,0.254422,33
0.010000,60,0.984011,0.643043,58
0.160000,21,5.429261,0.042232,20
0.020000,36,0.766857,0.165171,23
0.200000,21,4.390701,0.057006,17
0.120000,24,5.643445,0.089308,20
0.040000,34,2.713588,0.176021,25
0.300000,16,7.214661,0.020671,16
0.080000,41,2.271183,0.320144,37
0.010000,27,2.935302,0.109280,21
0.160000,24,5.241463,0.117203,22
0.020000,54,0.938345,0.504667,50
0.200000,18,5.726380,0.041824,17
0.120000,28,3.991149,0.142021,24
0.040000,43,2.988385,0.360374,40
0.300000,19,8.167778,0.047923,17
0.080000,29,1.312496,0.121279,21
0.010000,54,0.834545,0.512668,49
0.160000,18,5.859953,0.041821,17
0.020000,43,0.408018,0.276401,31
0.200000,22,4.032994,0.058471,17
0.120000,17,2.796309,0.020519,15
0.040000,45,1.222686,0.289090,32
0.300000,16,4.314830,0.016498,16
0.080000,25,4.676017,0.067937,17
0.010000,33,2.282429,0.195056,28
0.160000,20,5.343346,0.051599,17
0.020000,31,0.971739,0.168301,25
0.200000,20,6.132624,0.047579,17
0.120000,27,3.298442,0.146073,24
0.040000,33,2.408900,0.184190,26
0.300000,16,8.088500,0.016942,16
0.080000,33,2.515756,0.166400,25
0.010000,29,2.155593,0.143958,23
0.160000,17,7.911647,0.021179,15
0.020000,30,1.904708,0.159264,24
0.200000,22,3.921479,0.055158,17
0.120000,23,3.778700,0.079266,19
0.040000,48,0.944639,0.399543,41
0.300000,15,5.956528,0.004755,15
0.080000,28,4.798934,0.105627,20
0.010000,68,0.878268,0.727465,64
0.160000,18,10.882991,0.018014,18
0.020000,76,0.256628,0.830028,76
0.200000,18,3.515271,0.037610,17
0.120000,21,4.496240,0.080378,20
0.040000,39,2.872557,0.227018,28
0.300000,18,6.863947,0.041586,17
0.080000,43,1.337741,0.349167,40
0.010000,64,0.765390,0.684535,61
0.160000,20,6.446569,0.038958,16
0.020000,41,3.057250,0.336611,40
0.200000,24,3.488365,0.109466,22
0.120000,22,3.400761,0.090386,21
0.040000,27,4.231526,0.113063,27
0.300000,16,8.626598,0.017367,16
0.080000,34,1.107492,0.197544,27
0.010000,51,0.396628,0.473408,49
0.160000,18,6.074944,0.023948,15
0.020000,27,1.665035,0.121079,22
0.200000,21,2.634920,0.044068,16
0.120000,24,4.110666,0.082832,19
0.040000,35,3.415928,0.233318,31
0.300000,16,5.646134,0.016754,15
0.080000,30,2.315463,0.122973,21
0.010000,32,1.012730,0.232996,32
0.160000,20,5.424583,0.032392,15
0.020000,31,2.816245,0.175743,26
0.200000,17,6.673612,0.029791,16
0.120000,25,3.799999,0.068658,17
0.040000,32,1.263389,0.183932,27
0.300000,16,8.025507,0.020485,16
0.080000,35,1.759363,0.228026,30
0.010000,26,2.429656,0.122990,22
0.160000,19,8.056098,0.048967,17
0.020000,48,1.189894,0.410820,44
0.200000,19,4.476528,0.036257,16
0.120000,29,3.684668,0.133836,23
0.040000,63,1.208557,0.655677,63
0.300000,15,5.200614,0.004406,15
0.080000,30,2.458374,0.163047,25
0.010000,42,0.975056,0.317085,35
0.160000,22,3.971372,0.075988,19
0.020000,65,0.593738,0.695362,63
0.200000,16,6.047434,0.017686,15
0.120000,29,2.831716,0.114465,20
0.040000,31,1.141429,0.158711,24
0.300000,17,5.758653,0.023052,17
0.080000,32,1.650222,0.141058,22
0.010000,46,0.406536,0.355867,38
0.160000,21,3.416282,0.051295,17
0.020000,27,4.079404,0.152461,26
0.200000,19,4.603709,0.047872,17
0.120000,21,3.965824,0.087584,21
0.040000,43,1.200077,0.341022,38
0.300000,16,6.245275,0.016777,16
0.080000,30,2.425557,0.158208,24
0.010000,96,0.000000,1.143570,96
0.160000,25,3.652269,0.124183,23
0.020000,57,1.221258,0.545542,54
0.200000,22,4.165503,0.058659,17
0.120000,27,3.238679,0.119228,22
0.040000,32,2.641830,0.222727,30
0.300000,18,5.330959,0.044519,18
0.080000,41,2.567044,0.276489,33
0.010000,45,0.581410,0.349174,37
0.160000,20,4.569141,0.041025,16
0.020000,42,0.381298,0.300555,34
0.200000,19,6.575719,0.045475,17
0.120000,34,2.495683,0.245727,34
0.040000,45,0.826272,0.335654,37
0.300000,17,6.430710,0.023379,16
0.080000,40,1.242256,0.346601,39
0.010000,55,0.773417,0.509839,51
0.160000,21,5.534340,0.070919,19
0.020000,38,1.524156,0.227969,29
0.200000,18,5.753183,0.023479,15
0.120000,19,2.720706,0.045622,17
0.040000,29,4.648053,0.134784,23
0.300000,17,6.282971,0.029569,17
0.080000,42,2.297717,0.350385,40
0.010000,66,1.254712,0.698848,66
0.160000,22,5.533278,0.074639,19
0.020000,38,0.348460,0.252707,30
0.200000,17,7.753954,0.020512,15
0.120000,18,4.980490,0.041231,17
0.040000,58,2.714022,0.569956,54
0.300000,17,5.960895,0.022804,17
0.080000,37,2.254869,0.259175,32
0.010000,48,0.636855,0.404954,42
0.160000,24,4.027165,0.107445,24
0.020000,48,0.811768,0.385579,45
0.200000,20,6.876386,0.048238,17
0.120000,34,1.770193,0.216408,30
0.040000,41,1.190307,0.326777,37
0.300000,17,6.463845,0.028223,17
0.080000,28,1.984430,0.114628,20
0.010000,32,2.226895,0.199199,28
0.160000,17,4.519250,0.029395,16
0.020000,37,2.323271,0.250054,32
0.200000,16,6.100648,0.021424,16
0.120000,36,2.902106,0.224051,29
0.040000,39,1.993342,0.203915,26
0.300000,17,7.033297,0.032998,17
0.080000,30,1.885076,0.175756,27
0.010000,94,0.004211,1.118733,94
0.160000,27,4.074724,0.123388,22
0.020000,35,0.800116,0.183497,25
0.200000,21,5.071896,0.080282,20
0.120000,30,2.574605,0.110761,20
0.040000,33,1.011407,0.174649,25
0.300000,17,5.973868,0.023377,17
0.080000,29,3.197736,0.140591,23
0.010000,54,0.307389,0.556277,53
0.160000,25,4.305917,0.080032,18
0.020000,33,0.797908,0.201767,28
0.200000,19,5.122775,0.044767,17
0.120000,24,4.383227,0.091656,20
0.040000,33,0.771551,0.148856,22
0.300000,18,6.929029,0.033402,16
0.080000,39,2.569506,0.265346,32
0.010000,45,1.099798,0.345394,38
0.160000,22,2.760561,0.047702,16
0.020000,43,0.437199,0.292955,33
0.200000,18,7.516597,0.045193,18
0.120000,20,4.090577,0.048601,17
0.040000,38,1.401140,0.276979,34
0.300000,20,4.311050,0.030835,15
0.080000,36,2.129972,0.212418,28
0.010000,56,0.932072,0.487984,46
0.160000,23,3.835617,0.080772,19
0.020000,26,3.600435,0.125046,23
0.200000,19,5.695910,0.036291,16
0.120000,20,6.381982,0.056253,18
0.040000,32,3.407656,0.195695,28
0.300000,20,3.710816,0.038118,16
0.080000,71,0.572531,0.776756,68
0.010000,40,0.937194,0.224788,27
0.160000,21,4.112314,0.060344,18
0.020000,64,0.308178,0.642120,64
0.200000,19,5.482567,0.035842,16
0.120000,29,2.617998,0.134213,23
0.040000,35,1.436797,0.262096,33
0.300000,15,7.437430,0.005049,15
0.080000,28,2.802031,0.161848,26
0.010000,36,3.954609,0.255160,32
0.160000,21,2.982299,0.052045,17
0.020000,30,2.732649,0.174896,26
0.200000,18,4.640792,0.045373,17
0.120000,24,2.894717,0.101324,21
0.040000,31,4.721279,0.131013,21
0.300000,16,3.502653,0.023629,16
0.080000,34,2.456131,0.193023,27
0.010000,41,1.017127,0.292392,35
0.160000,21,5.101774,0.062431,19
0.020000,66,0.629902,0.712533,64
0.200000,18,6.930335,0.032784,16
0.120000,22,4.297872,0.072610,19
0.040000,35,1.069077,0.208154,28
0.300000,19,6.163830,0.053736,18
0.080000,33,1.151844,0.143561,22
0.010000,123,0.000000,1.606233,123
0.160000,31,4.068471,0.183103,28
0.020000,59,0.412549,0.631420,57
0.200000,21,4.505057,0.068873,19
0.120000,24,4.809775,0.083049,19
0.040000,33,2.255602,0.173701,25
0.300000,16,3.461287,0.016717,16
0.080000,35,1.259663,0.202110,28
0.010000,41,2.083939,0.330845,41
0.160000,19,3.734687,0.036434,16
0.020000,26,3.700716,0.110646,21
0.200000,19,4.459678,0.035732,16
0.120000,22,4.840752,0.095907,21
0.040000,34,2.249069,0.169507,28
0.300000,18,5.388577,0.032402,16
0.080000,31,0.796522,0.165453,24
0.010000,29,3.643864,0.175839,29
0.160000,19,3.443880,0.046519,17
0.020000,41,0.377399,0.209489,25
0.200000,18,4.016945,0.032691,16
0.120000,26,2.441671,0.115866,22
0.040000,35,0.877929,0.248275,32
0.300000,24,4.134810,0.097586,21
0.080000,27,3.347977,0.120252,22
0.010000,47,0.985210,0.430287,46
0.160000,20,5.810104,0.057455,18
0.020000,39,1.988132,0.222752,28
0.200000,18,4.228015,0.034156,16
0.120000,32,1.592219,0.176489,26
0.040000,82,0.625544,0.942411,82
0.300000,17,8.082631,0.029606,16
0.080000,23,4.025850,0.069506,18
0.010000,37,1.183639,0.223014,29
0.160000,27,3.998605,0.109587,21
0.020000,42,1.141839,0.292596,33
0.200000,21,6.953481,0.075270,19
0.120000,22,5.014460,0.056648,17
0.040000,35,2.378098,0.269756,34
0.300000,17,8.336836,0.020619,15
0.080000,28,2.829090,0.126559,22
0.010000,34,2.516151,0.221205,29
0.160000,20,2.854236,0.051448,17
0.020000,44,1.751734,0.292837,33
0.200000,23,5.182875,0.071716,18
0.120000,29,2.621822,0.126354,21
0.040000,39,2.430896,0.273014,33
0.300000,18,4.935268,0.035685,18
0.080000,34,1.448376,0.201401,27
0.010000,43,0.538593,0.339904,39
0.160000,25,3.816222,0.131983,25
0.020000,43,0.315476,0.343038,39
0.200000,20,4.904468,0.039428,16
0.120000,20,6.616695,0.060354,20
0.040000,32,0.892219,0.117673,19
0.300000,16,5.909010,0.016593,16
0.080000,27,3.409274,0.110469,21
0.010000,44,1.603475,0.298460,34
0.160000,20,6.101259,0.065871,19
0.020000,36,0.321392,0.192512,28
0.200000,18,4.418841,0.042050,17
0.120000,26,4.482552,0.079311,18
0.040000,40,0.826395,0.285822,34
0.300000,18,10.885021,0.042000,17
0.080000,26,4.409442,0.088494,19
0.010000,52,0.436822,0.455970,44
0.160000,25,5.777628,0.100543,21
0.020000,37,1.805997,0.263499,34
0.200000,21,3.844984,0.045939,20
0.120000,19,7.460386,0.048719,17
0.040000,27,2.500361,0.157584,26
0.300000,23,5.671132,0.061863,17
0.080000,27,2.477845,0.110378,21
0.010000,48,1.341191,0.420771,42
0.160000,20,3.209834,0.048348,17
0.020000,51,0.419530,0.395272,40
0.200000,19,4.698319,0.035875,16
0.120000,30,2.742145,0.145840,23
0.040000,35,2.760160,0.161415,23
0.300000,15,5.865080,0.004651,15
0.080000,27,2.998547,0.104016,20
0.010000,53,2.829894,0.497210,51
0.160000,20,4.416794,0.066214,19
0.020000,53,0.174340,0.047982,49
0.200000,19,6.022874,0.044705,17
0.120000,18,6.030920,0.036032,16
0.040000,32,2.127119,0.186022,26
0.300000,18,7.375912,0.033539,16
0.080000,30,2.136924,0.092268,18
0.010000,42,1.636952,0.311026,37
0.160000,22,3.691979,0.076714,19
0.020000,65,1.295286,0.691974,61
0.200000,17,6.869380,0.033319,16
0.120000,28,2.206064,0.133028,23
0.040000,30,4.345188,0.127263,21
0.300000,19,5.874673,0.046501,17
0.080000,38,0.719353,0.273965,34
0.010000,56,0.563778,0.586713,56
0.160000,26,2.959303,0.071437,17
0.020000,40,1.280161,0.248136,30
0.200000,17,5.045234,0.030196,16
0.120000,20,4.804395,0.059244,18
0.040000,38,1.151679,0.231785,29
0.300000,16,7.693015,0.017517,15
0.080000,33,2.751773,0.212867,29
0.010000,36,0.986869,0.132963,33
0.160000,16,5.330240,0.017225,15
0.020000,47,0.283058,0.387641,41
0.200000,18,5.115962,0.035201,18
0.120000,20,3.289900,0.040634,16
0.040000,37,2.246524,0.236100,29
0.300000,15,6.470731,0.005061,15
0.080000,27,1.838075,0.108089,21
0.010000,51,0.499532,0.526782,51
0.160000,18,5.829577,0.040338,18
0.020000,60,0.383314,0.607832,60
0.200000,19,5.867695,0.054175,18
0.120000,26,3.840228,0.115731,22
0.040000,31,2.989201,0.119328,20
0.300000,17,11.502258,0.028923,16
0.080000,27,2.485480,0.109158,21
0.010000,39,1.828623,0.268026,33
0.160000,23,4.912140,0.089314,20
0.020000,34,0.436894,0.198249,27
0.200000,23,5.276155,0.042885,15
0.120000,22,4.717362,0.084396,20
0.040000,37,0.538601,0.149920,21
0.300000,17,7.442127,0.020482,15
0.080000,32,2.986680,0.140403,22
0.010000,43,1.407248,0.378446,42
0.160000,16,7.290672,0.017119,16
0.020000,41,0.723376,0.290757,34
0.200000,22,3.289969,0.073509,19
0.120000,22,3.399581,0.065272,18
0.040000,33,1.345367,0.179725,25
0.300000,16,10.013856,0.021731,15
0.080000,33,2.419872,0.193499,28
0.010000,28,2.748299,0.147979,25
0.160000,18,6.729140,0.032409,16
0.020000,35,2.113369,0.229820,29
0.200000,27,4.470595,0.129250,23
0.120000,21,4.299861,0.043834,16
0.040000,33,2.107852,0.170664,24
0.300000,17,6.191047,0.023130,16
0.080000,29,2.428864,0.152394,24
0.010000,43,0.953494,0.337071,38
0.160000,22,3.178993,0.056060,17
0.020000,44,0.298335,0.393675,43
0.200000,17,9.257143,0.028598,17
0.120000,21,7.859659,0.055109,17
0.040000,56,1.063595,0.522408,51
0.300000,16,7.244515,0.017161,15
0.080000,27,2.387025,0.111641,21
0.010000,37,1.510017,0.236278,29
0.160000,27,3.360929,0.120315,22
0.020000,31,1.077223,0.126603,21
0.200000,20,8.058247,0.030462,15
0.120000,26,2.663010,0.090584,19
0.040000,34,1.009345,0.182461,26
0.300000,15,9.920052,0.004620,15
0.080000,32,2.431093,0.125856,20
0.010000,63,0.568663,0.679519,62
0.160000,20,4.891626,0.060122,20
0.020000,29,2.248666,0.183929,28
0.200000,17,7.314679,0.020687,15
0.120000,24,4.718390,0.102966,21
0.040000,39,1.827523,0.290189,35
0.300000,17,4.660790,0.029805,16
0.080000,33,0.937188,0.185898,26
0.010000,54,0.331632,0.524680,52
0.160000,22,4.744488,0.081747,20
0.020000,35,1.088940,0.244023,32
0.200000,17,7.480335,0.031836,17
0.120000,29,3.105406,0.126948,22
0.040000,30,0.792872,0.167702,25
0.300000,15,8.325808,0.005395,15
0.080000,30,2.512349,0.148600,24
0.010000,39,0.954362,0.261341,30
0.160000,23,7.883042,0.093078,20
0.020000,39,2.094327,0.321405,37
0.200000,18,5.359814,0.033983,16
0.120000,22,5.306314,0.072927,18
0.040000,44,1.566698,0.333808,38
0.300000,15,4.028082,0.004676,15
0.080000,33,3.977773,0.182438,26
0.010000,45,0.383185,0.390147,45
0.160000,19,4.313380,0.036392,16
0.020000,55,1.137484,0.500792,49
0.200000,17,6.929900,0.020665,15
0.120000,27,2.832130,0.118067,22
0.040000,30,2.263237,0.156971,25
0.300000,16,5.875574,0.017230,15
0.080000,39,3.101130,0.238378,30
0.010000,35,1.563509,0.255710,34
0.160000,17,4.056144,0.028309,17
0.020000,36,1.277866,0.205062,27
0.200000,19,4.080159,0.044855,17
0.120000,30,3.063151,0.111857,19
0.040000,31,2.991923,0.142762,23
0.300000,20,6.195984,0.051166,17
0.080000,31,1.179672,0.177893,26
0.010000,41,1.624599,0.321861,37
0.160000,24,1.809775,0.056515,16
0.020000,77,0.400088,0.878617,75
0.200000,19,7.863556,0.045297,17
0.120000,28,2.918295,0.131200,23
0.040000,33,1.096013,0.099062,21
0.300000,18,6.087011,0.032713,16
0.080000,22,3.990496,0.056478,17
0.010000,32,2.034036,0.185491,27
0.160000,28,4.837373,0.133247,23
0.020000,35,1.133508,0.253103,32
0.200000,26,3.090952,0.071759,17
0.120000,20,5.239475,0.044359,17
0.040000,63,0.973493,0.658664,61
0.300000,16,10.685113,0.017427,16
0.080000,22,2.227593,0.080556,20
0.010000,45,1.643785,0.328652,36
0.160000,17,4.494074,0.029152,16
0.020000,62,0.794821,0.658079,62
0.200000,19,6.855377,0.039513,16
0.120000,22,7.735623,0.072731,18
0.040000,43,0.273256,0.384618,42
0.300000,16,6.614579,0.017037,16
0.080000,26,2.853943,0.094851,19
0.010000,44,1.262891,0.317571,35
0.160000,17,8.664190,0.032857,16
0.020000,37,0.966467,0.181383,24
0.200000,18,5.101215,0.033024,16
0.120000,24,2.252859,0.115006,22
0.040000,31,4.367419,0.131096,21
0.300000,16,7.729906,0.016658,16
0.080000,48,0.816582,0.382745,41
0.010000,46,0.907962,0.423234,43
0.160000,18,6.388528,0.032454,16
0.020000,45,0.447744,0.367126,40
0.200000,20,4.161939,0.061979,18
0.120000,25,5.126444,0.091462,20
0.040000,45,1.968453,0.087344,42
0.300000,15,10.375934,0.004701,15
0.080000,26,1.055077,0.106801,21
0.010000,52,2.668854,0.306969,51
0.160000,26,4.535665,0.128336,24
0.020000,34,1.006999,0.155777,23
0.200000,18,7.583404,0.043903,18
0.120000,20,3.797700,0.066233,19
0.040000,47,2.106800,0.425011,47
0.300000,18,4.631299,0.033065,16
0.080000,28,5.365499,0.109492,19
0.010000,30,2.188835,0.149986,24
0.160000,22,3.305339,0.086923,20
0.020000,48,1.420685,0.354536,36
0.200000,20,4.585684,0.048587,17
0.120000,19,3.895345,0.037114,16
0.040000,24,4.654440,0.090368,20
0.300000,15,10.381897,0.004895,15
0.080000,36,1.252958,0.149575,21
0.010000,50,0.724943,0.410057,42
0.160000,29,4.703699,0.147050,24
0.020000,51,0.329396,0.385086,39
0.200000,19,6.765858,0.045054,17
0.120000,18,6.404672,0.032924,16
0.040000,36,1.551866,0.214503,28
0.300000,17,7.697232,0.029022,16
0.080000,24,3.228718,0.094051,20
0.010000,84,1.070073,0.945916,84
0.160000,26,3.713930,0.110279,21
0.020000,47,0.787179,0.438185,44
0.200000,21,8.079331,0.043002,16
0.120000,21,4.012459,0.053110,17
0.040000,32,3.505626,0.208633,27
0.300000,16,7.808737,0.017485,16
0.080000,39,2.358019,0.272549,33
0.010000,38,2.594346,0.258959,32
0.160000,22,3.190981,0.073650,19
0.020000,62,0.435540,0.649321,61
0.200000,18,6.930641,0.033257,16
0.120000,29,2.592931,0.130011,22
0.040000,28,2.007935,0.162573,25
0.300000,17,7.139136,0.020479,15
0.080000,24,3.099252,0.089951,20
0.010000,46,0.460397,0.435050,45
0.160000,21,3.880423,0.052927,20
0.020000,37,1.024928,0.232318,30
0.200000,17,5.576177,0.029237,16
0.120000,30,0.967810,0.163010,25
0.040000,39,0.918425,0.257303,31
0.300000,19,6.564373,0.036020,16
0.080000,27,3.135458,0.094257,19
0.010000,47,0.379300,0.443510,46
0.160000,23,4.528802,0.077311,19
0.020000,40,0.816466,0.289268,35
0.200000,16,9.043643,0.019620,16
0.120000,33,4.430755,0.097946,31
0.040000,47,1.907555,0.368648,40
0.300000,17,8.615286,0.028543,17
0.080000,38,1.158524,0.223466,29
0.010000,90,0.151170,1.045367,90
0.160000,19,6.965560,0.048900,19
0.020000,68,0.444524,0.721389,67
0.200000,21,2.601270,0.042455,16
0.120000,39,2.971668,0.289179,36
0.040000,36,1.542951,0.198567,27
0.300000,18,10.632992,0.032522,16
0.080000,60,1.261429,0.575901,54
0.010000,54,1.364386,0.507827,51
0.160000,24,3.516929,0.083535,19
0.020000,38,1.356049,0.257565,31
0.200000,21,5.777901,0.044471,16
0.120000,28,4.999999,0.088073,18
0.040000,37,2.071465,0.240525,30
0.300000,16,6.933313,0.016427,16
0.080000,26,1.696550,0.125927,22
0.010000,29,6.534670,0.064326,28
0.160000,16,5.152846,0.016910,16
0.020000,49,1.059682,0.427053,45
0.200000,17,4.497100,0.029788,17
0.120000,29,3.350722,0.164165,25
0.040000,44,0.800842,0.294108,32
0.300000,17,5.305438,0.028619,17
0.080000,26,3.229691,0.084921,18
0.010000,63,0.186429,0.672658,63
0.160000,22,3.786746,0.142008,20
0.020000,46,0.616961,0.399764,44
0.200000,22,6.866341,0.081432,19
0.120000,25,6.923171,0.083334,19
0.040000,58,0.533430,0.721934,51
0.300000,17,7.872932,0.029879,16
0.080000,28,2.958191,0.152538,25
0.010000,63,1.163505,0.661712,63
0.160000,19,8.111910,0.047723,17
0.020000,47,0.710008,0.385220,41
0.200000,23,5.643887,0.060815,17
0.120000,31,2.482871,0.173989,26
0.040000,43,0.932954,0.355383,40
0.300000,35,3.179555,0.157012,22
0.080000,30,3.014363,0.121260,21
0.010000,57,1.535554,0.576940,57
0.160000,27,5.463733,0.102772,19
0.020000,54,0.950763,0.528305,53
0.200000,16,5.271806,0.016948,16
0.120000,31,4.189942,0.173114,26
0.040000,34,1.071513,0.161814,23
0.300000,15,11.756272,0.004579,15
0.080000,30,2.275573,0.163358,25
0.010000,83,0.244839,0.942646,80
0.160000,20,7.838373,0.058146,18
0.020000,43,1.357119,0.292432,33
0.200000,22,4.426449,0.081088,20
0.120000,27,2.188422,0.119633,21
0.040000,34,1.644412,0.211641,29
0.300000,17,7.892864,0.029298,16
0.080000,31,2.775563,0.187855,27
0.010000,42,0.641156,0.302628,34
0.160000,21,5.008596,0.060745,18
0.020000,46,2.670210,0.396593,43
0.200000,16,7.872859,0.016884,16
0.120000,32,1.416987,0.199120,28
0.040000,33,2.248599,0.160935,24
0.300000,17,6.983770,0.032177,16
0.080000,23,4.427510,0.058931,17
0.010000,58,0.298858,0.599678,58
0.160000,24,4.991291,0.070445,18
0.020000,37,1.586997,0.228643,29
0.200000,17,7.035779,0.028459,17
0.120000,23,2.918689,0.050858,16
0.040000,38,1.330970,0.270627,33
0.300000,16,7.420481,0.017039,15
0.080000,38,2.780370,0.291354,35
0.010000,44,0.429266,0.330212,35
0.160000,20,4.036977,0.068638,20
0.020000,35,1.859969,0.233694,30
0.200000,25,3.874435,0.099495,20
0.120000,24,5.112551,0.086263,19
0.040000,39,2.461192,0.229699,29
0.300000,15,6.785703,0.004855,15
0.080000,25,2.716975,0.096568,20
0.010000,30,2.266195,0.173269,26
0.160000,22,4.590182,0.088034,22
0.020000,38,2.035012,0.265031,33
0.200000,23,3.684769,0.069622,18
0.120000,23,4.861013,0.087225,20
0.040000,37,1.374056,0.187158,25
0.300000,18,7.518332,0.041662,18
0.080000,29,2.116650,0.177769,29
0.010000,82,0.552209,0.901097,78
0.160000,17,6.695143,0.029337,16
0.020000,39,1.943046,0.274390,32
0.200000,15,5.717552,0.004659,15
0.120000,24,3.836003,0.091034,20
0.040000,43,1.126839,0.337348,37
0.300000,23,4.656029,0.062403,17
0.080000,26,4.752603,0.142738,25
0.010000,64,0.446622,0.600339,54
0.160000,21,3.285840,0.061687,18
0.020000,35,0.788848,0.175655,24
0.200000,18,4.976337,0.032011,16
0.120000,23,4.744892,0.086024,20
0.040000,28,1.177340,0.117383,21
0.300000,18,6.914199,0.033206,16
0.080000,33,2.715566,0.091731,30
0.010000,46,1.248904,0.386829,42
0.160000,26,3.261550,0.019871,24
0.020000,57,0.662785,0.460247,45
0.200000,17,6.444827,0.029943,16
0.120000,24,3.341254,0.091922,20
0.040000,32,2.392388,0.168599,25
0.300000,17,4.885564,0.020538,15
0.080000,29,1.646157,0.128886,22
0.010000,52,0.290382,0.456951,46
0.160000,27,4.977674,0.081631,18
0.020000,39,1.484928,0.302592,35
0.200000,16,6.760551,0.017309,15
0.120000,28,4.156101,0.159922,26
0.040000,34,2.167697,0.205246,28
0.300000,15,7.172586,0.004782,15
0.080000,31,1.730021,0.127089,21
0.010000,79,0.539870,0.905330,78
0.160000,25,6.665605,0.095243,19
0.020000,53,0.588239,0.459941,47
0.200000,19,7.772969,0.058083,18
0.120000,27,2.820664,0.101473,20
0.040000,51,0.853691,0.473885,51
0.300000,15,4.391384,0.004601,15
0.080000,28,1.832509,0.135316,23
0.010000,65,0.339033,0.680053,65
0.160000,24,3.241937,0.110715,22
0.020000,54,0.276451,0.483884,49
0.200000,18,7.081481,0.040348,17
0.120000,23,2.731268,0.058934,17
0.040000,27,2.158689,0.111582,21
0.300000,17,7.486276,0.030149,16
0.080000,25,2.687080,0.091719,19
0.010000,28,2.621573,0.006225,22
0.160000,17,5.611119,0.029647,16
0.020000,51,0.436778,0.485267,51
0.200000,19,5.920196,0.052966,19
0.120000,24,3.253195,0.101189,21
0.040000,36,1.982523,0.162855,22
0.300000,16,7.413079,0.017209,15
0.080000,26,3.560279,0.139629,25
0.010000,32,1.916242,0.164169,25
0.160000,20,5.083626,0.066542,19
0.020000,39,0.716198,0.256920,31
0.200000,18,5.367803,0.041146,17
0.120000,23,3.266205,0.061684,17
0.040000,31,3.509080,0.183748,27
0.300000,16,6.724954,0.020295,16
0.080000,26,2.347998,0.129041,23
0.010000,38,1.986055,0.235846,30
0.160000,23,3.287788,0.058774,17
0.020000,31,1.478669,0.154183,24
0.200000,15,7.637082,0.004499,15
0.120000,28,3.664866,0.129640,22
0.040000,43,2.472901,0.391998,42
0.300000,20,3.584621,0.069183,19
0.080000,35,1.482081,0.204090,27
0.010000,35,2.569713,0.183797,25
0.160000,23,7.080310,0.060009,17
0.020000,37,1.125967,0.257128,31
0.200000,18,5.579641,0.024715,15
0.120000,22,3.960752,0.045981,16
0.040000,43,1.578981,0.352466,39
0.300000,16,7.807758,0.016883,16
0.080000,34,4.317641,0.203796,28
0.010000,43,0.427969,0.338418,36
0.160000,18,4.568553,0.033524,16
0.020000,76,0.728220,0.864690,76
0.200000,17,5.326520,0.033041,16
0.120000,24,4.406507,0.075501,18
0.040000,47,1.330801,0.346698,37
0.300000,17,5.933916,0.029323,16
0.080000,25,3.371297,0.124338,23
0.010000,77,0.024184,0.853808,77
0.160000,25,2.825353,0.109315,22
0.020000,37,1.116014,0.236790,30
0.200000,16,7.046106,0.016642,16
0.120000,25,2.659783,0.137814,25
0.040000,38,1.063160,0.292880,36
0.300000,17,4.583692,0.020394,15
0.080000,26,3.332934,0.107862,21
0.010000,36,2.316906,0.233135,30
0.160000,20,3.266033,0.039598,16
0.020000,39,1.057931,0.249318,31
0.200000,19,4.179680,0.054017,18
0.120000,21,5.463200,0.051694,17
0.040000,38,2.587389,0.223938,28
0.300000,15,10.143927,0.004691,15
0.080000,25,2.818134,0.113250,22
0.010000,48,1.261143,0.420742,44
0.160000,28,3.021640,0.154953,26
0.020000,32,2.963764,0.206509,29
0.200000,18,6.778932,0.040749,18
0.120000,32,2.964932,0.194991,28
0.040000,32,1.284217,0.173947,25
0.300000,19,6.099013,0.047436,18
0.080000,30,2.174916,0.131984,22
0.010000,59,0.602187,0.597638,58
0.160000,24,5.065929,0.118591,22
0.020000,32,3.419622,0.214587,32
0.200000,18,5.249126,0.032315,16
0.120000,25,4.739385,0.092000,19
0.040000,50,0.354472,0.503401,48
0.300000,16,7.104536,0.011489,16
0.080000,22,5.654391,0.046280,16
0.010000,85,0.261000,0.956868,81
0.160000,21,4.169726,0.042440,16
0.020000,40,1.837467,0.239344,30
0.200000,19,4.184227,0.036509,16
0.120000,20,3.360958,0.048058,17
0.040000,52,0.458092,0.507902,51
0.300000,16,6.653818,0.016770,16
0.080000,28,5.909826,0.105247,20
0.010000,53,1.225823,0.447923,43
0.160000,25,2.166778,0.082304,19
0.020000,49,0.589464,0.442608,49
0.200000,16,7.101247,0.016707,16
0.120000,24,2.808983,0.056706,16
0.040000,34,1.917465,0.229583,30
0.300000,17,10.945270,0.020812,15
0.080000,29,1.414784,0.138090,23
0.010000,39,0.802087,0.294461,36
0.160000,18,11.509682,0.040502,18
0.020000,39,1.756546,0.277623,35
0.200000,18,5.282414,0.032742,16
0.120000,20,3.605919,0.056669,18
0.040000,36,2.390381,0.071062,31
0.300000,15,8.307216,0.004581,15
0.080000,26,3.202627,0.091130,19
0.010000,56,0.605697,0.544020,56
0.160000,21,4.693542,0.060948,18
0.020000,33,1.533113,0.201022,27
0.200000,16,5.319997,0.017480,15
0.120000,32,2.534570,0.186863,27
0.040000,37,1.908986,0.263877,33
0.300000,16,5.823834,0.017017,16
0.080000,21,6.410919,0.069123,19
0.010000,61,0.146490,0.139189,60
0.160000,23,5.320170,0.098119,21
0.020000,52,0.872718,0.489676,52
0.200000,17,9.157453,0.032125,17
0.120000,23,5.836868,0.061240,17
0.040000,68,0.412750,0.687446,63
0.300000,15,4.947881,0.004903,15
0.080000,37,1.637770,0.257514,33
0.010000,32,4.688969,0.031227,31
0.160000,22,3.503533,0.076759,19
0.020000,49,0.311034,0.448708,49
0.200000,16,7.196920,0.016811,16
0.120000,19,3.526374,0.045541,17
0.040000,32,1.512501,0.161688,24
0.300000,16,5.931842,0.016680,16
0.080000,31,2.653034,0.190335,28
0.010000,91,0.362561,1.064488,91
0.160000,22,3.925191,0.055179,17
0.020000,59,1.130340,0.587873,58
0.200000,21,4.897686,0.034882,15
0.120000,22,4.907771,0.088712,20
0.040000,40,0.520647,0.288976,35
0.300000,19,5.628669,0.033136,15
0.080000,24,2.579678,0.074114,18
0.010000,35,0.983455,0.212175,28
0.160000,29,2.885171,0.133254,23
0.020000,51,0.314735,0.506227,50
0.200000,19,4.563539,0.036362,16
0.120000,26,2.238879,0.130841,23
0.040000,26,3.472256,0.113338,22
0.300000,16,6.922370,0.016905,16
0.080000,29,2.626342,0.109039,20
0.010000,31,5.610740,0.068094,30
0.160000,19,5.703190,0.045090,17
0.020000,47,0.960764,0.457099,46
0.200000,21,4.650280,0.042466,16
0.120000,22,5.330028,0.059731,17
0.040000,35,2.162237,0.209747,28
0.300000,17,6.445430,0.029178,17
0.080000,30,1.120744,0.143797,23
0.010000,49,1.125690,0.437025,46
0.160000,17,5.700055,0.029235,16
0.020000,52,0.145350,0.501423,50
0.200000,19,8.296835,0.053636,18
0.120000,25,5.250376,0.126761,22
0.040000,21,5.612042,0.071209,21
0.300000,17,6.202200,0.021099,15
0.080000,35,1.338470,0.201450,28
0.010000,28,3.264996,0.151503,24
0.160000,21,4.191739,0.043195,16
0.020000,48,1.397471,0.415231,44
0.200000,17,3.521410,0.020626,15
0.120000,22,4.758647,0.055634,17
0.040000,32,1.183864,0.168124,25
0.300000,16,6.423821,0.016847,16
0.080000,23,5.217080,0.110190,23
0.010000,46,1.822371,0.396482,46
0.160000,18,4.892140,0.032592,16
0.020000,46,0.864736,0.373103,39
0.200000,17,6.425042,0.028960,17
0.120000,21,4.340893,0.078841,20
0.040000,34,2.241255,0.194513,27
0.300000,19,4.673450,0.036090,16
0.080000,26,2.997239,0.108483,21
0.010000,46,2.952631,0.065832,44
0.160000,19,5.223765,0.045450,17
0.020000,48,1.635200,0.401345,43
0.200000,21,3.264073,0.077092,20
0.120000,30,2.829847,0.171244,27
0.040000,30,3.206385,0.147651,23
0.300000,19,10.908814,0.045207,17
0.080000,30,3.790939,0.117028,19
0.010000,48,0.894755,0.062931,46
0.160000,16,7.144566,0.016198,16
0.020000,39,1.206175,0.256973,31
0.200000,18,3.357546,0.040031,18
0.120000,27,3.672904,0.092959,19
0.040000,51,0.844273,0.394954,41
0.300000,17,4.969870,0.020382,15
0.080000,28,2.363547,0.115104,21
0.010000,31,3.597627,0.155181,24
0.160000,22,3.343813,0.049201,16
0.020000,38,1.957335,0.241624,30
0.200000,17,8.323477,0.028661,17
0.120000,33,3.768147,0.167431,25
0.040000,38,0.835354,0.186114,24
0.300000,15,8.839702,0.005129,15
0.080000,29,2.581784,0.172477,26
0.010000,40,2.350525,0.283791,34
0.160000,18,6.842634,0.036236,16
0.020000,40,0.514545,0.267083,32
0.200000,22,4.559123,0.076948,19
0.120000,22,6.897182,0.091286,20
0.040000,39,1.071621,0.253201,31
0.300000,17,8.507859,0.030329,16
0.080000,37,1.703863,0.236604,30
0.010000,58,0.300673,0.528575,51
0.160000,20,7.027400,0.057093,18
0.020000,58,0.542631,0.591713,57
0.200000,18,6.115006,0.032558,16
0.120000,32,3.496066,0.171769,25
0.040000,32,1.349664,0.137340,22
0.300000,17,3.898638,0.029060,16
0.080000,24,3.102581,0.121630,23
0.010000,32,2.243482,0.193293,28
0.160000,33,3.500154,0.223128,31
0.020000,32,1.294019,0.153237,23
0.200000,24,5.256842,0.089617,20
0.120000,30,2.475189,0.136031,23
0.040000,41,1.053521,0.310708,37
0.300000,17,6.393363,0.028966,16
0.080000,34,4.780761,0.197054,26
0.010000,57,1.282976,0.568380,57
0.160000,27,4.099584,0.125762,23
0.020000,72,1.227845,0.716044,61
0.200000,20,7.794453,0.039106,16
0.120000,25,2.235681,0.093011,20
0.040000,33,1.831952,0.182675,26
0.300000,19,6.564197,0.045016,17
0.080000,24,3.311464,0.121572,22
0.010000,41,1.414324,0.343313,40
0.160000,25,2.188814,0.086724,19
0.020000,41,1.398133,0.314309,37
0.200000,20,6.274227,0.053918,17
0.120000,27,2.059625,0.120563,22
0.040000,28,4.021779,0.155414,25
0.300000,18,7.439169,0.032820,16
0.080000,29,6.016982,0.103722,19
0.010000,48,0.251137,0.333461,34
0.160000,23,3.274225,0.071626,18
0.020000,45,0.648647,0.384371,43
0.200000,17,4.565649,0.020434,15
0.120000,37,2.912855,0.225259,30
0.040000,61,1.095822,0.654219,61
0.300000,17,6.181681,0.029186,16
0.080000,26,6.560085,0.101292,20
0.010000,69,0.143852,0.741376,67
0.160000,18,8.318106,0.042024,17
0.020000,86,2.382843,0.985313,85
0.200000,20,5.317018,0.047613,17
0.120000,23,2.897931,0.095605,21
0.040000,43,1.227293,0.296467,35
0.300000,16,7.249981,0.016963,15
0.080000,30,2.505529,0.178732,26
0.010000,61,1.742292,0.641850,58
0.160000,21,3.582309,0.060208,18
0.020000,54,1.674048,0.463918,46
0.200000,19,4.286269,0.055017,18
0.120000,23,5.062348,0.077290,19
0.040000,43,0.670719,0.316463,36
0.300000,17,6.293112,0.028885,16
0.080000,31,2.137858,0.175344,26
0.010000,37,1.513167,0.263212,33
0.160000,16,5.690990,0.017572,15
0.020000,36,2.752056,0.277857,35
0.200000,17,7.551188,0.020231,15
0.120000,26,6.110766,0.143420,25
0.040000,74,0.104842,0.815513,74
0.300000,19,9.170935,0.035652,16
0.080000,40,2.609953,0.330772,37
0.010000,45,0.607820,0.331420,36
0.160000,21,4.702825,0.052332,17
0.020000,39,1.444154,0.202468,25
0.200000,16,5.469947,0.011265,16
0.120000,50,1.132389,0.468212,48
0.040000,38,0.694345,0.271393,33
0.300000,15,5.332144,0.004537,15
0.080000,32,2.608649,0.180469,26
0.010000,34,2.822628,0.235439,30
0.160000,25,3.344579,0.076656,18
0.020000,39,0.970289,0.279121,37
0.200000,24,3.894819,0.078711,19
0.120000,22,4.250586,0.090320,21
0.040000,52,0.504942,0.491183,49
0.300000,16,4.496845,0.016871,16
0.080000,36,2.581089,0.260949,34
0.010000,59,0.579143,0.577002,54
0.160000,21,4.576146,0.060327,18
0.020000,67,0.286504,0.731859,66
0.200000,22,4.657795,0.046517,16
0.120000,25,3.155512,0.131069,23
0.040000,28,2.367534,0.104979,20
0.300000,15,5.084655,0.004661,15
0.080000,33,2.913893,0.180503,26
0.010000,57,0.241896,0.275094,57
0.160000,23,6.389410,0.078509,19
0.020000,54,0.828973,0.529212,51
0.200000,21,3.786435,0.054420,17
0.120000,32,3.177978,0.200130,29
0.040000,45,1.087255,0.396614,44
0.300000,16,6.298098,0.017408,16
0.080000,23,3.798985,0.107378,22
0.010000,49,0.785509,0.441762,47
0.160000,17,6.023078,0.019974,15
0.020000,44,0.561114,0.396416,43
0.200000,16,6.764995,0.016501,16
0.120000,34,2.121386,0.173586,29
0.040000,69,0.892761,0.758674,68
0.300000,16,9.752439,0.020694,16
0.080000,35,1.183298,0.170718,24
0.010000,28,5.163517,0.083175,28
0.160000,21,5.076204,0.069294,19
0.020000,40,1.645103,0.290503,36
0.200000,17,4.306389,0.028554,16
0.120000,25,6.516377,0.059589,16
0.040000,33,0.880781,0.155948,23
0.300000,16,8.262009,0.017134,16
0.080000,21,3.930667,0.018741,20
0.010000,66,0.554002,0.719268,65
0.160000,21,4.242787,0.078811,20
0.020000,36,1.504640,0.212680,28
0.200000,20,6.657537,0.054011,17
0.120000,25,3.624672,0.126952,23
0.040000,30,3.173786,0.121329,21
0.300000,16,8.210094,0.016750,16
0.080000,28,5.102461,0.169052,28
0.010000,56,0.444905,0.575850,54
0.160000,20,3.113333,0.056550,18
0.020000,70,0.428784,0.698580,60
0.200000,19,5.022804,0.045059,17
0.120000,24,2.733736,0.115794,23
0.040000,28,1.432273,0.111537,20
0.300000,16,6.707424,0.017330,15
0.080000,25,3.346720,0.099660,20
0.010000,46,0.923818,0.299359,32
0.160000,19,6.993444,0.054435,18
0.020000,59,0.174748,0.592503,57
0.200000,23,4.710125,0.085598,19
0.120000,25,5.118241,0.127664,24
0.040000,49,1.186202,0.394197,43
0.300000,16,5.082631,0.017075,15
0.080000,28,0.462525,0.104303,20
0.010000,42,0.180013,0.348147,38
0.160000,18,5.218508,0.031964,16
0.020000,52,0.722179,0.463868,45
0.200000,20,5.362323,0.048961,17
0.120000,24,1.671741,0.080443,19
0.040000,30,1.502498,0.123345,21
0.300000,17,10.144832,0.021041,15
0.080000,32,1.122004,0.153547,23
0.010000,76,1.541229,0.820668,76
0.160000,23,3.079502,0.086404,20
0.020000,47,0.647249,0.356353,38
0.200000,19,5.552739,0.027301,15
0.120000,22,4.835641,0.071746,19
0.040000,27,5.667279,0.094786,19
0.300000,16,6.064729,0.016813,15
0.080000,29,2.236427,0.144877,23
0.010000,38,1.021542,0.274256,35
0.160000,21,4.376253,0.079317,21
0.020000,35,1.497170,0.161164,23
0.200000,19,3.959958,0.053592,18
0.120000,30,3.477373,0.125360,21
0.040000,37,1.289923,0.167008,23
0.300000,16,6.166016,0.016676,16
0.080000,22,5.818160,0.082117,19
0.010000,60,0.224982,0.613511,59
0.160000,30,4.592951,0.172559,27
0.020000,47,1.183742,0.397626,43
0.200000,20,3.588074,0.066602,18
0.120000,22,2.855645,0.069119,18
0.040000,31,2.059730,0.159296,24
0.300000,18,8.014306,0.023764,15
0.080000,27,1.716804,0.109402,21
0.010000,52,0.420826,0.510087,51
0.160000,22,3.451149,0.091135,21
0.020000,54,0.410056,0.498427,51
0.200000,21,6.225581,0.044684,16
0.120000,26,2.383261,0.097303,20
0.040000,34,2.803534,0.232851,31
0.300000,16,5.556173,0.011536,16
0.080000,28,3.062951,0.148205,25
0.010000,50,0.544777,0.452004,45
0.160000,22,3.299241,0.056355,17
0.020000,33,2.219914,0.219430,29
0.200000,21,7.026694,0.061483,18
0.120000,21,3.616383,0.068810,19
0.040000,41,1.522645,0.322633,38
0.300000,17,6.409046,0.029393,16
0.080000,23,2.523487,0.079620,19
0.010000,59,1.222128,0.579598,59
0.160000,19,4.669082,0.057080,18
0.020000,28,3.502660,0.137048,23
0.200000,27,5.587188,0.093674,19
0.120000,21,4.847058,0.060871,18
0.040000,29,4.153908,0.140663,23
0.300000,15,8.791209,0.004662,15
0.080000,26,4.098651,0.126734,23
0.010000,85,0.166561,0.987127,85
0.160000,26,2.903761,0.135260,24
0.020000,35,2.655466,0.197365,27
0.200000,18,7.906130,0.023647,15
0.120000,29,3.170070,0.152747,25
0.040000,59,2.004005,0.585812,56
0.300000,18,4.829908,0.040520,17
0.080000,33,2.472944,0.165475,25
0.010000,73,0.197454,0.768382,66
0.160000,17,6.232015,0.032999,16
